<?xml version="1.0" encoding="UTF-8"?>
<osm version="0.6" generator="openstreetmap-cgimap 2.1.0 (4094051 spike-08.openstreetmap.org)" copyright="OpenStreetMap and contributors" attribution="http://www.openstreetmap.org/copyright" license="http://opendatacommons.org/licenses/odbl/1-0/">
 <bounds minlat="19.0654030" minlon="-98.1747720" maxlat="19.0722580" maxlon="-98.1613610"/>
 <node id="292243995" visible="true" version="14" changeset="839006" timestamp="2009-03-21T03:19:11Z" user="Yorx" uid="101422" lat="19.0707961" lon="-98.1751729">
  <tag k="created_by" v="Merkaartor 0.12"/>
 </node>
 <node id="292244454" visible="true" version="15" changeset="100083729" timestamp="2021-02-27T06:02:59Z" user="Taxila" uid="8976529" lat="19.0748796" lon="-98.1799512">
  <tag k="railway" v="level_crossing"/>
 </node>
 <node id="292244455" visible="true" version="15" changeset="19167502" timestamp="2013-11-28T21:06:35Z" user="tlacuilo" uid="58410" lat="19.0735747" lon="-98.1774894"/>
 <node id="292244456" visible="true" version="14" changeset="839006" timestamp="2009-03-21T03:19:12Z" user="Yorx" uid="101422" lat="19.0732135" lon="-98.1770440">
  <tag k="created_by" v="Merkaartor 0.12"/>
 </node>
 <node id="292244457" visible="true" version="14" changeset="839006" timestamp="2009-03-21T03:19:12Z" user="Yorx" uid="101422" lat="19.0727917" lon="-98.1765033">
  <tag k="created_by" v="Merkaartor 0.12"/>
 </node>
 <node id="292244459" visible="true" version="15" changeset="19167502" timestamp="2013-11-28T21:06:35Z" user="tlacuilo" uid="58410" lat="19.0720837" lon="-98.1759111"/>
 <node id="292244464" visible="true" version="15" changeset="19167502" timestamp="2013-11-28T21:06:35Z" user="tlacuilo" uid="58410" lat="19.0634170" lon="-98.1703127"/>
 <node id="292244725" visible="true" version="16" changeset="62357788" timestamp="2018-09-06T23:31:06Z" user="chachafish" uid="2237750" lat="19.0642849" lon="-98.1716490"/>
 <node id="292244727" visible="true" version="15" changeset="19167502" timestamp="2013-11-28T21:06:36Z" user="tlacuilo" uid="58410" lat="19.0637384" lon="-98.1709845"/>
 <node id="292244728" visible="true" version="15" changeset="19167502" timestamp="2013-11-28T21:06:36Z" user="tlacuilo" uid="58410" lat="19.0635600" lon="-98.1706862"/>
 <node id="292244729" visible="true" version="14" changeset="839006" timestamp="2009-03-21T03:19:10Z" user="Yorx" uid="101422" lat="19.0633167" lon="-98.1699028">
  <tag k="created_by" v="Merkaartor 0.12"/>
 </node>
 <node id="306465740" visible="true" version="6" changeset="99489152" timestamp="2021-02-18T04:37:28Z" user="ElYunque" uid="9090151" lat="19.0660815" lon="-98.1752577"/>
 <node id="306465742" visible="true" version="5" changeset="81146832" timestamp="2020-02-18T04:06:54Z" user="natureandchill" uid="9565120" lat="19.0664760" lon="-98.1731376"/>
 <node id="306466094" visible="true" version="2" changeset="81146832" timestamp="2020-02-18T04:06:54Z" user="natureandchill" uid="9565120" lat="19.0677062" lon="-98.1737843"/>
 <node id="306466095" visible="true" version="4" changeset="104660722" timestamp="2021-05-13T22:01:39Z" user="BlueButterfly" uid="11601527" lat="19.0671158" lon="-98.1749694"/>
 <node id="306466096" visible="true" version="7" changeset="104660722" timestamp="2021-05-13T22:01:39Z" user="BlueButterfly" uid="11601527" lat="19.0660506" lon="-98.1751056"/>
 <node id="306466103" visible="true" version="7" changeset="99489152" timestamp="2021-02-18T04:37:28Z" user="ElYunque" uid="9090151" lat="19.0663946" lon="-98.1760618"/>
 <node id="401295326" visible="true" version="4" changeset="115247528" timestamp="2021-12-22T10:23:11Z" user="ObRiver" uid="10529631" lat="19.0748011" lon="-98.1640207"/>
 <node id="401295330" visible="true" version="4" changeset="115247528" timestamp="2021-12-22T10:23:11Z" user="ObRiver" uid="10529631" lat="19.0746435" lon="-98.1641310"/>
 <node id="401295692" visible="true" version="6" changeset="137965018" timestamp="2023-06-30T16:06:32Z" user="Ferrocarriles de México" uid="19456985" lat="19.0612150" lon="-98.1543792">
  <tag k="railway" v="level_crossing"/>
  <tag k="source" v="Bing"/>
 </node>
 <node id="410053475" visible="true" version="3" changeset="106837928" timestamp="2021-06-23T12:20:38Z" user="Dublarchar" uid="12652995" lat="19.0729865" lon="-98.1751914"/>
 <node id="410053476" visible="true" version="4" changeset="106837928" timestamp="2021-06-23T12:20:38Z" user="Dublarchar" uid="12652995" lat="19.0716034" lon="-98.1736071"/>
 <node id="410053478" visible="true" version="3" changeset="106837928" timestamp="2021-06-23T12:20:38Z" user="Dublarchar" uid="12652995" lat="19.0725225" lon="-98.1746916"/>
 <node id="410053500" visible="true" version="4" changeset="95563579" timestamp="2020-12-09T15:52:40Z" user="Baconcrisp" uid="3778777" lat="19.0662611" lon="-98.1711296">
  <tag k="crossing" v="uncontrolled"/>
  <tag k="highway" v="crossing"/>
 </node>
 <node id="410053501" visible="true" version="3" changeset="86252165" timestamp="2020-06-05T15:38:36Z" user="DRM150" uid="10627270" lat="19.0672257" lon="-98.1709970"/>
 <node id="410053502" visible="true" version="3" changeset="86252165" timestamp="2020-06-05T15:38:36Z" user="DRM150" uid="10627270" lat="19.0681452" lon="-98.1707640"/>
 <node id="410053512" visible="true" version="6" changeset="104585596" timestamp="2021-05-12T16:28:15Z" user="BlueButterfly" uid="11601527" lat="19.0726173" lon="-98.1700908"/>
 <node id="410053515" visible="true" version="3" changeset="62387743" timestamp="2018-09-07T20:30:52Z" user="chachafish" uid="2237750" lat="19.0706007" lon="-98.1677059"/>
 <node id="410053523" visible="true" version="3" changeset="99801612" timestamp="2021-02-23T07:43:17Z" user="BeniHammad" uid="10461114" lat="19.0738804" lon="-98.1648792"/>
 <node id="410053530" visible="true" version="3" changeset="62387743" timestamp="2018-09-07T20:30:52Z" user="chachafish" uid="2237750" lat="19.0706528" lon="-98.1677670"/>
 <node id="410053531" visible="true" version="4" changeset="86252165" timestamp="2020-06-05T15:38:36Z" user="DRM150" uid="10627270" lat="19.0715867" lon="-98.1704141"/>
 <node id="410053532" visible="true" version="3" changeset="86252165" timestamp="2020-06-05T15:38:36Z" user="DRM150" uid="10627270" lat="19.0680063" lon="-98.1708960"/>
 <node id="410053533" visible="true" version="7" changeset="99493925" timestamp="2021-02-18T05:54:42Z" user="AlumRock" uid="10353523" lat="19.0673726" lon="-98.1710600"/>
 <node id="410053538" visible="true" version="3" changeset="99801612" timestamp="2021-02-23T07:43:17Z" user="BeniHammad" uid="10461114" lat="19.0740884" lon="-98.1651359"/>
 <node id="410053545" visible="true" version="5" changeset="94723529" timestamp="2020-11-24T18:26:39Z" user="(Inactive) hairyhaggis_kaart" uid="10541438" lat="19.0716941" lon="-98.1668692"/>
 <node id="410053551" visible="true" version="3" changeset="95495783" timestamp="2020-12-08T15:12:17Z" user="ReedtheRiver" uid="9965337" lat="19.0728981" lon="-98.1681323"/>
 <node id="410053553" visible="true" version="5" changeset="104537225" timestamp="2021-05-11T22:21:47Z" user="BlueButterfly" uid="11601527" lat="19.0695099" lon="-98.1639250"/>
 <node id="410053554" visible="true" version="5" changeset="104537225" timestamp="2021-05-11T22:21:47Z" user="BlueButterfly" uid="11601527" lat="19.0694631" lon="-98.1639809"/>
 <node id="410053555" visible="true" version="5" changeset="104585596" timestamp="2021-05-12T16:28:15Z" user="BlueButterfly" uid="11601527" lat="19.0728803" lon="-98.1681927"/>
 <node id="410053559" visible="true" version="3" changeset="99801612" timestamp="2021-02-23T07:43:17Z" user="BeniHammad" uid="10461114" lat="19.0716171" lon="-98.1629421"/>
 <node id="410053560" visible="true" version="3" changeset="62387743" timestamp="2018-09-07T20:30:51Z" user="chachafish" uid="2237750" lat="19.0759735" lon="-98.1682937"/>
 <node id="410053561" visible="true" version="4" changeset="95497634" timestamp="2020-12-08T15:52:38Z" user="ReedtheRiver" uid="9965337" lat="19.0763529" lon="-98.1683402"/>
 <node id="410053571" visible="true" version="4" changeset="79392513" timestamp="2020-01-09T20:52:40Z" user="MMantlo" uid="9375460" lat="19.0707788" lon="-98.1612009"/>
 <node id="410053576" visible="true" version="4" changeset="99801612" timestamp="2021-02-23T07:43:17Z" user="BeniHammad" uid="10461114" lat="19.0714796" lon="-98.1608978"/>
 <node id="410053577" visible="true" version="4" changeset="99801612" timestamp="2021-02-23T07:43:17Z" user="BeniHammad" uid="10461114" lat="19.0715706" lon="-98.1610769"/>
 <node id="410053715" visible="true" version="5" changeset="104594712" timestamp="2021-05-12T19:36:59Z" user="BlueButterfly" uid="11601527" lat="19.0713810" lon="-98.1612384"/>
 <node id="410053720" visible="true" version="2" changeset="132901747" timestamp="2023-02-22T22:12:47Z" user="HurricaneGator" uid="10147122" lat="19.0748740" lon="-98.1660488"/>
 <node id="410053722" visible="true" version="3" changeset="101089665" timestamp="2021-03-16T05:22:40Z" user="BeniHammad" uid="10461114" lat="19.0764661" lon="-98.1678281"/>
 <node id="410053789" visible="true" version="3" changeset="62387743" timestamp="2018-09-07T20:30:51Z" user="chachafish" uid="2237750" lat="19.0753308" lon="-98.1668344"/>
 <node id="410053790" visible="true" version="3" changeset="104585596" timestamp="2021-05-12T16:28:15Z" user="BlueButterfly" uid="11601527" lat="19.0730090" lon="-98.1658757"/>
 <node id="410053792" visible="true" version="2" changeset="62387743" timestamp="2018-09-07T20:30:51Z" user="chachafish" uid="2237750" lat="19.0742152" lon="-98.1661359"/>
 <node id="410053818" visible="true" version="5" changeset="104585596" timestamp="2021-05-12T16:28:15Z" user="BlueButterfly" uid="11601527" lat="19.0724996" lon="-98.1663292"/>
 <node id="410053850" visible="true" version="4" changeset="104585596" timestamp="2021-05-12T16:28:15Z" user="BlueButterfly" uid="11601527" lat="19.0726994" lon="-98.1660302"/>
 <node id="410053851" visible="true" version="5" changeset="99801612" timestamp="2021-02-23T07:43:17Z" user="BeniHammad" uid="10461114" lat="19.0705601" lon="-98.1634175"/>
 <node id="410053852" visible="true" version="4" changeset="104537225" timestamp="2021-05-11T22:21:47Z" user="BlueButterfly" uid="11601527" lat="19.0690051" lon="-98.1658725"/>
 <node id="410053853" visible="true" version="4" changeset="104585596" timestamp="2021-05-12T16:28:15Z" user="BlueButterfly" uid="11601527" lat="19.0713297" lon="-98.1637871"/>
 <node id="410053854" visible="true" version="4" changeset="104585596" timestamp="2021-05-12T16:28:15Z" user="BlueButterfly" uid="11601527" lat="19.0721716" lon="-98.1636167"/>
 <node id="410053855" visible="true" version="5" changeset="104537225" timestamp="2021-05-11T22:21:47Z" user="BlueButterfly" uid="11601527" lat="19.0699466" lon="-98.1669705"/>
 <node id="410053856" visible="true" version="3" changeset="104585596" timestamp="2021-05-12T16:28:15Z" user="BlueButterfly" uid="11601527" lat="19.0728048" lon="-98.1643911"/>
 <node id="410053883" visible="true" version="2" changeset="10850914" timestamp="2012-03-02T18:06:13Z" user="Yorx" uid="101422" lat="19.0707670" lon="-98.1672910"/>
 <node id="410053884" visible="true" version="3" changeset="94723529" timestamp="2020-11-24T18:26:39Z" user="(Inactive) hairyhaggis_kaart" uid="10541438" lat="19.0690368" lon="-98.1653157"/>
 <node id="410053885" visible="true" version="4" changeset="104585596" timestamp="2021-05-12T16:28:15Z" user="BlueButterfly" uid="11601527" lat="19.0707884" lon="-98.1662007"/>
 <node id="410054086" visible="true" version="4" changeset="104537225" timestamp="2021-05-11T22:21:47Z" user="BlueButterfly" uid="11601527" lat="19.0691868" lon="-98.1642149"/>
 <node id="410054094" visible="true" version="4" changeset="104537225" timestamp="2021-05-11T22:21:47Z" user="BlueButterfly" uid="11601527" lat="19.0685080" lon="-98.1652917"/>
 <node id="410054095" visible="true" version="5" changeset="94723529" timestamp="2020-11-24T18:26:39Z" user="(Inactive) hairyhaggis_kaart" uid="10541438" lat="19.0693974" lon="-98.1644852"/>
 <node id="410054098" visible="true" version="3" changeset="62387743" timestamp="2018-09-07T20:30:51Z" user="chachafish" uid="2237750" lat="19.0696255" lon="-98.1647821"/>
 <node id="410054099" visible="true" version="2" changeset="81141633" timestamp="2020-02-18T01:23:49Z" user="natureandchill" uid="9565120" lat="19.0699893" lon="-98.1658144"/>
 <node id="410054100" visible="true" version="3" changeset="62387743" timestamp="2018-09-07T20:30:52Z" user="chachafish" uid="2237750" lat="19.0696092" lon="-98.1653365"/>
 <node id="410054101" visible="true" version="4" changeset="94723529" timestamp="2020-11-24T18:26:39Z" user="(Inactive) hairyhaggis_kaart" uid="10541438" lat="19.0706397" lon="-98.1653138"/>
 <node id="410054102" visible="true" version="5" changeset="104585596" timestamp="2021-05-12T16:28:15Z" user="BlueButterfly" uid="11601527" lat="19.0715088" lon="-98.1645338"/>
 <node id="410054103" visible="true" version="4" changeset="104585596" timestamp="2021-05-12T16:28:15Z" user="BlueButterfly" uid="11601527" lat="19.0722377" lon="-98.1643845"/>
 <node id="410054105" visible="true" version="3" changeset="94723529" timestamp="2020-11-24T18:26:39Z" user="(Inactive) hairyhaggis_kaart" uid="10541438" lat="19.0712118" lon="-98.1653213"/>
 <node id="410054144" visible="true" version="5" changeset="104585596" timestamp="2021-05-12T16:28:15Z" user="BlueButterfly" uid="11601527" lat="19.0716325" lon="-98.1659636"/>
 <node id="410054147" visible="true" version="4" changeset="104585596" timestamp="2021-05-12T16:28:15Z" user="BlueButterfly" uid="11601527" lat="19.0727660" lon="-98.1649728"/>
 <node id="410054149" visible="true" version="4" changeset="104585596" timestamp="2021-05-12T16:28:15Z" user="BlueButterfly" uid="11601527" lat="19.0729760" lon="-98.1652449"/>
 <node id="410054152" visible="true" version="5" changeset="104585596" timestamp="2021-05-12T16:28:15Z" user="BlueButterfly" uid="11601527" lat="19.0718726" lon="-98.1662591"/>
 <node id="410054241" visible="true" version="5" changeset="104585596" timestamp="2021-05-12T16:28:15Z" user="BlueButterfly" uid="11601527" lat="19.0712150" lon="-98.1647835"/>
 <node id="410054294" visible="true" version="4" changeset="104585596" timestamp="2021-05-12T16:28:15Z" user="BlueButterfly" uid="11601527" lat="19.0707924" lon="-98.1642596"/>
 <node id="410054295" visible="true" version="3" changeset="94723529" timestamp="2020-11-24T18:26:40Z" user="(Inactive) hairyhaggis_kaart" uid="10541438" lat="19.0709094" lon="-98.1650693"/>
 <node id="410054296" visible="true" version="4" changeset="104585596" timestamp="2021-05-12T16:28:15Z" user="BlueButterfly" uid="11601527" lat="19.0704867" lon="-98.1645367"/>
 <node id="410054364" visible="true" version="4" changeset="104585596" timestamp="2021-05-12T16:28:15Z" user="BlueButterfly" uid="11601527" lat="19.0725074" lon="-98.1690251"/>
 <node id="410054386" visible="true" version="5" changeset="104585596" timestamp="2021-05-12T16:28:15Z" user="BlueButterfly" uid="11601527" lat="19.0720634" lon="-98.1694296"/>
 <node id="410054421" visible="true" version="3" changeset="94725833" timestamp="2020-11-24T19:21:38Z" user="(Inactive) hairyhaggis_kaart" uid="10541438" lat="19.0727962" lon="-98.1687785"/>
 <node id="410054439" visible="true" version="4" changeset="104585596" timestamp="2021-05-12T16:28:15Z" user="BlueButterfly" uid="11601527" lat="19.0723280" lon="-98.1691902"/>
 <node id="410054440" visible="true" version="3" changeset="62387743" timestamp="2018-09-07T20:30:52Z" user="chachafish" uid="2237750" lat="19.0718200" lon="-98.1691364"/>
 <node id="410054441" visible="true" version="4" changeset="81142880" timestamp="2020-02-18T02:11:18Z" user="natureandchill" uid="9565120" lat="19.0715577" lon="-98.1688302"/>
 <node id="410054442" visible="true" version="5" changeset="104585596" timestamp="2021-05-12T16:28:15Z" user="BlueButterfly" uid="11601527" lat="19.0723012" lon="-98.1681406"/>
 <node id="410054443" visible="true" version="5" changeset="104585596" timestamp="2021-05-12T16:28:15Z" user="BlueButterfly" uid="11601527" lat="19.0720583" lon="-98.1678411"/>
 <node id="410054444" visible="true" version="4" changeset="81142880" timestamp="2020-02-18T02:11:18Z" user="natureandchill" uid="9565120" lat="19.0713034" lon="-98.1685333"/>
 <node id="410054445" visible="true" version="5" changeset="104585596" timestamp="2021-05-12T16:28:15Z" user="BlueButterfly" uid="11601527" lat="19.0716925" lon="-98.1673672"/>
 <node id="410054449" visible="true" version="4" changeset="81141633" timestamp="2020-02-18T01:23:49Z" user="natureandchill" uid="9565120" lat="19.0709197" lon="-98.1680763"/>
 <node id="410054450" visible="true" version="5" changeset="104585596" timestamp="2021-05-12T16:28:15Z" user="BlueButterfly" uid="11601527" lat="19.0717785" lon="-98.1680861"/>
 <node id="410054451" visible="true" version="6" changeset="104585596" timestamp="2021-05-12T16:28:15Z" user="BlueButterfly" uid="11601527" lat="19.0713982" lon="-98.1676347"/>
 <node id="410054460" visible="true" version="2" changeset="62387743" timestamp="2018-09-07T20:30:51Z" user="chachafish" uid="2237750" lat="19.0709984" lon="-98.1670517"/>
 <node id="410054461" visible="true" version="4" changeset="104585596" timestamp="2021-05-12T16:28:15Z" user="BlueButterfly" uid="11601527" lat="19.0705170" lon="-98.1664577"/>
 <node id="410054462" visible="true" version="4" changeset="94723529" timestamp="2020-11-24T18:26:40Z" user="(Inactive) hairyhaggis_kaart" uid="10541438" lat="19.0708265" lon="-98.1637228"/>
 <node id="410054464" visible="true" version="4" changeset="104585596" timestamp="2021-05-12T16:28:15Z" user="BlueButterfly" uid="11601527" lat="19.0711340" lon="-98.1634297"/>
 <node id="410054465" visible="true" version="4" changeset="104585596" timestamp="2021-05-12T16:28:15Z" user="BlueButterfly" uid="11601527" lat="19.0718963" lon="-98.1632661"/>
 <node id="410054466" visible="true" version="5" changeset="104537225" timestamp="2021-05-11T22:21:47Z" user="BlueButterfly" uid="11601527" lat="19.0682338" lon="-98.1649515"/>
 <node id="410054467" visible="true" version="4" changeset="104537225" timestamp="2021-05-11T22:21:47Z" user="BlueButterfly" uid="11601527" lat="19.0687721" lon="-98.1644549"/>
 <node id="410054468" visible="true" version="3" changeset="104537225" timestamp="2021-05-11T22:21:47Z" user="BlueButterfly" uid="11601527" lat="19.0697839" lon="-98.1636951"/>
 <node id="410054469" visible="true" version="2" changeset="94725377" timestamp="2020-11-24T19:10:40Z" user="(Inactive) hairyhaggis_kaart" uid="10541438" lat="19.0707891" lon="-98.1632352"/>
 <node id="410054470" visible="true" version="2" changeset="94725377" timestamp="2020-11-24T19:10:40Z" user="(Inactive) hairyhaggis_kaart" uid="10541438" lat="19.0710081" lon="-98.1630549"/>
 <node id="522995792" visible="true" version="4" changeset="152785089" timestamp="2024-06-17T05:10:03Z" user="Ferrocarriles de México" uid="19456985" lat="19.0699921" lon="-98.1747857">
  <tag k="railway" v="level_crossing"/>
  <tag k="source" v="Bing"/>
 </node>
 <node id="522995814" visible="true" version="5" changeset="152785089" timestamp="2024-06-17T05:10:03Z" user="Ferrocarriles de México" uid="19456985" lat="19.0701425" lon="-98.1748653">
  <tag k="railway" v="level_crossing"/>
  <tag k="source" v="Bing"/>
 </node>
 <node id="522995971" visible="true" version="5" changeset="62357788" timestamp="2018-09-06T23:31:06Z" user="chachafish" uid="2237750" lat="19.0640067" lon="-98.1713901">
  <tag k="railway" v="level_crossing"/>
  <tag k="source" v="Bing"/>
 </node>
 <node id="522995993" visible="true" version="5" changeset="62357788" timestamp="2018-09-06T23:31:06Z" user="chachafish" uid="2237750" lat="19.0641048" lon="-98.1715028">
  <tag k="railway" v="level_crossing"/>
  <tag k="source" v="Bing"/>
 </node>
 <node id="522995995" visible="true" version="4" changeset="94723529" timestamp="2020-11-24T18:26:40Z" user="(Inactive) hairyhaggis_kaart" uid="10541438" lat="19.0692889" lon="-98.1656292"/>
 <node id="522995998" visible="true" version="5" changeset="94723529" timestamp="2020-11-24T18:26:40Z" user="(Inactive) hairyhaggis_kaart" uid="10541438" lat="19.0702471" lon="-98.1667034"/>
 <node id="522996004" visible="true" version="5" changeset="81141633" timestamp="2020-02-18T01:23:49Z" user="natureandchill" uid="9565120" lat="19.0714446" lon="-98.1670682"/>
 <node id="522996006" visible="true" version="4" changeset="104585596" timestamp="2021-05-12T16:28:15Z" user="BlueButterfly" uid="11601527" lat="19.0710705" lon="-98.1659506"/>
 <node id="522996009" visible="true" version="4" changeset="104585596" timestamp="2021-05-12T16:28:15Z" user="BlueButterfly" uid="11601527" lat="19.0711199" lon="-98.1659012"/>
 <node id="522996011" visible="true" version="5" changeset="104537225" timestamp="2021-05-11T22:21:47Z" user="BlueButterfly" uid="11601527" lat="19.0702084" lon="-98.1647969"/>
 <node id="522996014" visible="true" version="5" changeset="104537225" timestamp="2021-05-11T22:21:47Z" user="BlueButterfly" uid="11601527" lat="19.0701558" lon="-98.1648362"/>
 <node id="522996016" visible="true" version="3" changeset="62387743" timestamp="2018-09-07T20:30:51Z" user="chachafish" uid="2237750" lat="19.0698806" lon="-98.1650925"/>
 <node id="522996019" visible="true" version="4" changeset="104585596" timestamp="2021-05-12T16:28:15Z" user="BlueButterfly" uid="11601527" lat="19.0722136" lon="-98.1654300"/>
 <node id="522996021" visible="true" version="5" changeset="104585596" timestamp="2021-05-12T16:28:15Z" user="BlueButterfly" uid="11601527" lat="19.0717466" lon="-98.1648342"/>
 <node id="522996024" visible="true" version="4" changeset="104585596" timestamp="2021-05-12T16:28:15Z" user="BlueButterfly" uid="11601527" lat="19.0719806" lon="-98.1651237"/>
 <node id="522996026" visible="true" version="5" changeset="104585596" timestamp="2021-05-12T16:28:15Z" user="BlueButterfly" uid="11601527" lat="19.0710728" lon="-98.1640076"/>
 <node id="522996028" visible="true" version="5" changeset="137965018" timestamp="2023-06-30T16:06:32Z" user="Ferrocarriles de México" uid="19456985" lat="19.0614340" lon="-98.1555672">
  <tag k="railway" v="level_crossing"/>
  <tag k="source" v="Bing"/>
 </node>
 <node id="522996360" visible="true" version="4" changeset="100083729" timestamp="2021-02-27T06:02:59Z" user="Taxila" uid="8976529" lat="19.0748163" lon="-98.1798268">
  <tag k="railway" v="level_crossing"/>
  <tag k="source" v="Bing"/>
 </node>
 <node id="522996389" visible="true" version="3" changeset="104653331" timestamp="2021-05-13T18:13:05Z" user="BlueButterfly" uid="11601527" lat="19.0731923" lon="-98.1770149">
  <tag k="railway" v="level_crossing"/>
  <tag k="source" v="Bing"/>
 </node>
 <node id="522996400" visible="true" version="2" changeset="34677608" timestamp="2015-10-16T15:23:52Z" user="sfrank" uid="18052" lat="19.0724393" lon="-98.1761837">
  <tag k="railway" v="level_crossing"/>
  <tag k="source" v="Bing"/>
 </node>
 <node id="522996743" visible="true" version="6" changeset="104585596" timestamp="2021-05-12T16:28:15Z" user="BlueButterfly" uid="11601527" lat="19.0725489" lon="-98.1684423"/>
 <node id="522996760" visible="true" version="6" changeset="104585596" timestamp="2021-05-12T16:28:15Z" user="BlueButterfly" uid="11601527" lat="19.0724577" lon="-98.1657303"/>
 <node id="522996763" visible="true" version="3" changeset="94725833" timestamp="2020-11-24T19:21:38Z" user="(Inactive) hairyhaggis_kaart" uid="10541438" lat="19.0750149" lon="-98.1671324"/>
 <node id="522996768" visible="true" version="3" changeset="104585596" timestamp="2021-05-12T16:28:15Z" user="BlueButterfly" uid="11601527" lat="19.0735776" lon="-98.1653567"/>
 <node id="522996770" visible="true" version="4" changeset="104585596" timestamp="2021-05-12T16:28:15Z" user="BlueButterfly" uid="11601527" lat="19.0738366" lon="-98.1649802"/>
 <node id="522996773" visible="true" version="5" changeset="104585596" timestamp="2021-05-12T16:28:15Z" user="BlueButterfly" uid="11601527" lat="19.0739751" lon="-98.1651494"/>
 <node id="579085698" visible="true" version="4" changeset="104585596" timestamp="2021-05-12T16:28:15Z" user="BlueButterfly" uid="11601527" lat="19.0714100" lon="-98.1669729"/>
 <node id="771201234" visible="true" version="1" changeset="4976612" timestamp="2010-06-13T09:11:24Z" user="kalgan_5" uid="303172" lat="19.0724841" lon="-98.1762243"/>
 <node id="1131271831" visible="true" version="3" changeset="104660722" timestamp="2021-05-13T22:01:39Z" user="BlueButterfly" uid="11601527" lat="19.0674497" lon="-98.1770679"/>
 <node id="1241389800" visible="true" version="1" changeset="7838322" timestamp="2011-04-11T22:50:19Z" user="Yorx" uid="101422" lat="19.0764300" lon="-98.1676732">
  <tag k="power" v="tower"/>
 </node>
 <node id="1241389854" visible="true" version="1" changeset="7838322" timestamp="2011-04-11T22:50:24Z" user="Yorx" uid="101422" lat="19.0667673" lon="-98.1777400">
  <tag k="power" v="tower"/>
 </node>
 <node id="1241389889" visible="true" version="2" changeset="139778480" timestamp="2023-08-12T08:57:15Z" user="Basstoelpel" uid="72235" lat="19.0759208" lon="-98.1696569">
  <tag k="design" v="three-level"/>
  <tag k="power" v="tower"/>
  <tag k="structure" v="tubular"/>
 </node>
 <node id="1241389897" visible="true" version="1" changeset="7838322" timestamp="2011-04-11T22:50:28Z" user="Yorx" uid="101422" lat="19.0741041" lon="-98.1711957">
  <tag k="power" v="tower"/>
 </node>
 <node id="1241389907" visible="true" version="2" changeset="139778480" timestamp="2023-08-12T08:57:15Z" user="Basstoelpel" uid="72235" lat="19.0713288" lon="-98.1586630">
  <tag k="design" v="three-level"/>
  <tag k="power" v="tower"/>
  <tag k="structure" v="tubular"/>
 </node>
 <node id="1241389940" visible="true" version="1" changeset="7838322" timestamp="2011-04-11T22:50:32Z" user="Yorx" uid="101422" lat="19.0750688" lon="-98.1702911">
  <tag k="power" v="tower"/>
 </node>
 <node id="1241389949" visible="true" version="1" changeset="7838322" timestamp="2011-04-11T22:50:32Z" user="Yorx" uid="101422" lat="19.0746240" lon="-98.1656817">
  <tag k="power" v="tower"/>
 </node>
 <node id="1241389957" visible="true" version="1" changeset="7838322" timestamp="2011-04-11T22:50:33Z" user="Yorx" uid="101422" lat="19.0723519" lon="-98.1628927">
  <tag k="power" v="tower"/>
 </node>
 <node id="1241389991" visible="true" version="1" changeset="7838322" timestamp="2011-04-11T22:50:36Z" user="Yorx" uid="101422" lat="19.0739289" lon="-98.1648363">
  <tag k="power" v="tower"/>
 </node>
 <node id="1241390035" visible="true" version="1" changeset="7838322" timestamp="2011-04-11T22:50:40Z" user="Yorx" uid="101422" lat="19.0706364" lon="-98.1742720">
  <tag k="power" v="tower"/>
 </node>
 <node id="1241390044" visible="true" version="1" changeset="7838322" timestamp="2011-04-11T22:50:40Z" user="Yorx" uid="101422" lat="19.0677856" lon="-98.1768190">
  <tag k="power" v="tower"/>
 </node>
 <node id="1241390081" visible="true" version="1" changeset="7838322" timestamp="2011-04-11T22:50:43Z" user="Yorx" uid="101422" lat="19.0733417" lon="-98.1718802">
  <tag k="power" v="tower"/>
 </node>
 <node id="1241390088" visible="true" version="2" changeset="139778480" timestamp="2023-08-12T08:57:15Z" user="Basstoelpel" uid="72235" lat="19.0712896" lon="-98.1574885">
  <tag k="design" v="three-level"/>
  <tag k="power" v="tower"/>
  <tag k="structure" v="tubular"/>
 </node>
 <node id="1241390124" visible="true" version="1" changeset="7838322" timestamp="2011-04-11T22:50:46Z" user="Yorx" uid="101422" lat="19.0724444" lon="-98.1726747">
  <tag k="power" v="tower"/>
 </node>
 <node id="1241390133" visible="true" version="1" changeset="7838322" timestamp="2011-04-11T22:50:48Z" user="Yorx" uid="101422" lat="19.0717339" lon="-98.1621246">
  <tag k="power" v="tower"/>
 </node>
 <node id="1241390167" visible="true" version="1" changeset="7838322" timestamp="2011-04-11T22:50:50Z" user="Yorx" uid="101422" lat="19.0731395" lon="-98.1638563">
  <tag k="power" v="tower"/>
 </node>
 <node id="1241390176" visible="true" version="1" changeset="7838322" timestamp="2011-04-11T22:50:50Z" user="Yorx" uid="101422" lat="19.0710157" lon="-98.1612425">
  <tag k="power" v="tower"/>
 </node>
 <node id="1241390201" visible="true" version="1" changeset="7838322" timestamp="2011-04-11T22:50:53Z" user="Yorx" uid="101422" lat="19.0697603" lon="-98.1750706">
  <tag k="power" v="tower"/>
 </node>
 <node id="1241390244" visible="true" version="1" changeset="7838322" timestamp="2011-04-11T22:50:57Z" user="Yorx" uid="101422" lat="19.0687456" lon="-98.1759507">
  <tag k="power" v="tower"/>
 </node>
 <node id="1241390264" visible="true" version="2" changeset="139778480" timestamp="2023-08-12T08:57:15Z" user="Basstoelpel" uid="72235" lat="19.0712006" lon="-98.1554338">
  <tag k="design" v="three-level"/>
  <tag k="power" v="tower"/>
  <tag k="structure" v="tubular"/>
 </node>
 <node id="1241390284" visible="true" version="1" changeset="7838322" timestamp="2011-04-11T22:51:00Z" user="Yorx" uid="101422" lat="19.0756753" lon="-98.1688080">
  <tag k="power" v="tower"/>
 </node>
 <node id="1241390292" visible="true" version="1" changeset="7838322" timestamp="2011-04-11T22:51:00Z" user="Yorx" uid="101422" lat="19.0715529" lon="-98.1734774">
  <tag k="power" v="tower"/>
 </node>
 <node id="1241390332" visible="true" version="1" changeset="7838322" timestamp="2011-04-11T22:51:04Z" user="Yorx" uid="101422" lat="19.0756387" lon="-98.1668104">
  <tag k="power" v="tower"/>
 </node>
 <node id="1241390341" visible="true" version="1" changeset="7838322" timestamp="2011-04-11T22:51:04Z" user="Yorx" uid="101422" lat="19.0713719" lon="-98.1604642">
  <tag k="power" v="tower"/>
 </node>
 <node id="1630231594" visible="true" version="5" changeset="137965018" timestamp="2023-06-30T16:06:32Z" user="Ferrocarriles de México" uid="19456985" lat="19.0620102" lon="-98.1597643">
  <tag k="railway" v="level_crossing"/>
  <tag k="source" v="Bing"/>
 </node>
 <node id="1630231595" visible="true" version="5" changeset="137965018" timestamp="2023-06-30T16:06:32Z" user="Ferrocarriles de México" uid="19456985" lat="19.0620372" lon="-98.1599629">
  <tag k="railway" v="level_crossing"/>
  <tag k="source" v="Bing"/>
 </node>
 <node id="1656278053" visible="true" version="3" changeset="94723529" timestamp="2020-11-24T18:26:40Z" user="(Inactive) hairyhaggis_kaart" uid="10541438" lat="19.0693250" lon="-98.1655965"/>
 <node id="1656278055" visible="true" version="4" changeset="104537225" timestamp="2021-05-11T22:21:47Z" user="BlueButterfly" uid="11601527" lat="19.0699830" lon="-98.1663946"/>
 <node id="1656278057" visible="true" version="4" changeset="104537225" timestamp="2021-05-11T22:21:47Z" user="BlueButterfly" uid="11601527" lat="19.0705519" lon="-98.1659067"/>
 <node id="1656278059" visible="true" version="1" changeset="10850914" timestamp="2012-03-02T18:05:44Z" user="Yorx" uid="101422" lat="19.0706429" lon="-98.1671507"/>
 <node id="1656278060" visible="true" version="2" changeset="62387743" timestamp="2018-09-07T20:30:52Z" user="chachafish" uid="2237750" lat="19.0708940" lon="-98.1669224"/>
 <node id="1656278062" visible="true" version="3" changeset="86052843" timestamp="2020-06-01T15:25:46Z" user="DRM150" uid="10627270" lat="19.0709984" lon="-98.1614084"/>
 <node id="1656278073" visible="true" version="4" changeset="86052843" timestamp="2020-06-01T15:25:46Z" user="DRM150" uid="10627270" lat="19.0710012" lon="-98.1614864"/>
 <node id="1656278078" visible="true" version="2" changeset="81141633" timestamp="2020-02-18T01:23:49Z" user="natureandchill" uid="9565120" lat="19.0711061" lon="-98.1665876"/>
 <node id="1656278086" visible="true" version="4" changeset="104585596" timestamp="2021-05-12T16:28:15Z" user="BlueButterfly" uid="11601527" lat="19.0711824" lon="-98.1678285"/>
 <node id="1656278088" visible="true" version="4" changeset="86052843" timestamp="2020-06-01T15:25:46Z" user="DRM150" uid="10627270" lat="19.0712430" lon="-98.1614143"/>
 <node id="1656278090" visible="true" version="3" changeset="104594712" timestamp="2021-05-12T19:36:59Z" user="BlueButterfly" uid="11601527" lat="19.0712786" lon="-98.1613009"/>
 <node id="1656278091" visible="true" version="4" changeset="104594712" timestamp="2021-05-12T19:36:59Z" user="BlueButterfly" uid="11601527" lat="19.0715568" lon="-98.1611448"/>
 <node id="1656278093" visible="true" version="4" changeset="104585596" timestamp="2021-05-12T16:28:15Z" user="BlueButterfly" uid="11601527" lat="19.0715718" lon="-98.1682714"/>
 <node id="1656278094" visible="true" version="2" changeset="99801612" timestamp="2021-02-23T07:43:17Z" user="BeniHammad" uid="10461114" lat="19.0715475" lon="-98.1609890"/>
 <node id="1656278095" visible="true" version="5" changeset="104585596" timestamp="2021-05-12T16:28:15Z" user="BlueButterfly" uid="11601527" lat="19.0715681" lon="-98.1703069"/>
 <node id="1825835520" visible="true" version="2" changeset="62387743" timestamp="2018-09-07T20:30:52Z" user="chachafish" uid="2237750" lat="19.0713164" lon="-98.1643000"/>
 <node id="1825835523" visible="true" version="4" changeset="104585596" timestamp="2021-05-12T16:28:15Z" user="BlueButterfly" uid="11601527" lat="19.0720302" lon="-98.1640638"/>
 <node id="1825835525" visible="true" version="4" changeset="99587889" timestamp="2021-02-19T11:06:21Z" user="AlumRock" uid="10353523" lat="19.0690908" lon="-98.1647423"/>
 <node id="1825835527" visible="true" version="2" changeset="62387743" timestamp="2018-09-07T20:30:52Z" user="chachafish" uid="2237750" lat="19.0700437" lon="-98.1639925"/>
 <node id="1825835529" visible="true" version="3" changeset="104537225" timestamp="2021-05-11T22:21:47Z" user="BlueButterfly" uid="11601527" lat="19.0702395" lon="-98.1642405"/>
 <node id="1825835531" visible="true" version="2" changeset="104585596" timestamp="2021-05-12T16:28:15Z" user="BlueButterfly" uid="11601527" lat="19.0714934" lon="-98.1641466"/>
 <node id="1825835536" visible="true" version="4" changeset="104537225" timestamp="2021-05-11T22:21:47Z" user="BlueButterfly" uid="11601527" lat="19.0684438" lon="-98.1652170"/>
 <node id="1825835538" visible="true" version="2" changeset="94723529" timestamp="2020-11-24T18:26:40Z" user="(Inactive) hairyhaggis_kaart" uid="10541438" lat="19.0689449" lon="-98.1647747"/>
 <node id="1825839084" visible="true" version="1" changeset="12222663" timestamp="2012-07-14T23:20:52Z" user="lebannen" uid="706609" lat="19.0725490" lon="-98.1700667"/>
 <node id="1825839086" visible="true" version="2" changeset="44615209" timestamp="2016-12-23T08:42:06Z" user="DiegoJP" uid="5007434" lat="19.0667478" lon="-98.1665051"/>
 <node id="1825839087" visible="true" version="2" changeset="44615209" timestamp="2016-12-23T08:42:06Z" user="DiegoJP" uid="5007434" lat="19.0658424" lon="-98.1668272"/>
 <node id="1825839088" visible="true" version="2" changeset="44615209" timestamp="2016-12-23T08:42:06Z" user="DiegoJP" uid="5007434" lat="19.0683547" lon="-98.1706518"/>
 <node id="1825839092" visible="true" version="1" changeset="12222663" timestamp="2012-07-14T23:20:53Z" user="lebannen" uid="706609" lat="19.0674282" lon="-98.1657542"/>
 <node id="1825839093" visible="true" version="2" changeset="101662629" timestamp="2021-03-24T16:51:20Z" user="WingardiumMapiosa" uid="7526668" lat="19.0653903" lon="-98.1672478"/>
 <node id="1825839094" visible="true" version="2" changeset="44615209" timestamp="2016-12-23T08:42:06Z" user="DiegoJP" uid="5007434" lat="19.0669356" lon="-98.1709626"/>
 <node id="1825839095" visible="true" version="2" changeset="101662629" timestamp="2021-03-24T16:51:20Z" user="WingardiumMapiosa" uid="7526668" lat="19.0668487" lon="-98.1699876"/>
 <node id="1825839096" visible="true" version="1" changeset="12222663" timestamp="2012-07-14T23:20:53Z" user="lebannen" uid="706609" lat="19.0681076" lon="-98.1648203"/>
 <node id="1825839097" visible="true" version="1" changeset="12222663" timestamp="2012-07-14T23:20:53Z" user="lebannen" uid="706609" lat="19.0678237" lon="-98.1650349"/>
 <node id="1825840373" visible="true" version="2" changeset="64594442" timestamp="2018-11-17T12:00:25Z" user="stadiaarcadia" uid="8570285" lat="19.0675344" lon="-98.1675254"/>
 <node id="1825840374" visible="true" version="2" changeset="44613786" timestamp="2016-12-23T07:27:29Z" user="DiegoJP" uid="5007434" lat="19.0671091" lon="-98.1672955"/>
 <node id="1825840375" visible="true" version="2" changeset="64594442" timestamp="2018-11-17T12:00:25Z" user="stadiaarcadia" uid="8570285" lat="19.0675920" lon="-98.1681211"/>
 <node id="1825840376" visible="true" version="5" changeset="169876203" timestamp="2025-08-02T18:46:23Z" user="Juan MAS" uid="18570611" lat="19.0675772" lon="-98.1684550"/>
 <node id="1825840377" visible="true" version="1" changeset="12222663" timestamp="2012-07-14T23:28:09Z" user="lebannen" uid="706609" lat="19.0679860" lon="-98.1669768"/>
 <node id="1825840378" visible="true" version="2" changeset="64594442" timestamp="2018-11-17T12:00:25Z" user="stadiaarcadia" uid="8570285" lat="19.0666740" lon="-98.1682206"/>
 <node id="1825840379" visible="true" version="5" changeset="169876203" timestamp="2025-08-02T18:46:23Z" user="Juan MAS" uid="18570611" lat="19.0676104" lon="-98.1687121"/>
 <node id="1825840380" visible="true" version="2" changeset="44613786" timestamp="2016-12-23T07:27:29Z" user="DiegoJP" uid="5007434" lat="19.0676816" lon="-98.1659514"/>
 <node id="1825840381" visible="true" version="5" changeset="169876203" timestamp="2025-08-02T18:46:23Z" user="Juan MAS" uid="18570611" lat="19.0673841" lon="-98.1687449"/>
 <node id="1825840382" visible="true" version="5" changeset="169876203" timestamp="2025-08-02T18:46:23Z" user="Juan MAS" uid="18570611" lat="19.0673509" lon="-98.1684878"/>
 <node id="1825840384" visible="true" version="2" changeset="64594442" timestamp="2018-11-17T12:00:25Z" user="stadiaarcadia" uid="8570285" lat="19.0666164" lon="-98.1676249"/>
 <node id="1825840385" visible="true" version="1" changeset="12222663" timestamp="2012-07-14T23:28:10Z" user="lebannen" uid="706609" lat="19.0670936" lon="-98.1664189"/>
 <node id="1828231175" visible="true" version="5" changeset="104660722" timestamp="2021-05-13T22:01:39Z" user="BlueButterfly" uid="11601527" lat="19.0699028" lon="-98.1748664">
  <tag k="bus" v="yes"/>
  <tag k="public_transport" v="stop_position"/>
 </node>
 <node id="1828231177" visible="true" version="4" changeset="62638881" timestamp="2018-09-16T15:36:39Z" user="chachafish" uid="2237750" lat="19.0712684" lon="-98.1734811">
  <tag k="bus" v="yes"/>
  <tag k="highway" v="bus_stop"/>
  <tag k="public_transport" v="platform"/>
 </node>
 <node id="1828231178" visible="true" version="3" changeset="62638881" timestamp="2018-09-16T15:36:39Z" user="chachafish" uid="2237750" lat="19.0715814" lon="-98.1735233">
  <tag k="bus" v="yes"/>
  <tag k="highway" v="bus_stop"/>
  <tag k="public_transport" v="platform"/>
 </node>
 <node id="1828231182" visible="true" version="3" changeset="62638881" timestamp="2018-09-16T15:36:37Z" user="chachafish" uid="2237750" lat="19.0718643" lon="-98.1669784">
  <tag k="bus" v="yes"/>
  <tag k="highway" v="bus_stop"/>
  <tag k="public_transport" v="platform"/>
 </node>
 <node id="1830111980" visible="true" version="2" changeset="62638881" timestamp="2018-09-16T15:36:37Z" user="chachafish" uid="2237750" lat="19.0719806" lon="-98.1667795">
  <tag k="bus" v="yes"/>
  <tag k="highway" v="bus_stop"/>
  <tag k="public_transport" v="platform"/>
 </node>
 <node id="2330165837" visible="true" version="3" changeset="162326472" timestamp="2025-02-09T19:38:16Z" user="stadiaarcadia" uid="8570285" lat="19.0748006" lon="-98.1626896"/>
 <node id="2330165838" visible="true" version="3" changeset="162326472" timestamp="2025-02-09T19:38:16Z" user="stadiaarcadia" uid="8570285" lat="19.0758848" lon="-98.1624809"/>
 <node id="2556224871" visible="true" version="1" changeset="19167502" timestamp="2013-11-28T21:06:34Z" user="tlacuilo" uid="58410" lat="19.0647247" lon="-98.1719397"/>
 <node id="2556224880" visible="true" version="1" changeset="19167502" timestamp="2013-11-28T21:06:34Z" user="tlacuilo" uid="58410" lat="19.0738898" lon="-98.1780333"/>
 <node id="2556224882" visible="true" version="1" changeset="19167502" timestamp="2013-11-28T21:06:34Z" user="tlacuilo" uid="58410" lat="19.0723333" lon="-98.1760875"/>
 <node id="2814728389" visible="true" version="3" changeset="115621448" timestamp="2021-12-31T20:20:14Z" user="Arun Ganesh" uid="14749768" lat="19.0654917" lon="-98.1673234"/>
 <node id="2814728390" visible="true" version="2" changeset="115621448" timestamp="2021-12-31T20:20:14Z" user="Arun Ganesh" uid="14749768" lat="19.0631960" lon="-98.1680278"/>
 <node id="2814728391" visible="true" version="2" changeset="35875495" timestamp="2015-12-10T23:07:16Z" user="vacavinci" uid="3431972" lat="19.0633845" lon="-98.1697850"/>
 <node id="2814728392" visible="true" version="2" changeset="35875495" timestamp="2015-12-10T23:07:16Z" user="vacavinci" uid="3431972" lat="19.0635852" lon="-98.1705213"/>
 <node id="3058796545" visible="true" version="4" changeset="100257930" timestamp="2021-03-02T07:57:27Z" user="BeniHammad" uid="10461114" lat="19.0729826" lon="-98.1721495"/>
 <node id="3662297116" visible="true" version="4" changeset="104585596" timestamp="2021-05-12T16:28:15Z" user="BlueButterfly" uid="11601527" lat="19.0735292" lon="-98.1652941"/>
 <node id="3775891220" visible="true" version="2" changeset="96048962" timestamp="2020-12-18T07:17:56Z" user="Risle" uid="10888627" lat="19.0722809" lon="-98.1743480"/>
 <node id="3775891221" visible="true" version="3" changeset="96049567" timestamp="2020-12-18T07:27:36Z" user="Risle" uid="10888627" lat="19.0716752" lon="-98.1736522"/>
 <node id="3775891222" visible="true" version="3" changeset="96049567" timestamp="2020-12-18T07:27:36Z" user="Risle" uid="10888627" lat="19.0725572" lon="-98.1728651"/>
 <node id="3775891223" visible="true" version="2" changeset="96048962" timestamp="2020-12-18T07:17:56Z" user="Risle" uid="10888627" lat="19.0730477" lon="-98.1735130"/>
 <node id="3775891224" visible="true" version="2" changeset="96048962" timestamp="2020-12-18T07:17:56Z" user="Risle" uid="10888627" lat="19.0724896" lon="-98.1740326"/>
 <node id="3775891225" visible="true" version="3" changeset="96049162" timestamp="2020-12-18T07:21:14Z" user="Risle" uid="10888627" lat="19.0718809" lon="-98.1735452"/>
 <node id="3775891226" visible="true" version="3" changeset="96049162" timestamp="2020-12-18T07:21:14Z" user="Risle" uid="10888627" lat="19.0721293" lon="-98.1738407"/>
 <node id="3775891227" visible="true" version="3" changeset="96049162" timestamp="2020-12-18T07:21:14Z" user="Risle" uid="10888627" lat="19.0726659" lon="-98.1733356"/>
 <node id="3775891228" visible="true" version="3" changeset="96049162" timestamp="2020-12-18T07:21:14Z" user="Risle" uid="10888627" lat="19.0724176" lon="-98.1730402"/>
 <node id="3775891229" visible="true" version="5" changeset="100257930" timestamp="2021-03-02T07:57:27Z" user="BeniHammad" uid="10461114" lat="19.0717685" lon="-98.1734497"/>
 <node id="3775891231" visible="true" version="3" changeset="96049473" timestamp="2020-12-18T07:26:05Z" user="Risle" uid="10888627" lat="19.0723427" lon="-98.1729348"/>
 <node id="3775891233" visible="true" version="2" changeset="172852084" timestamp="2025-10-05T03:09:37Z" user="tanzwiese" uid="10107184" lat="19.0718607" lon="-98.1736906">
  <tag k="amenity" v="pharmacy"/>
  <tag k="brand" v="Farmacia Guadalajara"/>
  <tag k="brand:wikidata" v="Q5435609"/>
  <tag k="healthcare" v="pharmacy"/>
  <tag k="name" v="Farmacia Guadalajara"/>
 </node>
 <node id="3775891234" visible="true" version="1" changeset="34482147" timestamp="2015-10-07T02:05:27Z" user="Emsalo" uid="2374128" lat="19.0720480" lon="-98.1739383">
  <tag k="amenity" v="atm"/>
  <tag k="name" v="ATM HSBC"/>
 </node>
 <node id="3775896259" visible="true" version="2" changeset="172852084" timestamp="2025-10-05T03:09:37Z" user="tanzwiese" uid="10107184" lat="19.0718066" lon="-98.1736245">
  <tag k="amenity" v="bank"/>
  <tag k="atm" v="yes"/>
  <tag k="brand" v="Banco Santander"/>
  <tag k="brand:wikidata" v="Q6496310"/>
  <tag k="name" v="Banco Santander"/>
  <tag k="official_name" v="Santander Group"/>
 </node>
 <node id="3789098746" visible="true" version="1" changeset="34676445" timestamp="2015-10-16T14:41:57Z" user="sfrank" uid="18052" lat="19.0599766" lon="-98.1477432"/>
 <node id="3789179198" visible="true" version="1" changeset="34677608" timestamp="2015-10-16T15:23:50Z" user="sfrank" uid="18052" lat="19.0756044" lon="-98.1813211"/>
 <node id="3886662999" visible="true" version="3" changeset="95563579" timestamp="2020-12-09T15:52:40Z" user="Baconcrisp" uid="3778777" lat="19.0662702" lon="-98.1712191">
  <tag k="crossing" v="uncontrolled"/>
  <tag k="highway" v="crossing"/>
 </node>
 <node id="3886663000" visible="true" version="2" changeset="106445895" timestamp="2021-06-16T07:26:28Z" user="Mendips" uid="10409558" lat="19.0651349" lon="-98.1713670"/>
 <node id="3886663001" visible="true" version="3" changeset="106445895" timestamp="2021-06-16T07:26:28Z" user="Mendips" uid="10409558" lat="19.0651212" lon="-98.1712635"/>
 <node id="3886913324" visible="true" version="1" changeset="35875495" timestamp="2015-12-10T23:07:16Z" user="vacavinci" uid="3431972" lat="19.0640423" lon="-98.1713190"/>
 <node id="3886913325" visible="true" version="1" changeset="35875495" timestamp="2015-12-10T23:07:16Z" user="vacavinci" uid="3431972" lat="19.0638693" lon="-98.1711556"/>
 <node id="3886913326" visible="true" version="1" changeset="35875495" timestamp="2015-12-10T23:07:16Z" user="vacavinci" uid="3431972" lat="19.0634601" lon="-98.1701601"/>
 <node id="4195587044" visible="true" version="1" changeset="39428250" timestamp="2016-05-19T16:24:21Z" user="TrackLocator Rastreo Satelital" uid="837353" lat="19.0676751" lon="-98.1623915"/>
 <node id="4195587045" visible="true" version="1" changeset="39428250" timestamp="2016-05-19T16:24:21Z" user="TrackLocator Rastreo Satelital" uid="837353" lat="19.0674824" lon="-98.1625739"/>
 <node id="4195587046" visible="true" version="1" changeset="39428250" timestamp="2016-05-19T16:24:21Z" user="TrackLocator Rastreo Satelital" uid="837353" lat="19.0681821" lon="-98.1617585"/>
 <node id="4195587047" visible="true" version="1" changeset="39428250" timestamp="2016-05-19T16:24:21Z" user="TrackLocator Rastreo Satelital" uid="837353" lat="19.0668233" lon="-98.1611685"/>
 <node id="4195587048" visible="true" version="1" changeset="39428250" timestamp="2016-05-19T16:24:21Z" user="TrackLocator Rastreo Satelital" uid="837353" lat="19.0692468" lon="-98.1631104"/>
 <node id="4195587049" visible="true" version="1" changeset="39428250" timestamp="2016-05-19T16:24:21Z" user="TrackLocator Rastreo Satelital" uid="837353" lat="19.0679385" lon="-98.1622035"/>
 <node id="4195587050" visible="true" version="1" changeset="39428250" timestamp="2016-05-19T16:24:21Z" user="TrackLocator Rastreo Satelital" uid="837353" lat="19.0666205" lon="-98.1613723"/>
 <node id="4195587051" visible="true" version="1" changeset="39428250" timestamp="2016-05-19T16:24:21Z" user="TrackLocator Rastreo Satelital" uid="837353" lat="19.0688209" lon="-98.1612328"/>
 <node id="4195587052" visible="true" version="1" changeset="39428250" timestamp="2016-05-19T16:24:21Z" user="TrackLocator Rastreo Satelital" uid="837353" lat="19.0678117" lon="-98.1620104"/>
 <node id="4195587053" visible="true" version="1" changeset="39428250" timestamp="2016-05-19T16:24:21Z" user="TrackLocator Rastreo Satelital" uid="837353" lat="19.0677281" lon="-98.1623698"/>
 <node id="4195587054" visible="true" version="1" changeset="39428250" timestamp="2016-05-19T16:24:21Z" user="TrackLocator Rastreo Satelital" uid="837353" lat="19.0699160" lon="-98.1625203"/>
 <node id="4195587055" visible="true" version="1" changeset="39428250" timestamp="2016-05-19T16:24:21Z" user="TrackLocator Rastreo Satelital" uid="837353" lat="19.0668669" lon="-98.1611679"/>
 <node id="4195587056" visible="true" version="1" changeset="39428250" timestamp="2016-05-19T16:24:21Z" user="TrackLocator Rastreo Satelital" uid="837353" lat="19.0670824" lon="-98.1609802"/>
 <node id="4195587057" visible="true" version="1" changeset="39428250" timestamp="2016-05-19T16:24:21Z" user="TrackLocator Rastreo Satelital" uid="837353" lat="19.0673562" lon="-98.1618707"/>
 <node id="4235952247" visible="true" version="3" changeset="169876658" timestamp="2025-08-02T18:59:42Z" user="Juan MAS" uid="18570611" lat="19.0722323" lon="-98.1614258"/>
 <node id="4235952248" visible="true" version="2" changeset="86053031" timestamp="2020-06-01T15:31:06Z" user="DRM150" uid="10627270" lat="19.0740597" lon="-98.1616253"/>
 <node id="4235952249" visible="true" version="2" changeset="86053031" timestamp="2020-06-01T15:31:06Z" user="DRM150" uid="10627270" lat="19.0744873" lon="-98.1619514"/>
 <node id="4235952250" visible="true" version="2" changeset="86053031" timestamp="2020-06-01T15:31:06Z" user="DRM150" uid="10627270" lat="19.0745716" lon="-98.1620640"/>
 <node id="4235952251" visible="true" version="2" changeset="86053031" timestamp="2020-06-01T15:31:06Z" user="DRM150" uid="10627270" lat="19.0745973" lon="-98.1621921"/>
 <node id="4235952252" visible="true" version="2" changeset="86053031" timestamp="2020-06-01T15:31:06Z" user="DRM150" uid="10627270" lat="19.0746267" lon="-98.1625492"/>
 <node id="4235952253" visible="true" version="3" changeset="162326472" timestamp="2025-02-09T19:38:16Z" user="stadiaarcadia" uid="8570285" lat="19.0747726" lon="-98.1625269"/>
 <node id="4235952254" visible="true" version="3" changeset="169876658" timestamp="2025-08-02T18:59:42Z" user="Juan MAS" uid="18570611" lat="19.0760571" lon="-98.1635351"/>
 <node id="4235952255" visible="true" version="2" changeset="86053031" timestamp="2020-06-01T15:31:06Z" user="DRM150" uid="10627270" lat="19.0753683" lon="-98.1636697"/>
 <node id="4235952256" visible="true" version="2" changeset="86053031" timestamp="2020-06-01T15:31:06Z" user="DRM150" uid="10627270" lat="19.0753876" lon="-98.1638309"/>
 <node id="4235952257" visible="true" version="3" changeset="115247528" timestamp="2021-12-22T10:23:11Z" user="ObRiver" uid="10529631" lat="19.0753327" lon="-98.1639929"/>
 <node id="4235952258" visible="true" version="4" changeset="86053031" timestamp="2020-06-01T15:31:06Z" user="DRM150" uid="10627270" lat="19.0742059" lon="-98.1651680">
  <tag k="power" v="tower"/>
 </node>
 <node id="4235952259" visible="true" version="2" changeset="86053031" timestamp="2020-06-01T15:31:06Z" user="DRM150" uid="10627270" lat="19.0718451" lon="-98.1622738"/>
 <node id="4235952272" visible="true" version="4" changeset="169876658" timestamp="2025-08-02T18:59:42Z" user="Juan MAS" uid="18570611" lat="19.0744359" lon="-98.1646198"/>
 <node id="4568210789" visible="true" version="1" changeset="44613786" timestamp="2016-12-23T07:27:26Z" user="DiegoJP" uid="5007434" lat="19.0699305" lon="-98.1703664"/>
 <node id="4568210790" visible="true" version="2" changeset="169876203" timestamp="2025-08-02T18:46:23Z" user="Juan MAS" uid="18570611" lat="19.0696300" lon="-98.1704079"/>
 <node id="4568210791" visible="true" version="2" changeset="169876203" timestamp="2025-08-02T18:46:23Z" user="Juan MAS" uid="18570611" lat="19.0695397" lon="-98.1697219"/>
 <node id="4568210792" visible="true" version="2" changeset="169876203" timestamp="2025-08-02T18:46:23Z" user="Juan MAS" uid="18570611" lat="19.0692005" lon="-98.1697216"/>
 <node id="4568210793" visible="true" version="2" changeset="169876203" timestamp="2025-08-02T18:46:23Z" user="Juan MAS" uid="18570611" lat="19.0693077" lon="-98.1704524"/>
 <node id="4568210794" visible="true" version="2" changeset="169876203" timestamp="2025-08-02T18:46:23Z" user="Juan MAS" uid="18570611" lat="19.0698376" lon="-98.1696839"/>
 <node id="4568210795" visible="true" version="3" changeset="169876203" timestamp="2025-08-02T18:46:23Z" user="Juan MAS" uid="18570611" lat="19.0704320" lon="-98.1696082"/>
 <node id="4568210796" visible="true" version="1" changeset="44613786" timestamp="2016-12-23T07:27:26Z" user="DiegoJP" uid="5007434" lat="19.0704754" lon="-98.1700284"/>
 <node id="4568210797" visible="true" version="2" changeset="169876203" timestamp="2025-08-02T18:46:23Z" user="Juan MAS" uid="18570611" lat="19.0698956" lon="-98.1701091"/>
 <node id="4568210798" visible="true" version="2" changeset="169876203" timestamp="2025-08-02T18:46:23Z" user="Juan MAS" uid="18570611" lat="19.0701794" lon="-98.1700696"/>
 <node id="4568210799" visible="true" version="2" changeset="169876203" timestamp="2025-08-02T18:46:23Z" user="Juan MAS" uid="18570611" lat="19.0701211" lon="-98.1696478"/>
 <node id="4568210800" visible="true" version="2" changeset="169876203" timestamp="2025-08-02T18:46:23Z" user="Juan MAS" uid="18570611" lat="19.0695962" lon="-98.1701509"/>
 <node id="4568210801" visible="true" version="1" changeset="44613786" timestamp="2016-12-23T07:27:26Z" user="DiegoJP" uid="5007434" lat="19.0685583" lon="-98.1705560"/>
 <node id="4568210802" visible="true" version="2" changeset="169876203" timestamp="2025-08-02T18:46:23Z" user="Juan MAS" uid="18570611" lat="19.0684853" lon="-98.1700409"/>
 <node id="4568210803" visible="true" version="2" changeset="169876203" timestamp="2025-08-02T18:46:23Z" user="Juan MAS" uid="18570611" lat="19.0687030" lon="-98.1700089"/>
 <node id="4568210804" visible="true" version="2" changeset="169876203" timestamp="2025-08-02T18:46:23Z" user="Juan MAS" uid="18570611" lat="19.0687215" lon="-98.1701694"/>
 <node id="4568210805" visible="true" version="2" changeset="169876203" timestamp="2025-08-02T18:46:23Z" user="Juan MAS" uid="18570611" lat="19.0690096" lon="-98.1701322"/>
 <node id="4568210806" visible="true" version="2" changeset="169876203" timestamp="2025-08-02T18:46:23Z" user="Juan MAS" uid="18570611" lat="19.0689729" lon="-98.1698136"/>
 <node id="4568210807" visible="true" version="2" changeset="169876203" timestamp="2025-08-02T18:46:23Z" user="Juan MAS" uid="18570611" lat="19.0686848" lon="-98.1698508"/>
 <node id="4568210808" visible="true" version="1" changeset="44613786" timestamp="2016-12-23T07:27:27Z" user="DiegoJP" uid="5007434" lat="19.0692074" lon="-98.1697769"/>
 <node id="4568210809" visible="true" version="2" changeset="169876203" timestamp="2025-08-02T18:46:23Z" user="Juan MAS" uid="18570611" lat="19.0688090" lon="-98.1701581"/>
 <node id="4568210810" visible="true" version="2" changeset="169876203" timestamp="2025-08-02T18:46:23Z" user="Juan MAS" uid="18570611" lat="19.0688544" lon="-98.1705151"/>
 <node id="4568210811" visible="true" version="2" changeset="169876203" timestamp="2025-08-02T18:46:23Z" user="Juan MAS" uid="18570611" lat="19.0690422" lon="-98.1703949"/>
 <node id="4568210812" visible="true" version="1" changeset="44613786" timestamp="2016-12-23T07:27:27Z" user="DiegoJP" uid="5007434" lat="19.0692930" lon="-98.1703540"/>
 <node id="4568210814" visible="true" version="2" changeset="62696384" timestamp="2018-09-18T13:00:52Z" user="chachafish" uid="2237750" lat="19.0688153" lon="-98.1694011"/>
 <node id="4568210815" visible="true" version="3" changeset="169876203" timestamp="2025-08-02T18:46:23Z" user="Juan MAS" uid="18570611" lat="19.0687819" lon="-98.1691863"/>
 <node id="4568210816" visible="true" version="2" changeset="62696384" timestamp="2018-09-18T13:00:52Z" user="chachafish" uid="2237750" lat="19.0689290" lon="-98.1691636"/>
 <node id="4568210817" visible="true" version="2" changeset="62696384" timestamp="2018-09-18T13:00:52Z" user="chachafish" uid="2237750" lat="19.0689619" lon="-98.1693755"/>
 <node id="4568210818" visible="true" version="2" changeset="169876203" timestamp="2025-08-02T18:46:23Z" user="Juan MAS" uid="18570611" lat="19.0689321" lon="-98.1695120"/>
 <node id="4568210819" visible="true" version="1" changeset="44613786" timestamp="2016-12-23T07:27:27Z" user="DiegoJP" uid="5007434" lat="19.0692467" lon="-98.1694651"/>
 <node id="4568210820" visible="true" version="1" changeset="44613786" timestamp="2016-12-23T07:27:27Z" user="DiegoJP" uid="5007434" lat="19.0692087" lon="-98.1691942"/>
 <node id="4568210821" visible="true" version="3" changeset="169876203" timestamp="2025-08-02T18:46:23Z" user="Juan MAS" uid="18570611" lat="19.0698918" lon="-98.1691011"/>
 <node id="4568210824" visible="true" version="1" changeset="44613786" timestamp="2016-12-23T07:27:27Z" user="DiegoJP" uid="5007434" lat="19.0687604" lon="-98.1697747"/>
 <node id="4568210825" visible="true" version="1" changeset="44613786" timestamp="2016-12-23T07:27:27Z" user="DiegoJP" uid="5007434" lat="19.0685082" lon="-98.1698083"/>
 <node id="4568210826" visible="true" version="2" changeset="44614849" timestamp="2016-12-23T08:25:31Z" user="DiegoJP" uid="5007434" lat="19.0684575" lon="-98.1694757"/>
 <node id="4568210827" visible="true" version="1" changeset="44613786" timestamp="2016-12-23T07:27:27Z" user="DiegoJP" uid="5007434" lat="19.0687110" lon="-98.1694368"/>
 <node id="4568210828" visible="true" version="2" changeset="169876203" timestamp="2025-08-02T18:46:23Z" user="Juan MAS" uid="18570611" lat="19.0686288" lon="-98.1679467"/>
 <node id="4568210829" visible="true" version="2" changeset="169876203" timestamp="2025-08-02T18:46:23Z" user="Juan MAS" uid="18570611" lat="19.0682092" lon="-98.1680216"/>
 <node id="4568210830" visible="true" version="2" changeset="169876203" timestamp="2025-08-02T18:46:23Z" user="Juan MAS" uid="18570611" lat="19.0681816" lon="-98.1678484"/>
 <node id="4568210831" visible="true" version="2" changeset="169876203" timestamp="2025-08-02T18:46:23Z" user="Juan MAS" uid="18570611" lat="19.0686011" lon="-98.1677734"/>
 <node id="4568210832" visible="true" version="2" changeset="169876203" timestamp="2025-08-02T18:46:23Z" user="Juan MAS" uid="18570611" lat="19.0695805" lon="-98.1670952"/>
 <node id="4568210833" visible="true" version="2" changeset="169876203" timestamp="2025-08-02T18:46:23Z" user="Juan MAS" uid="18570611" lat="19.0688408" lon="-98.1676455"/>
 <node id="4568210834" visible="true" version="2" changeset="169876203" timestamp="2025-08-02T18:46:23Z" user="Juan MAS" uid="18570611" lat="19.0685153" lon="-98.1671557"/>
 <node id="4568210835" visible="true" version="2" changeset="169876203" timestamp="2025-08-02T18:46:23Z" user="Juan MAS" uid="18570611" lat="19.0692549" lon="-98.1666054"/>
 <node id="4568210836" visible="true" version="2" changeset="169876203" timestamp="2025-08-02T18:46:23Z" user="Juan MAS" uid="18570611" lat="19.0691779" lon="-98.1665404"/>
 <node id="4568210837" visible="true" version="2" changeset="169876203" timestamp="2025-08-02T18:46:23Z" user="Juan MAS" uid="18570611" lat="19.0685138" lon="-98.1670425"/>
 <node id="4568210838" visible="true" version="2" changeset="169876203" timestamp="2025-08-02T18:46:23Z" user="Juan MAS" uid="18570611" lat="19.0681783" lon="-98.1665457"/>
 <node id="4568210839" visible="true" version="2" changeset="169876203" timestamp="2025-08-02T18:46:23Z" user="Juan MAS" uid="18570611" lat="19.0688423" lon="-98.1660436"/>
 <node id="4568210840" visible="true" version="2" changeset="169876203" timestamp="2025-08-02T18:46:23Z" user="Juan MAS" uid="18570611" lat="19.0688018" lon="-98.1659255"/>
 <node id="4568210841" visible="true" version="2" changeset="169876203" timestamp="2025-08-02T18:46:23Z" user="Juan MAS" uid="18570611" lat="19.0681377" lon="-98.1664277"/>
 <node id="4568210842" visible="true" version="2" changeset="169876203" timestamp="2025-08-02T18:46:23Z" user="Juan MAS" uid="18570611" lat="19.0678022" lon="-98.1659308"/>
 <node id="4568210843" visible="true" version="2" changeset="169876203" timestamp="2025-08-02T18:46:23Z" user="Juan MAS" uid="18570611" lat="19.0684663" lon="-98.1654287"/>
 <node id="4568210844" visible="true" version="1" changeset="44613786" timestamp="2016-12-23T07:27:27Z" user="DiegoJP" uid="5007434" lat="19.0703264" lon="-98.1676840"/>
 <node id="4568210845" visible="true" version="2" changeset="106505594" timestamp="2021-06-17T06:16:56Z" user="Mendips" uid="10409558" lat="19.0688186" lon="-98.1678589"/>
 <node id="4568210846" visible="true" version="2" changeset="169876203" timestamp="2025-08-02T18:46:23Z" user="Juan MAS" uid="18570611" lat="19.0697515" lon="-98.1670696"/>
 <node id="4568210847" visible="true" version="1" changeset="44613786" timestamp="2016-12-23T07:27:27Z" user="DiegoJP" uid="5007434" lat="19.0697950" lon="-98.1677713"/>
 <node id="4568210848" visible="true" version="1" changeset="44613786" timestamp="2016-12-23T07:27:27Z" user="DiegoJP" uid="5007434" lat="19.0693153" lon="-98.1678480"/>
 <node id="4568210849" visible="true" version="1" changeset="44613786" timestamp="2016-12-23T07:27:27Z" user="DiegoJP" uid="5007434" lat="19.0690243" lon="-98.1678952"/>
 <node id="4568210850" visible="true" version="1" changeset="44613786" timestamp="2016-12-23T07:27:27Z" user="DiegoJP" uid="5007434" lat="19.0688851" lon="-98.1678946"/>
 <node id="4568210870" visible="true" version="3" changeset="169876203" timestamp="2025-08-02T18:46:23Z" user="Juan MAS" uid="18570611" lat="19.0683577" lon="-98.1697704"/>
 <node id="4568210871" visible="true" version="3" changeset="169876203" timestamp="2025-08-02T18:46:23Z" user="Juan MAS" uid="18570611" lat="19.0683425" lon="-98.1696363"/>
 <node id="4568210872" visible="true" version="3" changeset="169876203" timestamp="2025-08-02T18:46:23Z" user="Juan MAS" uid="18570611" lat="19.0680887" lon="-98.1696685"/>
 <node id="4568210873" visible="true" version="3" changeset="169876203" timestamp="2025-08-02T18:46:23Z" user="Juan MAS" uid="18570611" lat="19.0681038" lon="-98.1698026"/>
 <node id="4568210874" visible="true" version="3" changeset="169876203" timestamp="2025-08-02T18:46:23Z" user="Juan MAS" uid="18570611" lat="19.0683347" lon="-98.1695298"/>
 <node id="4568210875" visible="true" version="3" changeset="169876203" timestamp="2025-08-02T18:46:23Z" user="Juan MAS" uid="18570611" lat="19.0683185" lon="-98.1693959"/>
 <node id="4568210876" visible="true" version="3" changeset="169876203" timestamp="2025-08-02T18:46:23Z" user="Juan MAS" uid="18570611" lat="19.0680649" lon="-98.1694304"/>
 <node id="4568210877" visible="true" version="3" changeset="169876203" timestamp="2025-08-02T18:46:23Z" user="Juan MAS" uid="18570611" lat="19.0680811" lon="-98.1695643"/>
 <node id="4568210878" visible="true" version="3" changeset="169876203" timestamp="2025-08-02T18:46:23Z" user="Juan MAS" uid="18570611" lat="19.0679816" lon="-98.1695694"/>
 <node id="4568210879" visible="true" version="3" changeset="169876203" timestamp="2025-08-02T18:46:23Z" user="Juan MAS" uid="18570611" lat="19.0679672" lon="-98.1694352"/>
 <node id="4568210880" visible="true" version="3" changeset="169876203" timestamp="2025-08-02T18:46:23Z" user="Juan MAS" uid="18570611" lat="19.0677132" lon="-98.1694657"/>
 <node id="4568210881" visible="true" version="3" changeset="169876203" timestamp="2025-08-02T18:46:23Z" user="Juan MAS" uid="18570611" lat="19.0677276" lon="-98.1696000"/>
 <node id="4568210882" visible="true" version="3" changeset="169876203" timestamp="2025-08-02T18:46:23Z" user="Juan MAS" uid="18570611" lat="19.0680395" lon="-98.1696107"/>
 <node id="4568210883" visible="true" version="3" changeset="169876203" timestamp="2025-08-02T18:46:23Z" user="Juan MAS" uid="18570611" lat="19.0680661" lon="-98.1698402"/>
 <node id="4568210884" visible="true" version="3" changeset="169876203" timestamp="2025-08-02T18:46:23Z" user="Juan MAS" uid="18570611" lat="19.0677139" lon="-98.1698858"/>
 <node id="4568210885" visible="true" version="3" changeset="169876203" timestamp="2025-08-02T18:46:23Z" user="Juan MAS" uid="18570611" lat="19.0676873" lon="-98.1696563"/>
 <node id="4568210886" visible="true" version="1" changeset="44613786" timestamp="2016-12-23T07:27:28Z" user="DiegoJP" uid="5007434" lat="19.0669949" lon="-98.1668660"/>
 <node id="4568210887" visible="true" version="1" changeset="44613786" timestamp="2016-12-23T07:27:28Z" user="DiegoJP" uid="5007434" lat="19.0670228" lon="-98.1670918"/>
 <node id="4568210888" visible="true" version="1" changeset="44613786" timestamp="2016-12-23T07:27:28Z" user="DiegoJP" uid="5007434" lat="19.0670359" lon="-98.1666380"/>
 <node id="4568210889" visible="true" version="1" changeset="44613786" timestamp="2016-12-23T07:27:28Z" user="DiegoJP" uid="5007434" lat="19.0673782" lon="-98.1661432"/>
 <node id="4568210890" visible="true" version="1" changeset="44613786" timestamp="2016-12-23T07:27:28Z" user="DiegoJP" uid="5007434" lat="19.0675258" lon="-98.1660274"/>
 <node id="4568210891" visible="true" version="1" changeset="44613786" timestamp="2016-12-23T07:27:28Z" user="DiegoJP" uid="5007434" lat="19.0672296" lon="-98.1662545"/>
 <node id="4568282871" visible="true" version="2" changeset="62696384" timestamp="2018-09-18T13:00:53Z" user="chachafish" uid="2237750" lat="19.0671830" lon="-98.1690355"/>
 <node id="4568282872" visible="true" version="2" changeset="62696384" timestamp="2018-09-18T13:00:53Z" user="chachafish" uid="2237750" lat="19.0674492" lon="-98.1689991"/>
 <node id="4568282873" visible="true" version="2" changeset="62696384" timestamp="2018-09-18T13:00:53Z" user="chachafish" uid="2237750" lat="19.0674857" lon="-98.1692982"/>
 <node id="4568282874" visible="true" version="2" changeset="62696384" timestamp="2018-09-18T13:00:53Z" user="chachafish" uid="2237750" lat="19.0672196" lon="-98.1693346"/>
 <node id="4568282875" visible="true" version="2" changeset="62696384" timestamp="2018-09-18T13:00:53Z" user="chachafish" uid="2237750" lat="19.0675697" lon="-98.1698500"/>
 <node id="4568282876" visible="true" version="2" changeset="62696384" timestamp="2018-09-18T13:00:53Z" user="chachafish" uid="2237750" lat="19.0675251" lon="-98.1694611"/>
 <node id="4568282877" visible="true" version="2" changeset="62696384" timestamp="2018-09-18T13:00:53Z" user="chachafish" uid="2237750" lat="19.0671828" lon="-98.1695051"/>
 <node id="4568282878" visible="true" version="2" changeset="62696384" timestamp="2018-09-18T13:00:53Z" user="chachafish" uid="2237750" lat="19.0672274" lon="-98.1698940"/>
 <node id="4568282879" visible="true" version="3" changeset="169876203" timestamp="2025-08-02T18:46:23Z" user="Juan MAS" uid="18570611" lat="19.0673109" lon="-98.1702414"/>
 <node id="4568282880" visible="true" version="3" changeset="169876203" timestamp="2025-08-02T18:46:23Z" user="Juan MAS" uid="18570611" lat="19.0673449" lon="-98.1705145"/>
 <node id="4568282881" visible="true" version="3" changeset="169876203" timestamp="2025-08-02T18:46:23Z" user="Juan MAS" uid="18570611" lat="19.0675057" lon="-98.1704922"/>
 <node id="4568282882" visible="true" version="3" changeset="169876203" timestamp="2025-08-02T18:46:23Z" user="Juan MAS" uid="18570611" lat="19.0674717" lon="-98.1702190"/>
 <node id="4568282883" visible="true" version="2" changeset="169876203" timestamp="2025-08-02T18:46:23Z" user="Juan MAS" uid="18570611" lat="19.0697987" lon="-98.1703846"/>
 <node id="4568282884" visible="true" version="2" changeset="44615209" timestamp="2016-12-23T08:42:06Z" user="DiegoJP" uid="5007434" lat="19.0698040" lon="-98.1704457"/>
 <node id="4568282885" visible="true" version="1" changeset="44614849" timestamp="2016-12-23T08:25:23Z" user="DiegoJP" uid="5007434" lat="19.0705380" lon="-98.1676912"/>
 <node id="4568282886" visible="true" version="1" changeset="44614849" timestamp="2016-12-23T08:25:23Z" user="DiegoJP" uid="5007434" lat="19.0704404" lon="-98.1677619"/>
 <node id="4568282887" visible="true" version="1" changeset="44614849" timestamp="2016-12-23T08:25:23Z" user="DiegoJP" uid="5007434" lat="19.0698141" lon="-98.1681096"/>
 <node id="4568282888" visible="true" version="1" changeset="44614849" timestamp="2016-12-23T08:25:23Z" user="DiegoJP" uid="5007434" lat="19.0696064" lon="-98.1681365"/>
 <node id="4568284789" visible="true" version="1" changeset="44614849" timestamp="2016-12-23T08:25:23Z" user="DiegoJP" uid="5007434" lat="19.0697094" lon="-98.1691258"/>
 <node id="4568284790" visible="true" version="2" changeset="169876203" timestamp="2025-08-02T18:46:23Z" user="Juan MAS" uid="18570611" lat="19.0699546" lon="-98.1696690"/>
 <node id="4568284791" visible="true" version="1" changeset="44614849" timestamp="2016-12-23T08:25:23Z" user="DiegoJP" uid="5007434" lat="19.0697828" lon="-98.1681137"/>
 <node id="4568284792" visible="true" version="2" changeset="169876203" timestamp="2025-08-02T18:46:23Z" user="Juan MAS" uid="18570611" lat="19.0698265" lon="-98.1685093"/>
 <node id="4568284793" visible="true" version="2" changeset="169876203" timestamp="2025-08-02T18:46:23Z" user="Juan MAS" uid="18570611" lat="19.0696473" lon="-98.1685293"/>
 <node id="4568284794" visible="true" version="3" changeset="169876203" timestamp="2025-08-02T18:46:23Z" user="Juan MAS" uid="18570611" lat="19.0694111" lon="-98.1690618"/>
 <node id="4568284795" visible="true" version="3" changeset="169876203" timestamp="2025-08-02T18:46:23Z" user="Juan MAS" uid="18570611" lat="19.0692898" lon="-98.1690780"/>
 <node id="4568284796" visible="true" version="3" changeset="169876203" timestamp="2025-08-02T18:46:23Z" user="Juan MAS" uid="18570611" lat="19.0692550" lon="-98.1687854"/>
 <node id="4568284797" visible="true" version="3" changeset="169876203" timestamp="2025-08-02T18:46:23Z" user="Juan MAS" uid="18570611" lat="19.0693763" lon="-98.1687693"/>
 <node id="4568284798" visible="true" version="4" changeset="169876203" timestamp="2025-08-02T18:46:23Z" user="Juan MAS" uid="18570611" lat="19.0692111" lon="-98.1694024"/>
 <node id="4568284799" visible="true" version="4" changeset="169876203" timestamp="2025-08-02T18:46:23Z" user="Juan MAS" uid="18570611" lat="19.0690930" lon="-98.1694219"/>
 <node id="4568284800" visible="true" version="4" changeset="169876203" timestamp="2025-08-02T18:46:23Z" user="Juan MAS" uid="18570611" lat="19.0690399" lon="-98.1690621"/>
 <node id="4568284801" visible="true" version="4" changeset="169876203" timestamp="2025-08-02T18:46:23Z" user="Juan MAS" uid="18570611" lat="19.0691581" lon="-98.1690426"/>
 <node id="4568284802" visible="true" version="3" changeset="169876203" timestamp="2025-08-02T18:46:23Z" user="Juan MAS" uid="18570611" lat="19.0694487" lon="-98.1700886"/>
 <node id="4568284803" visible="true" version="3" changeset="169876203" timestamp="2025-08-02T18:46:23Z" user="Juan MAS" uid="18570611" lat="19.0693179" lon="-98.1701095"/>
 <node id="4568284804" visible="true" version="3" changeset="169876203" timestamp="2025-08-02T18:46:23Z" user="Juan MAS" uid="18570611" lat="19.0692684" lon="-98.1697627"/>
 <node id="4568284805" visible="true" version="3" changeset="169876203" timestamp="2025-08-02T18:46:23Z" user="Juan MAS" uid="18570611" lat="19.0694024" lon="-98.1697413"/>
 <node id="4568284806" visible="true" version="3" changeset="169876203" timestamp="2025-08-02T18:46:23Z" user="Juan MAS" uid="18570611" lat="19.0694787" lon="-98.1695142"/>
 <node id="4568284807" visible="true" version="3" changeset="169876203" timestamp="2025-08-02T18:46:23Z" user="Juan MAS" uid="18570611" lat="19.0693573" lon="-98.1695303"/>
 <node id="4568284808" visible="true" version="3" changeset="169876203" timestamp="2025-08-02T18:46:23Z" user="Juan MAS" uid="18570611" lat="19.0693226" lon="-98.1692378"/>
 <node id="4568284809" visible="true" version="3" changeset="169876203" timestamp="2025-08-02T18:46:23Z" user="Juan MAS" uid="18570611" lat="19.0694440" lon="-98.1692217"/>
 <node id="4568284810" visible="true" version="3" changeset="169876203" timestamp="2025-08-02T18:46:23Z" user="Juan MAS" uid="18570611" lat="19.0696725" lon="-98.1693089"/>
 <node id="4568284811" visible="true" version="3" changeset="169876203" timestamp="2025-08-02T18:46:23Z" user="Juan MAS" uid="18570611" lat="19.0695548" lon="-98.1693236"/>
 <node id="4568284812" visible="true" version="3" changeset="169876203" timestamp="2025-08-02T18:46:23Z" user="Juan MAS" uid="18570611" lat="19.0695190" lon="-98.1690016"/>
 <node id="4568284813" visible="true" version="3" changeset="169876203" timestamp="2025-08-02T18:46:23Z" user="Juan MAS" uid="18570611" lat="19.0696367" lon="-98.1689870"/>
 <node id="4568284814" visible="true" version="3" changeset="169876203" timestamp="2025-08-02T18:46:23Z" user="Juan MAS" uid="18570611" lat="19.0695837" lon="-98.1688213"/>
 <node id="4568284815" visible="true" version="3" changeset="169876203" timestamp="2025-08-02T18:46:23Z" user="Juan MAS" uid="18570611" lat="19.0694732" lon="-98.1688338"/>
 <node id="4568284816" visible="true" version="3" changeset="169876203" timestamp="2025-08-02T18:46:23Z" user="Juan MAS" uid="18570611" lat="19.0694297" lon="-98.1684053"/>
 <node id="4568284817" visible="true" version="3" changeset="169876203" timestamp="2025-08-02T18:46:23Z" user="Juan MAS" uid="18570611" lat="19.0695402" lon="-98.1683927"/>
 <node id="4568284818" visible="true" version="3" changeset="169876203" timestamp="2025-08-02T18:46:23Z" user="Juan MAS" uid="18570611" lat="19.0698300" lon="-98.1688414"/>
 <node id="4568284819" visible="true" version="3" changeset="169876203" timestamp="2025-08-02T18:46:23Z" user="Juan MAS" uid="18570611" lat="19.0697085" lon="-98.1688560"/>
 <node id="4568284820" visible="true" version="3" changeset="169876203" timestamp="2025-08-02T18:46:23Z" user="Juan MAS" uid="18570611" lat="19.0696770" lon="-98.1685631"/>
 <node id="4568284821" visible="true" version="3" changeset="169876203" timestamp="2025-08-02T18:46:23Z" user="Juan MAS" uid="18570611" lat="19.0697985" lon="-98.1685484"/>
 <node id="4568284822" visible="true" version="3" changeset="169876203" timestamp="2025-08-02T18:46:23Z" user="Juan MAS" uid="18570611" lat="19.0697949" lon="-98.1684561"/>
 <node id="4568284823" visible="true" version="3" changeset="169876203" timestamp="2025-08-02T18:46:23Z" user="Juan MAS" uid="18570611" lat="19.0696734" lon="-98.1684704"/>
 <node id="4568284824" visible="true" version="3" changeset="169876203" timestamp="2025-08-02T18:46:23Z" user="Juan MAS" uid="18570611" lat="19.0696426" lon="-98.1681773"/>
 <node id="4568284825" visible="true" version="3" changeset="169876203" timestamp="2025-08-02T18:46:23Z" user="Juan MAS" uid="18570611" lat="19.0697642" lon="-98.1681631"/>
 <node id="4568284826" visible="true" version="3" changeset="169876203" timestamp="2025-08-02T18:46:23Z" user="Juan MAS" uid="18570611" lat="19.0700819" lon="-98.1684925"/>
 <node id="4568284827" visible="true" version="3" changeset="169876203" timestamp="2025-08-02T18:46:23Z" user="Juan MAS" uid="18570611" lat="19.0699596" lon="-98.1685070"/>
 <node id="4568284828" visible="true" version="3" changeset="169876203" timestamp="2025-08-02T18:46:23Z" user="Juan MAS" uid="18570611" lat="19.0699222" lon="-98.1681550"/>
 <node id="4568284829" visible="true" version="3" changeset="169876203" timestamp="2025-08-02T18:46:23Z" user="Juan MAS" uid="18570611" lat="19.0700445" lon="-98.1681404"/>
 <node id="4568284830" visible="true" version="3" changeset="169876203" timestamp="2025-08-02T18:46:23Z" user="Juan MAS" uid="18570611" lat="19.0701259" lon="-98.1688448"/>
 <node id="4568284831" visible="true" version="3" changeset="169876203" timestamp="2025-08-02T18:46:23Z" user="Juan MAS" uid="18570611" lat="19.0700046" lon="-98.1688610"/>
 <node id="4568284832" visible="true" version="3" changeset="169876203" timestamp="2025-08-02T18:46:23Z" user="Juan MAS" uid="18570611" lat="19.0699698" lon="-98.1685684"/>
 <node id="4568284833" visible="true" version="3" changeset="169876203" timestamp="2025-08-02T18:46:23Z" user="Juan MAS" uid="18570611" lat="19.0700912" lon="-98.1685523"/>
 <node id="4568284834" visible="true" version="3" changeset="169876203" timestamp="2025-08-02T18:46:23Z" user="Juan MAS" uid="18570611" lat="19.0703329" lon="-98.1685299"/>
 <node id="4568284835" visible="true" version="3" changeset="169876203" timestamp="2025-08-02T18:46:23Z" user="Juan MAS" uid="18570611" lat="19.0702278" lon="-98.1685444"/>
 <node id="4568284836" visible="true" version="3" changeset="169876203" timestamp="2025-08-02T18:46:23Z" user="Juan MAS" uid="18570611" lat="19.0701892" lon="-98.1682314"/>
 <node id="4568284837" visible="true" version="3" changeset="169876203" timestamp="2025-08-02T18:46:23Z" user="Juan MAS" uid="18570611" lat="19.0702942" lon="-98.1682169"/>
 <node id="4568284838" visible="true" version="3" changeset="62696384" timestamp="2018-09-18T13:00:55Z" user="chachafish" uid="2237750" lat="19.0703702" lon="-98.1688032"/>
 <node id="4568284839" visible="true" version="2" changeset="62696384" timestamp="2018-09-18T13:00:55Z" user="chachafish" uid="2237750" lat="19.0702644" lon="-98.1688188"/>
 <node id="4568284840" visible="true" version="2" changeset="62696384" timestamp="2018-09-18T13:00:55Z" user="chachafish" uid="2237750" lat="19.0702338" lon="-98.1685865"/>
 <node id="4568284841" visible="true" version="3" changeset="62696384" timestamp="2018-09-18T13:00:55Z" user="chachafish" uid="2237750" lat="19.0703396" lon="-98.1685709"/>
 <node id="4568284842" visible="true" version="3" changeset="169876203" timestamp="2025-08-02T18:46:23Z" user="Juan MAS" uid="18570611" lat="19.0703752" lon="-98.1692856"/>
 <node id="4568284843" visible="true" version="3" changeset="169876203" timestamp="2025-08-02T18:46:23Z" user="Juan MAS" uid="18570611" lat="19.0699873" lon="-98.1693402"/>
 <node id="4568284844" visible="true" version="3" changeset="169876203" timestamp="2025-08-02T18:46:23Z" user="Juan MAS" uid="18570611" lat="19.0699496" lon="-98.1690398"/>
 <node id="4568284845" visible="true" version="3" changeset="169876203" timestamp="2025-08-02T18:46:23Z" user="Juan MAS" uid="18570611" lat="19.0703375" lon="-98.1689853"/>
 <node id="4568284846" visible="true" version="3" changeset="169876203" timestamp="2025-08-02T18:46:23Z" user="Juan MAS" uid="18570611" lat="19.0704309" lon="-98.1699899"/>
 <node id="4568284847" visible="true" version="3" changeset="169876203" timestamp="2025-08-02T18:46:23Z" user="Juan MAS" uid="18570611" lat="19.0702274" lon="-98.1700157"/>
 <node id="4568284848" visible="true" version="3" changeset="169876203" timestamp="2025-08-02T18:46:23Z" user="Juan MAS" uid="18570611" lat="19.0701892" lon="-98.1696788"/>
 <node id="4568284849" visible="true" version="3" changeset="169876203" timestamp="2025-08-02T18:46:23Z" user="Juan MAS" uid="18570611" lat="19.0703926" lon="-98.1696530"/>
 <node id="4568284850" visible="true" version="3" changeset="169876203" timestamp="2025-08-02T18:46:23Z" user="Juan MAS" uid="18570611" lat="19.0701169" lon="-98.1700318"/>
 <node id="4568284851" visible="true" version="3" changeset="169876203" timestamp="2025-08-02T18:46:23Z" user="Juan MAS" uid="18570611" lat="19.0699358" lon="-98.1700530"/>
 <node id="4568284852" visible="true" version="3" changeset="169876203" timestamp="2025-08-02T18:46:23Z" user="Juan MAS" uid="18570611" lat="19.0699016" lon="-98.1697266"/>
 <node id="4568284853" visible="true" version="3" changeset="169876203" timestamp="2025-08-02T18:46:23Z" user="Juan MAS" uid="18570611" lat="19.0700827" lon="-98.1697054"/>
 <node id="4568284854" visible="true" version="3" changeset="169876203" timestamp="2025-08-02T18:46:23Z" user="Juan MAS" uid="18570611" lat="19.0692011" lon="-98.1701989"/>
 <node id="4568284855" visible="true" version="3" changeset="169876203" timestamp="2025-08-02T18:46:23Z" user="Juan MAS" uid="18570611" lat="19.0690797" lon="-98.1702151"/>
 <node id="4568284856" visible="true" version="3" changeset="169876203" timestamp="2025-08-02T18:46:23Z" user="Juan MAS" uid="18570611" lat="19.0690449" lon="-98.1699226"/>
 <node id="4568284857" visible="true" version="3" changeset="169876203" timestamp="2025-08-02T18:46:23Z" user="Juan MAS" uid="18570611" lat="19.0691663" lon="-98.1699064"/>
 <node id="4568284858" visible="true" version="3" changeset="169876203" timestamp="2025-08-02T18:46:23Z" user="Juan MAS" uid="18570611" lat="19.0694744" lon="-98.1703210"/>
 <node id="4568284859" visible="true" version="3" changeset="169876203" timestamp="2025-08-02T18:46:23Z" user="Juan MAS" uid="18570611" lat="19.0693586" lon="-98.1703400"/>
 <node id="4568284860" visible="true" version="3" changeset="169876203" timestamp="2025-08-02T18:46:23Z" user="Juan MAS" uid="18570611" lat="19.0693350" lon="-98.1701800"/>
 <node id="4568284861" visible="true" version="3" changeset="169876203" timestamp="2025-08-02T18:46:23Z" user="Juan MAS" uid="18570611" lat="19.0694508" lon="-98.1701610"/>
 <node id="4568284862" visible="true" version="3" changeset="169876203" timestamp="2025-08-02T18:46:23Z" user="Juan MAS" uid="18570611" lat="19.0690006" lon="-98.1704706"/>
 <node id="4568284863" visible="true" version="3" changeset="169876203" timestamp="2025-08-02T18:46:23Z" user="Juan MAS" uid="18570611" lat="19.0688792" lon="-98.1704868"/>
 <node id="4568284864" visible="true" version="3" changeset="169876203" timestamp="2025-08-02T18:46:23Z" user="Juan MAS" uid="18570611" lat="19.0688445" lon="-98.1701943"/>
 <node id="4568284865" visible="true" version="3" changeset="169876203" timestamp="2025-08-02T18:46:23Z" user="Juan MAS" uid="18570611" lat="19.0689658" lon="-98.1701781"/>
 <node id="4568284866" visible="true" version="2" changeset="169876203" timestamp="2025-08-02T18:46:23Z" user="Juan MAS" uid="18570611" lat="19.0687008" lon="-98.1701666"/>
 <node id="4568284867" visible="true" version="2" changeset="169876203" timestamp="2025-08-02T18:46:23Z" user="Juan MAS" uid="18570611" lat="19.0685810" lon="-98.1701831"/>
 <node id="4568284868" visible="true" version="2" changeset="169876203" timestamp="2025-08-02T18:46:23Z" user="Juan MAS" uid="18570611" lat="19.0685369" lon="-98.1698232"/>
 <node id="4568284869" visible="true" version="2" changeset="169876203" timestamp="2025-08-02T18:46:23Z" user="Juan MAS" uid="18570611" lat="19.0686567" lon="-98.1698067"/>
 <node id="4568284870" visible="true" version="2" changeset="169876203" timestamp="2025-08-02T18:46:23Z" user="Juan MAS" uid="18570611" lat="19.0689092" lon="-98.1697714"/>
 <node id="4568284871" visible="true" version="2" changeset="169876203" timestamp="2025-08-02T18:46:23Z" user="Juan MAS" uid="18570611" lat="19.0687878" lon="-98.1697876"/>
 <node id="4568284872" visible="true" version="2" changeset="169876203" timestamp="2025-08-02T18:46:23Z" user="Juan MAS" uid="18570611" lat="19.0687530" lon="-98.1694951"/>
 <node id="4568284873" visible="true" version="2" changeset="169876203" timestamp="2025-08-02T18:46:23Z" user="Juan MAS" uid="18570611" lat="19.0688744" lon="-98.1694789"/>
 <node id="4568284874" visible="true" version="3" changeset="169876203" timestamp="2025-08-02T18:46:23Z" user="Juan MAS" uid="18570611" lat="19.0694739" lon="-98.1683120"/>
 <node id="4568284875" visible="true" version="3" changeset="169876203" timestamp="2025-08-02T18:46:23Z" user="Juan MAS" uid="18570611" lat="19.0693526" lon="-98.1683281"/>
 <node id="4568284876" visible="true" version="3" changeset="169876203" timestamp="2025-08-02T18:46:23Z" user="Juan MAS" uid="18570611" lat="19.0693178" lon="-98.1680356"/>
 <node id="4568284877" visible="true" version="3" changeset="169876203" timestamp="2025-08-02T18:46:23Z" user="Juan MAS" uid="18570611" lat="19.0694392" lon="-98.1680195"/>
 <node id="4568284878" visible="true" version="2" changeset="62696384" timestamp="2018-09-18T13:00:54Z" user="chachafish" uid="2237750" lat="19.0687604" lon="-98.1689663"/>
 <node id="4568284879" visible="true" version="2" changeset="62696384" timestamp="2018-09-18T13:00:54Z" user="chachafish" uid="2237750" lat="19.0686391" lon="-98.1689824"/>
 <node id="4568284880" visible="true" version="2" changeset="62696384" timestamp="2018-09-18T13:00:54Z" user="chachafish" uid="2237750" lat="19.0686044" lon="-98.1686899"/>
 <node id="4568284881" visible="true" version="2" changeset="62696384" timestamp="2018-09-18T13:00:54Z" user="chachafish" uid="2237750" lat="19.0687257" lon="-98.1686738"/>
 <node id="4568284882" visible="true" version="2" changeset="62696384" timestamp="2018-09-18T13:00:53Z" user="chachafish" uid="2237750" lat="19.0685830" lon="-98.1689276"/>
 <node id="4568284883" visible="true" version="2" changeset="62696384" timestamp="2018-09-18T13:00:53Z" user="chachafish" uid="2237750" lat="19.0682614" lon="-98.1689694"/>
 <node id="4568284884" visible="true" version="2" changeset="62696384" timestamp="2018-09-18T13:00:53Z" user="chachafish" uid="2237750" lat="19.0682344" lon="-98.1687372"/>
 <node id="4568284885" visible="true" version="2" changeset="62696384" timestamp="2018-09-18T13:00:53Z" user="chachafish" uid="2237750" lat="19.0685561" lon="-98.1686954"/>
 <node id="4568284886" visible="true" version="3" changeset="169876203" timestamp="2025-08-02T18:46:23Z" user="Juan MAS" uid="18570611" lat="19.0681905" lon="-98.1693144"/>
 <node id="4568284887" visible="true" version="3" changeset="169876203" timestamp="2025-08-02T18:46:23Z" user="Juan MAS" uid="18570611" lat="19.0679676" lon="-98.1693462"/>
 <node id="4568284888" visible="true" version="3" changeset="169876203" timestamp="2025-08-02T18:46:23Z" user="Juan MAS" uid="18570611" lat="19.0679388" lon="-98.1691200"/>
 <node id="4568284889" visible="true" version="3" changeset="169876203" timestamp="2025-08-02T18:46:23Z" user="Juan MAS" uid="18570611" lat="19.0681617" lon="-98.1690883"/>
 <node id="4568284890" visible="true" version="3" changeset="169876203" timestamp="2025-08-02T18:46:23Z" user="Juan MAS" uid="18570611" lat="19.0681458" lon="-98.1690318"/>
 <node id="4568284891" visible="true" version="3" changeset="169876203" timestamp="2025-08-02T18:46:23Z" user="Juan MAS" uid="18570611" lat="19.0679560" lon="-98.1690545"/>
 <node id="4568284892" visible="true" version="3" changeset="169876203" timestamp="2025-08-02T18:46:23Z" user="Juan MAS" uid="18570611" lat="19.0679340" lon="-98.1688495"/>
 <node id="4568284893" visible="true" version="3" changeset="169876203" timestamp="2025-08-02T18:46:23Z" user="Juan MAS" uid="18570611" lat="19.0681238" lon="-98.1688267"/>
 <node id="4568284894" visible="true" version="3" changeset="169876203" timestamp="2025-08-02T18:46:23Z" user="Juan MAS" uid="18570611" lat="19.0681524" lon="-98.1704030"/>
 <node id="4568284895" visible="true" version="3" changeset="169876203" timestamp="2025-08-02T18:46:23Z" user="Juan MAS" uid="18570611" lat="19.0678925" lon="-98.1704430"/>
 <node id="4568284896" visible="true" version="3" changeset="169876203" timestamp="2025-08-02T18:46:23Z" user="Juan MAS" uid="18570611" lat="19.0678569" lon="-98.1701837"/>
 <node id="4568284897" visible="true" version="3" changeset="169876203" timestamp="2025-08-02T18:46:23Z" user="Juan MAS" uid="18570611" lat="19.0681168" lon="-98.1701437"/>
 <node id="4568284898" visible="true" version="3" changeset="169876203" timestamp="2025-08-02T18:46:23Z" user="Juan MAS" uid="18570611" lat="19.0694105" lon="-98.1697975"/>
 <node id="4568284899" visible="true" version="3" changeset="169876203" timestamp="2025-08-02T18:46:23Z" user="Juan MAS" uid="18570611" lat="19.0695133" lon="-98.1697811"/>
 <node id="4568284900" visible="true" version="3" changeset="169876203" timestamp="2025-08-02T18:46:23Z" user="Juan MAS" uid="18570611" lat="19.0695468" lon="-98.1700158"/>
 <node id="4568284901" visible="true" version="3" changeset="169876203" timestamp="2025-08-02T18:46:23Z" user="Juan MAS" uid="18570611" lat="19.0694407" lon="-98.1700328"/>
 <node id="4568284902" visible="true" version="3" changeset="169876203" timestamp="2025-08-02T18:46:23Z" user="Juan MAS" uid="18570611" lat="19.0690276" lon="-98.1689581"/>
 <node id="4568284903" visible="true" version="3" changeset="169876203" timestamp="2025-08-02T18:46:23Z" user="Juan MAS" uid="18570611" lat="19.0689096" lon="-98.1689738"/>
 <node id="4568284904" visible="true" version="3" changeset="169876203" timestamp="2025-08-02T18:46:23Z" user="Juan MAS" uid="18570611" lat="19.0688801" lon="-98.1687247"/>
 <node id="4568284905" visible="true" version="3" changeset="169876203" timestamp="2025-08-02T18:46:23Z" user="Juan MAS" uid="18570611" lat="19.0689982" lon="-98.1687090"/>
 <node id="4568284906" visible="true" version="3" changeset="169876203" timestamp="2025-08-02T18:46:23Z" user="Juan MAS" uid="18570611" lat="19.0692621" lon="-98.1685954"/>
 <node id="4568284907" visible="true" version="3" changeset="169876203" timestamp="2025-08-02T18:46:23Z" user="Juan MAS" uid="18570611" lat="19.0690672" lon="-98.1686212"/>
 <node id="4568284908" visible="true" version="3" changeset="169876203" timestamp="2025-08-02T18:46:23Z" user="Juan MAS" uid="18570611" lat="19.0690409" lon="-98.1683985"/>
 <node id="4568284909" visible="true" version="3" changeset="169876203" timestamp="2025-08-02T18:46:23Z" user="Juan MAS" uid="18570611" lat="19.0692358" lon="-98.1683727"/>
 <node id="4568284910" visible="true" version="3" changeset="169876203" timestamp="2025-08-02T18:46:23Z" user="Juan MAS" uid="18570611" lat="19.0692606" lon="-98.1682498"/>
 <node id="4568284911" visible="true" version="3" changeset="169876203" timestamp="2025-08-02T18:46:23Z" user="Juan MAS" uid="18570611" lat="19.0690350" lon="-98.1682796"/>
 <node id="4568284912" visible="true" version="3" changeset="169876203" timestamp="2025-08-02T18:46:23Z" user="Juan MAS" uid="18570611" lat="19.0690050" lon="-98.1680253"/>
 <node id="4568284913" visible="true" version="3" changeset="169876203" timestamp="2025-08-02T18:46:23Z" user="Juan MAS" uid="18570611" lat="19.0692306" lon="-98.1679955"/>
 <node id="4568284914" visible="true" version="3" changeset="169876203" timestamp="2025-08-02T18:46:23Z" user="Juan MAS" uid="18570611" lat="19.0688619" lon="-98.1685321"/>
 <node id="4568284915" visible="true" version="3" changeset="169876203" timestamp="2025-08-02T18:46:23Z" user="Juan MAS" uid="18570611" lat="19.0686779" lon="-98.1685585"/>
 <node id="4568284916" visible="true" version="3" changeset="169876203" timestamp="2025-08-02T18:46:23Z" user="Juan MAS" uid="18570611" lat="19.0686492" lon="-98.1683351"/>
 <node id="4568284917" visible="true" version="3" changeset="169876203" timestamp="2025-08-02T18:46:23Z" user="Juan MAS" uid="18570611" lat="19.0688333" lon="-98.1683087"/>
 <node id="4568284918" visible="true" version="3" changeset="169876203" timestamp="2025-08-02T18:46:23Z" user="Juan MAS" uid="18570611" lat="19.0688435" lon="-98.1683003"/>
 <node id="4568284919" visible="true" version="3" changeset="169876203" timestamp="2025-08-02T18:46:23Z" user="Juan MAS" uid="18570611" lat="19.0686535" lon="-98.1683258"/>
 <node id="4568284920" visible="true" version="3" changeset="169876203" timestamp="2025-08-02T18:46:23Z" user="Juan MAS" uid="18570611" lat="19.0686338" lon="-98.1681617"/>
 <node id="4568284921" visible="true" version="3" changeset="169876203" timestamp="2025-08-02T18:46:23Z" user="Juan MAS" uid="18570611" lat="19.0688239" lon="-98.1681362"/>
 <node id="4568284922" visible="true" version="2" changeset="169876203" timestamp="2025-08-02T18:46:23Z" user="Juan MAS" uid="18570611" lat="19.0687715" lon="-98.1693867"/>
 <node id="4568284923" visible="true" version="2" changeset="169876203" timestamp="2025-08-02T18:46:23Z" user="Juan MAS" uid="18570611" lat="19.0685041" lon="-98.1694324"/>
 <node id="4568284924" visible="true" version="2" changeset="169876203" timestamp="2025-08-02T18:46:23Z" user="Juan MAS" uid="18570611" lat="19.0684858" lon="-98.1693123"/>
 <node id="4568284925" visible="true" version="2" changeset="169876203" timestamp="2025-08-02T18:46:23Z" user="Juan MAS" uid="18570611" lat="19.0687532" lon="-98.1692666"/>
 <node id="4568284926" visible="true" version="2" changeset="169876203" timestamp="2025-08-02T18:46:23Z" user="Juan MAS" uid="18570611" lat="19.0689422" lon="-98.1691294"/>
 <node id="4568284927" visible="true" version="2" changeset="169876203" timestamp="2025-08-02T18:46:23Z" user="Juan MAS" uid="18570611" lat="19.0686737" lon="-98.1691670"/>
 <node id="4568284928" visible="true" version="2" changeset="169876203" timestamp="2025-08-02T18:46:23Z" user="Juan MAS" uid="18570611" lat="19.0686586" lon="-98.1690463"/>
 <node id="4568284929" visible="true" version="2" changeset="169876203" timestamp="2025-08-02T18:46:23Z" user="Juan MAS" uid="18570611" lat="19.0689272" lon="-98.1690088"/>
 <node id="4568284930" visible="true" version="3" changeset="169876203" timestamp="2025-08-02T18:46:23Z" user="Juan MAS" uid="18570611" lat="19.0685271" lon="-98.1685601"/>
 <node id="4568284931" visible="true" version="3" changeset="169876203" timestamp="2025-08-02T18:46:23Z" user="Juan MAS" uid="18570611" lat="19.0682579" lon="-98.1685916"/>
 <node id="4568284932" visible="true" version="3" changeset="169876203" timestamp="2025-08-02T18:46:23Z" user="Juan MAS" uid="18570611" lat="19.0682452" lon="-98.1684706"/>
 <node id="4568284933" visible="true" version="3" changeset="169876203" timestamp="2025-08-02T18:46:23Z" user="Juan MAS" uid="18570611" lat="19.0685144" lon="-98.1684391"/>
 <node id="4568284934" visible="true" version="3" changeset="169876203" timestamp="2025-08-02T18:46:23Z" user="Juan MAS" uid="18570611" lat="19.0697469" lon="-98.1680851"/>
 <node id="4568284935" visible="true" version="3" changeset="169876203" timestamp="2025-08-02T18:46:23Z" user="Juan MAS" uid="18570611" lat="19.0695842" lon="-98.1681052"/>
 <node id="4568284936" visible="true" version="3" changeset="169876203" timestamp="2025-08-02T18:46:23Z" user="Juan MAS" uid="18570611" lat="19.0695710" lon="-98.1679857"/>
 <node id="4568284937" visible="true" version="3" changeset="169876203" timestamp="2025-08-02T18:46:23Z" user="Juan MAS" uid="18570611" lat="19.0697337" lon="-98.1679657"/>
 <node id="4568284938" visible="true" version="4" changeset="169876203" timestamp="2025-08-02T18:46:23Z" user="Juan MAS" uid="18570611" lat="19.0693150" lon="-98.1696294"/>
 <node id="4568284939" visible="true" version="4" changeset="169876203" timestamp="2025-08-02T18:46:23Z" user="Juan MAS" uid="18570611" lat="19.0690463" lon="-98.1696656"/>
 <node id="4568284940" visible="true" version="4" changeset="169876203" timestamp="2025-08-02T18:46:23Z" user="Juan MAS" uid="18570611" lat="19.0690318" lon="-98.1695450"/>
 <node id="4568284941" visible="true" version="4" changeset="169876203" timestamp="2025-08-02T18:46:23Z" user="Juan MAS" uid="18570611" lat="19.0693005" lon="-98.1695088"/>
 <node id="4568284942" visible="true" version="2" changeset="169876203" timestamp="2025-08-02T18:46:23Z" user="Juan MAS" uid="18570611" lat="19.0693686" lon="-98.1696950"/>
 <node id="4568284943" visible="true" version="1" changeset="44614849" timestamp="2016-12-23T08:25:25Z" user="DiegoJP" uid="5007434" lat="19.0693051" lon="-98.1691810"/>
 <node id="4568284944" visible="true" version="1" changeset="44614849" timestamp="2016-12-23T08:25:25Z" user="DiegoJP" uid="5007434" lat="19.0693392" lon="-98.1694512"/>
 <node id="4568284945" visible="true" version="1" changeset="44614849" timestamp="2016-12-23T08:25:25Z" user="DiegoJP" uid="5007434" lat="19.0686651" lon="-98.1697885"/>
 <node id="4568284946" visible="true" version="1" changeset="44614849" timestamp="2016-12-23T08:25:25Z" user="DiegoJP" uid="5007434" lat="19.0686731" lon="-98.1698414"/>
 <node id="4568284947" visible="true" version="1" changeset="44614849" timestamp="2016-12-23T08:25:25Z" user="DiegoJP" uid="5007434" lat="19.0687681" lon="-98.1698264"/>
 <node id="4568284948" visible="true" version="2" changeset="62696384" timestamp="2018-09-18T13:00:52Z" user="chachafish" uid="2237750" lat="19.0682643" lon="-98.1700519"/>
 <node id="4568284949" visible="true" version="2" changeset="62696384" timestamp="2018-09-18T13:00:52Z" user="chachafish" uid="2237750" lat="19.0682418" lon="-98.1698712"/>
 <node id="4568284950" visible="true" version="2" changeset="62696384" timestamp="2018-09-18T13:00:52Z" user="chachafish" uid="2237750" lat="19.0676515" lon="-98.1699534"/>
 <node id="4568284951" visible="true" version="2" changeset="62696384" timestamp="2018-09-18T13:00:52Z" user="chachafish" uid="2237750" lat="19.0676739" lon="-98.1701342"/>
 <node id="4568284952" visible="true" version="2" changeset="62696384" timestamp="2018-09-18T13:00:52Z" user="chachafish" uid="2237750" lat="19.0677327" lon="-98.1705053"/>
 <node id="4568284953" visible="true" version="2" changeset="62696384" timestamp="2018-09-18T13:00:52Z" user="chachafish" uid="2237750" lat="19.0676830" lon="-98.1701765"/>
 <node id="4568284954" visible="true" version="2" changeset="62696384" timestamp="2018-09-18T13:00:52Z" user="chachafish" uid="2237750" lat="19.0679936" lon="-98.1701240"/>
 <node id="4568284955" visible="true" version="2" changeset="62696384" timestamp="2018-09-18T13:00:52Z" user="chachafish" uid="2237750" lat="19.0679988" lon="-98.1701589"/>
 <node id="4568284956" visible="true" version="2" changeset="62696384" timestamp="2018-09-18T13:00:52Z" user="chachafish" uid="2237750" lat="19.0678538" lon="-98.1701835"/>
 <node id="4568284957" visible="true" version="2" changeset="62696384" timestamp="2018-09-18T13:00:52Z" user="chachafish" uid="2237750" lat="19.0678982" lon="-98.1704773"/>
 <node id="4568284958" visible="true" version="2" changeset="62696384" timestamp="2018-09-18T13:00:53Z" user="chachafish" uid="2237750" lat="19.0672346" lon="-98.1705859"/>
 <node id="4568284959" visible="true" version="2" changeset="62696384" timestamp="2018-09-18T13:00:53Z" user="chachafish" uid="2237750" lat="19.0671538" lon="-98.1699302"/>
 <node id="4568284960" visible="true" version="2" changeset="62696384" timestamp="2018-09-18T13:00:53Z" user="chachafish" uid="2237750" lat="19.0675595" lon="-98.1698743"/>
 <node id="4568284961" visible="true" version="2" changeset="62696384" timestamp="2018-09-18T13:00:53Z" user="chachafish" uid="2237750" lat="19.0675986" lon="-98.1701922"/>
 <node id="4568284962" visible="true" version="2" changeset="62696384" timestamp="2018-09-18T13:00:53Z" user="chachafish" uid="2237750" lat="19.0672959" lon="-98.1702340"/>
 <node id="4568284963" visible="true" version="2" changeset="62696384" timestamp="2018-09-18T13:00:53Z" user="chachafish" uid="2237750" lat="19.0673079" lon="-98.1703307"/>
 <node id="4568284964" visible="true" version="2" changeset="62696384" timestamp="2018-09-18T13:00:53Z" user="chachafish" uid="2237750" lat="19.0672599" lon="-98.1703374"/>
 <node id="4568284965" visible="true" version="2" changeset="62696384" timestamp="2018-09-18T13:00:53Z" user="chachafish" uid="2237750" lat="19.0674933" lon="-98.1705503"/>
 <node id="4568284966" visible="true" version="2" changeset="62696384" timestamp="2018-09-18T13:00:53Z" user="chachafish" uid="2237750" lat="19.0674872" lon="-98.1705006"/>
 <node id="4568284967" visible="true" version="2" changeset="62696384" timestamp="2018-09-18T13:00:53Z" user="chachafish" uid="2237750" lat="19.0673356" lon="-98.1705215"/>
 <node id="4568284968" visible="true" version="2" changeset="62696384" timestamp="2018-09-18T13:00:53Z" user="chachafish" uid="2237750" lat="19.0673270" lon="-98.1704523"/>
 <node id="4568284969" visible="true" version="2" changeset="62696384" timestamp="2018-09-18T13:00:53Z" user="chachafish" uid="2237750" lat="19.0672750" lon="-98.1704595"/>
 <node id="4568284970" visible="true" version="3" changeset="169876203" timestamp="2025-08-02T18:46:23Z" user="Juan MAS" uid="18570611" lat="19.0711438" lon="-98.1689623"/>
 <node id="4568284971" visible="true" version="3" changeset="169876203" timestamp="2025-08-02T18:46:23Z" user="Juan MAS" uid="18570611" lat="19.0709376" lon="-98.1689884"/>
 <node id="4568284972" visible="true" version="3" changeset="169876203" timestamp="2025-08-02T18:46:23Z" user="Juan MAS" uid="18570611" lat="19.0708918" lon="-98.1685848"/>
 <node id="4568284973" visible="true" version="3" changeset="169876203" timestamp="2025-08-02T18:46:23Z" user="Juan MAS" uid="18570611" lat="19.0710980" lon="-98.1685586"/>
 <node id="4568284974" visible="true" version="3" changeset="169876203" timestamp="2025-08-02T18:46:23Z" user="Juan MAS" uid="18570611" lat="19.0714764" lon="-98.1700618"/>
 <node id="4568284975" visible="true" version="3" changeset="169876203" timestamp="2025-08-02T18:46:23Z" user="Juan MAS" uid="18570611" lat="19.0712510" lon="-98.1700907"/>
 <node id="4568284976" visible="true" version="3" changeset="169876203" timestamp="2025-08-02T18:46:23Z" user="Juan MAS" uid="18570611" lat="19.0712031" lon="-98.1696729"/>
 <node id="4568284977" visible="true" version="3" changeset="169876203" timestamp="2025-08-02T18:46:23Z" user="Juan MAS" uid="18570611" lat="19.0714285" lon="-98.1696440"/>
 <node id="4568284978" visible="true" version="3" changeset="169876203" timestamp="2025-08-02T18:46:23Z" user="Juan MAS" uid="18570611" lat="19.0718077" lon="-98.1699306"/>
 <node id="4568284979" visible="true" version="3" changeset="169876203" timestamp="2025-08-02T18:46:23Z" user="Juan MAS" uid="18570611" lat="19.0715858" lon="-98.1699601"/>
 <node id="4568284980" visible="true" version="3" changeset="169876203" timestamp="2025-08-02T18:46:23Z" user="Juan MAS" uid="18570611" lat="19.0715366" lon="-98.1695460"/>
 <node id="4568284981" visible="true" version="3" changeset="169876203" timestamp="2025-08-02T18:46:23Z" user="Juan MAS" uid="18570611" lat="19.0717585" lon="-98.1695165"/>
 <node id="4568284982" visible="true" version="3" changeset="169876203" timestamp="2025-08-02T18:46:23Z" user="Juan MAS" uid="18570611" lat="19.0715254" lon="-98.1694139"/>
 <node id="4568284983" visible="true" version="3" changeset="169876203" timestamp="2025-08-02T18:46:23Z" user="Juan MAS" uid="18570611" lat="19.0711808" lon="-98.1694566"/>
 <node id="4568284984" visible="true" version="3" changeset="169876203" timestamp="2025-08-02T18:46:23Z" user="Juan MAS" uid="18570611" lat="19.0711359" lon="-98.1690512"/>
 <node id="4568284985" visible="true" version="3" changeset="169876203" timestamp="2025-08-02T18:46:23Z" user="Juan MAS" uid="18570611" lat="19.0714805" lon="-98.1690085"/>
 <node id="4568284986" visible="true" version="3" changeset="169876203" timestamp="2025-08-02T18:46:23Z" user="Juan MAS" uid="18570611" lat="19.0710725" lon="-98.1698312"/>
 <node id="4568284987" visible="true" version="3" changeset="169876203" timestamp="2025-08-02T18:46:23Z" user="Juan MAS" uid="18570611" lat="19.0708565" lon="-98.1698561"/>
 <node id="4568284988" visible="true" version="3" changeset="169876203" timestamp="2025-08-02T18:46:23Z" user="Juan MAS" uid="18570611" lat="19.0708145" lon="-98.1694493"/>
 <node id="4568284989" visible="true" version="3" changeset="169876203" timestamp="2025-08-02T18:46:23Z" user="Juan MAS" uid="18570611" lat="19.0710305" lon="-98.1694243"/>
 <node id="4568284990" visible="true" version="2" changeset="62696384" timestamp="2018-09-18T13:00:55Z" user="chachafish" uid="2237750" lat="19.0703776" lon="-98.1692974"/>
 <node id="4568284991" visible="true" version="2" changeset="62696384" timestamp="2018-09-18T13:00:55Z" user="chachafish" uid="2237750" lat="19.0704147" lon="-98.1695836"/>
 <node id="4568284992" visible="true" version="2" changeset="62696384" timestamp="2018-09-18T13:00:55Z" user="chachafish" uid="2237750" lat="19.0699906" lon="-98.1696450"/>
 <node id="4568284993" visible="true" version="2" changeset="62696384" timestamp="2018-09-18T13:00:55Z" user="chachafish" uid="2237750" lat="19.0699536" lon="-98.1693589"/>
 <node id="4568284994" visible="true" version="2" changeset="62696384" timestamp="2018-09-18T13:00:55Z" user="chachafish" uid="2237750" lat="19.0698638" lon="-98.1691238"/>
 <node id="4568284995" visible="true" version="2" changeset="62696384" timestamp="2018-09-18T13:00:55Z" user="chachafish" uid="2237750" lat="19.0699226" lon="-98.1696387"/>
 <node id="4568284996" visible="true" version="2" changeset="62696384" timestamp="2018-09-18T13:00:55Z" user="chachafish" uid="2237750" lat="19.0693887" lon="-98.1697070"/>
 <node id="4568284997" visible="true" version="2" changeset="62696384" timestamp="2018-09-18T13:00:55Z" user="chachafish" uid="2237750" lat="19.0694521" lon="-98.1692185"/>
 <node id="4568284998" visible="true" version="2" changeset="62696384" timestamp="2018-09-18T13:00:55Z" user="chachafish" uid="2237750" lat="19.0696660" lon="-98.1691491"/>
 <node id="4568284999" visible="true" version="2" changeset="62696384" timestamp="2018-09-18T13:00:55Z" user="chachafish" uid="2237750" lat="19.0696858" lon="-98.1693218"/>
 <node id="4568285000" visible="true" version="2" changeset="62696384" timestamp="2018-09-18T13:00:55Z" user="chachafish" uid="2237750" lat="19.0695415" lon="-98.1693403"/>
 <node id="4568285001" visible="true" version="2" changeset="62696384" timestamp="2018-09-18T13:00:55Z" user="chachafish" uid="2237750" lat="19.0695265" lon="-98.1692090"/>
 <node id="4568285002" visible="true" version="2" changeset="62696384" timestamp="2018-09-18T13:00:55Z" user="chachafish" uid="2237750" lat="19.0693695" lon="-98.1695392"/>
 <node id="4568285003" visible="true" version="2" changeset="62696384" timestamp="2018-09-18T13:00:55Z" user="chachafish" uid="2237750" lat="19.0694870" lon="-98.1695242"/>
 <node id="4568285004" visible="true" version="2" changeset="169876203" timestamp="2025-08-02T18:46:23Z" user="Juan MAS" uid="18570611" lat="19.0701706" lon="-98.1682460"/>
 <node id="4568285005" visible="true" version="2" changeset="169876203" timestamp="2025-08-02T18:46:23Z" user="Juan MAS" uid="18570611" lat="19.0702453" lon="-98.1688108"/>
 <node id="4568285006" visible="true" version="2" changeset="169876203" timestamp="2025-08-02T18:46:23Z" user="Juan MAS" uid="18570611" lat="19.0701549" lon="-98.1688242"/>
 <node id="4568285007" visible="true" version="2" changeset="169876203" timestamp="2025-08-02T18:46:23Z" user="Juan MAS" uid="18570611" lat="19.0698862" lon="-98.1690503"/>
 <node id="4568285008" visible="true" version="1" changeset="44614849" timestamp="2016-12-23T08:25:26Z" user="DiegoJP" uid="5007434" lat="19.0699572" lon="-98.1689878"/>
 <node id="4568285009" visible="true" version="1" changeset="44614849" timestamp="2016-12-23T08:25:26Z" user="DiegoJP" uid="5007434" lat="19.0703625" lon="-98.1689358"/>
 <node id="4568285010" visible="true" version="1" changeset="44614849" timestamp="2016-12-23T08:25:26Z" user="DiegoJP" uid="5007434" lat="19.0699938" lon="-98.1689573"/>
 <node id="4568285011" visible="true" version="1" changeset="44614849" timestamp="2016-12-23T08:25:26Z" user="DiegoJP" uid="5007434" lat="19.0698946" lon="-98.1680649"/>
 <node id="4568285012" visible="true" version="2" changeset="169876203" timestamp="2025-08-02T18:46:23Z" user="Juan MAS" uid="18570611" lat="19.0700800" lon="-98.1682594"/>
 <node id="4568285013" visible="true" version="2" changeset="169876203" timestamp="2025-08-02T18:46:23Z" user="Juan MAS" uid="18570611" lat="19.0701153" lon="-98.1685261"/>
 <node id="4568285014" visible="true" version="1" changeset="44614849" timestamp="2016-12-23T08:25:26Z" user="DiegoJP" uid="5007434" lat="19.0699479" lon="-98.1685449"/>
 <node id="4568285015" visible="true" version="2" changeset="169876203" timestamp="2025-08-02T18:46:23Z" user="Juan MAS" uid="18570611" lat="19.0718331" lon="-98.1694175"/>
 <node id="4568285016" visible="true" version="1" changeset="44614849" timestamp="2016-12-23T08:25:26Z" user="DiegoJP" uid="5007434" lat="19.0714527" lon="-98.1694695"/>
 <node id="4568285017" visible="true" version="1" changeset="44614849" timestamp="2016-12-23T08:25:26Z" user="DiegoJP" uid="5007434" lat="19.0715174" lon="-98.1701074"/>
 <node id="4568285018" visible="true" version="1" changeset="44614849" timestamp="2016-12-23T08:25:26Z" user="DiegoJP" uid="5007434" lat="19.0713349" lon="-98.1701315"/>
 <node id="4568285019" visible="true" version="1" changeset="44614849" timestamp="2016-12-23T08:25:26Z" user="DiegoJP" uid="5007434" lat="19.0713349" lon="-98.1701128"/>
 <node id="4568285020" visible="true" version="2" changeset="169876203" timestamp="2025-08-02T18:46:23Z" user="Juan MAS" uid="18570611" lat="19.0708798" lon="-98.1701784"/>
 <node id="4568285021" visible="true" version="2" changeset="169876203" timestamp="2025-08-02T18:46:23Z" user="Juan MAS" uid="18570611" lat="19.0708112" lon="-98.1695562"/>
 <node id="4568285022" visible="true" version="2" changeset="169876203" timestamp="2025-08-02T18:46:23Z" user="Juan MAS" uid="18570611" lat="19.0708586" lon="-98.1699774"/>
 <node id="4568285023" visible="true" version="1" changeset="44614849" timestamp="2016-12-23T08:25:26Z" user="DiegoJP" uid="5007434" lat="19.0711853" lon="-98.1699344"/>
 <node id="4568285024" visible="true" version="1" changeset="44614849" timestamp="2016-12-23T08:25:26Z" user="DiegoJP" uid="5007434" lat="19.0711638" lon="-98.1696434"/>
 <node id="4568285025" visible="true" version="1" changeset="44614849" timestamp="2016-12-23T08:25:26Z" user="DiegoJP" uid="5007434" lat="19.0714666" lon="-98.1696069"/>
 <node id="4568285026" visible="true" version="1" changeset="44614849" timestamp="2016-12-23T08:25:26Z" user="DiegoJP" uid="5007434" lat="19.0713078" lon="-98.1696260"/>
 <node id="4568285027" visible="true" version="1" changeset="44614849" timestamp="2016-12-23T08:25:26Z" user="DiegoJP" uid="5007434" lat="19.0712950" lon="-98.1694909"/>
 <node id="4568285028" visible="true" version="1" changeset="44614849" timestamp="2016-12-23T08:25:26Z" user="DiegoJP" uid="5007434" lat="19.0711746" lon="-98.1695073"/>
 <node id="4568285029" visible="true" version="1" changeset="44614849" timestamp="2016-12-23T08:25:26Z" user="DiegoJP" uid="5007434" lat="19.0711460" lon="-98.1692049"/>
 <node id="4568285033" visible="true" version="1" changeset="44614849" timestamp="2016-12-23T08:25:26Z" user="DiegoJP" uid="5007434" lat="19.0709435" lon="-98.1695387"/>
 <node id="4568285034" visible="true" version="1" changeset="44614849" timestamp="2016-12-23T08:25:26Z" user="DiegoJP" uid="5007434" lat="19.0711586" lon="-98.1693375"/>
 <node id="4568285035" visible="true" version="2" changeset="169876203" timestamp="2025-08-02T18:46:23Z" user="Juan MAS" uid="18570611" lat="19.0709426" lon="-98.1693591"/>
 <node id="4568285036" visible="true" version="2" changeset="169876203" timestamp="2025-08-02T18:46:23Z" user="Juan MAS" uid="18570611" lat="19.0684566" lon="-98.1698379"/>
 <node id="4568285037" visible="true" version="1" changeset="44614849" timestamp="2016-12-23T08:25:26Z" user="DiegoJP" uid="5007434" lat="19.0682451" lon="-98.1698628"/>
 <node id="4568285038" visible="true" version="1" changeset="44614849" timestamp="2016-12-23T08:25:26Z" user="DiegoJP" uid="5007434" lat="19.0682730" lon="-98.1700680"/>
 <node id="4568285039" visible="true" version="1" changeset="44614849" timestamp="2016-12-23T08:25:26Z" user="DiegoJP" uid="5007434" lat="19.0676431" lon="-98.1701592"/>
 <node id="4568285040" visible="true" version="1" changeset="44614849" timestamp="2016-12-23T08:25:26Z" user="DiegoJP" uid="5007434" lat="19.0674973" lon="-98.1689336"/>
 <node id="4568285041" visible="true" version="1" changeset="44614849" timestamp="2016-12-23T08:25:26Z" user="DiegoJP" uid="5007434" lat="19.0672129" lon="-98.1689908"/>
 <node id="4568285042" visible="true" version="2" changeset="99525339" timestamp="2021-02-18T12:47:08Z" user="AlumRock" uid="10353523" lat="19.0671665" lon="-98.1685004"/>
 <node id="4568285043" visible="true" version="1" changeset="44614849" timestamp="2016-12-23T08:25:26Z" user="DiegoJP" uid="5007434" lat="19.0682488" lon="-98.1700715"/>
 <node id="4568285044" visible="true" version="1" changeset="44614849" timestamp="2016-12-23T08:25:26Z" user="DiegoJP" uid="5007434" lat="19.0682851" lon="-98.1703277"/>
 <node id="4568285045" visible="true" version="1" changeset="44614849" timestamp="2016-12-23T08:25:26Z" user="DiegoJP" uid="5007434" lat="19.0681551" lon="-98.1703439"/>
 <node id="4568285046" visible="true" version="1" changeset="44614849" timestamp="2016-12-23T08:25:26Z" user="DiegoJP" uid="5007434" lat="19.0681397" lon="-98.1702357"/>
 <node id="4568285047" visible="true" version="1" changeset="44614849" timestamp="2016-12-23T08:25:26Z" user="DiegoJP" uid="5007434" lat="19.0682694" lon="-98.1702172"/>
 <node id="4568285048" visible="true" version="4" changeset="169876203" timestamp="2025-08-02T18:46:23Z" user="Juan MAS" uid="18570611" lat="19.0671976" lon="-98.1689169"/>
 <node id="4568285049" visible="true" version="4" changeset="169876203" timestamp="2025-08-02T18:46:23Z" user="Juan MAS" uid="18570611" lat="19.0670130" lon="-98.1689428"/>
 <node id="4568285050" visible="true" version="4" changeset="169876203" timestamp="2025-08-02T18:46:23Z" user="Juan MAS" uid="18570611" lat="19.0669690" lon="-98.1685912"/>
 <node id="4568285051" visible="true" version="4" changeset="169876203" timestamp="2025-08-02T18:46:23Z" user="Juan MAS" uid="18570611" lat="19.0671536" lon="-98.1685654"/>
 <node id="4568285052" visible="true" version="1" changeset="44614849" timestamp="2016-12-23T08:25:26Z" user="DiegoJP" uid="5007434" lat="19.0675587" lon="-98.1694500"/>
 <node id="4568285053" visible="true" version="1" changeset="44614849" timestamp="2016-12-23T08:25:26Z" user="DiegoJP" uid="5007434" lat="19.0671474" lon="-98.1694985"/>
 <node id="4568285054" visible="true" version="1" changeset="44614849" timestamp="2016-12-23T08:25:26Z" user="DiegoJP" uid="5007434" lat="19.0670853" lon="-98.1690157"/>
 <node id="4568285055" visible="true" version="1" changeset="44614849" timestamp="2016-12-23T08:25:26Z" user="DiegoJP" uid="5007434" lat="19.0675429" lon="-98.1693170"/>
 <node id="4568285056" visible="true" version="1" changeset="44614849" timestamp="2016-12-23T08:25:26Z" user="DiegoJP" uid="5007434" lat="19.0671309" lon="-98.1693703"/>
 <node id="4568285057" visible="true" version="1" changeset="44614849" timestamp="2016-12-23T08:25:26Z" user="DiegoJP" uid="5007434" lat="19.0675058" lon="-98.1690053"/>
 <node id="4568285058" visible="true" version="1" changeset="44614849" timestamp="2016-12-23T08:25:26Z" user="DiegoJP" uid="5007434" lat="19.0677057" lon="-98.1689807"/>
 <node id="4568285059" visible="true" version="1" changeset="44614849" timestamp="2016-12-23T08:25:26Z" user="DiegoJP" uid="5007434" lat="19.0677412" lon="-98.1692328"/>
 <node id="4568285060" visible="true" version="1" changeset="44614849" timestamp="2016-12-23T08:25:26Z" user="DiegoJP" uid="5007434" lat="19.0675366" lon="-98.1692639"/>
 <node id="4568285061" visible="true" version="1" changeset="44614849" timestamp="2016-12-23T08:25:26Z" user="DiegoJP" uid="5007434" lat="19.0677156" lon="-98.1692367"/>
 <node id="4568285062" visible="true" version="1" changeset="44614849" timestamp="2016-12-23T08:25:26Z" user="DiegoJP" uid="5007434" lat="19.0679566" lon="-98.1693938"/>
 <node id="4568285063" visible="true" version="2" changeset="169876203" timestamp="2025-08-02T18:46:23Z" user="Juan MAS" uid="18570611" lat="19.0683872" lon="-98.1693481"/>
 <node id="4568285064" visible="true" version="1" changeset="44614849" timestamp="2016-12-23T08:25:26Z" user="DiegoJP" uid="5007434" lat="19.0682281" lon="-98.1693650"/>
 <node id="4568285065" visible="true" version="1" changeset="44614849" timestamp="2016-12-23T08:25:26Z" user="DiegoJP" uid="5007434" lat="19.0681630" lon="-98.1687996"/>
 <node id="4568285066" visible="true" version="1" changeset="44614849" timestamp="2016-12-23T08:25:26Z" user="DiegoJP" uid="5007434" lat="19.0679145" lon="-98.1688283"/>
 <node id="4568285067" visible="true" version="2" changeset="169876203" timestamp="2025-08-02T18:46:23Z" user="Juan MAS" uid="18570611" lat="19.0681952" lon="-98.1690790"/>
 <node id="4568285068" visible="true" version="2" changeset="169876203" timestamp="2025-08-02T18:46:23Z" user="Juan MAS" uid="18570611" lat="19.0684404" lon="-98.1690489"/>
 <node id="4568285069" visible="true" version="2" changeset="169876203" timestamp="2025-08-02T18:46:23Z" user="Juan MAS" uid="18570611" lat="19.0684613" lon="-98.1692359"/>
 <node id="4568285070" visible="true" version="1" changeset="44614849" timestamp="2016-12-23T08:25:26Z" user="DiegoJP" uid="5007434" lat="19.0683732" lon="-98.1692495"/>
 <node id="4568285072" visible="true" version="1" changeset="44614849" timestamp="2016-12-23T08:25:26Z" user="DiegoJP" uid="5007434" lat="19.0691553" lon="-98.1689613"/>
 <node id="4568285073" visible="true" version="1" changeset="44614849" timestamp="2016-12-23T08:25:26Z" user="DiegoJP" uid="5007434" lat="19.0691323" lon="-98.1687625"/>
 <node id="4568285074" visible="true" version="2" changeset="169876203" timestamp="2025-08-02T18:46:23Z" user="Juan MAS" uid="18570611" lat="19.0696642" lon="-98.1686916"/>
 <node id="4568285075" visible="true" version="1" changeset="44614849" timestamp="2016-12-23T08:25:26Z" user="DiegoJP" uid="5007434" lat="19.0692926" lon="-98.1687411"/>
 <node id="4568285076" visible="true" version="1" changeset="44614849" timestamp="2016-12-23T08:25:26Z" user="DiegoJP" uid="5007434" lat="19.0692557" lon="-98.1683594"/>
 <node id="4568285077" visible="true" version="1" changeset="44614849" timestamp="2016-12-23T08:25:26Z" user="DiegoJP" uid="5007434" lat="19.0689782" lon="-98.1683956"/>
 <node id="4568285078" visible="true" version="1" changeset="44614849" timestamp="2016-12-23T08:25:26Z" user="DiegoJP" uid="5007434" lat="19.0690086" lon="-98.1686893"/>
 <node id="4568285079" visible="true" version="1" changeset="44614849" timestamp="2016-12-23T08:25:26Z" user="DiegoJP" uid="5007434" lat="19.0687525" lon="-98.1687242"/>
 <node id="4568285080" visible="true" version="2" changeset="169876203" timestamp="2025-08-02T18:46:23Z" user="Juan MAS" uid="18570611" lat="19.0687919" lon="-98.1690058"/>
 <node id="4568285081" visible="true" version="1" changeset="44614849" timestamp="2016-12-23T08:25:26Z" user="DiegoJP" uid="5007434" lat="19.0692841" lon="-98.1686532"/>
 <node id="4568285082" visible="true" version="3" changeset="169876203" timestamp="2025-08-02T18:46:23Z" user="Juan MAS" uid="18570611" lat="19.0682094" lon="-98.1669087"/>
 <node id="4568285083" visible="true" version="1" changeset="44614849" timestamp="2016-12-23T08:25:26Z" user="DiegoJP" uid="5007434" lat="19.0678681" lon="-98.1672379"/>
 <node id="4568285084" visible="true" version="1" changeset="44614849" timestamp="2016-12-23T08:25:26Z" user="DiegoJP" uid="5007434" lat="19.0681508" lon="-98.1677894"/>
 <node id="4568285085" visible="true" version="1" changeset="44614849" timestamp="2016-12-23T08:25:26Z" user="DiegoJP" uid="5007434" lat="19.0682850" lon="-98.1677426"/>
 <node id="4568285086" visible="true" version="1" changeset="44614849" timestamp="2016-12-23T08:25:26Z" user="DiegoJP" uid="5007434" lat="19.0683835" lon="-98.1676560"/>
 <node id="4568285087" visible="true" version="1" changeset="44614849" timestamp="2016-12-23T08:25:26Z" user="DiegoJP" uid="5007434" lat="19.0684379" lon="-98.1675625"/>
 <node id="4568285088" visible="true" version="1" changeset="44614849" timestamp="2016-12-23T08:25:26Z" user="DiegoJP" uid="5007434" lat="19.0684666" lon="-98.1674546"/>
 <node id="4568285089" visible="true" version="1" changeset="44614849" timestamp="2016-12-23T08:25:26Z" user="DiegoJP" uid="5007434" lat="19.0684697" lon="-98.1673474"/>
 <node id="4568285090" visible="true" version="2" changeset="106505594" timestamp="2021-06-17T06:16:56Z" user="Mendips" uid="10409558" lat="19.0684330" lon="-98.1672435"/>
 <node id="4568285091" visible="true" version="2" changeset="106505594" timestamp="2021-06-17T06:16:56Z" user="Mendips" uid="10409558" lat="19.0683808" lon="-98.1671508"/>
 <node id="4568285092" visible="true" version="1" changeset="44614849" timestamp="2016-12-23T08:25:26Z" user="DiegoJP" uid="5007434" lat="19.0688387" lon="-98.1705087"/>
 <node id="4568285093" visible="true" version="1" changeset="44614849" timestamp="2016-12-23T08:25:26Z" user="DiegoJP" uid="5007434" lat="19.0688026" lon="-98.1701724"/>
 <node id="4568285094" visible="true" version="1" changeset="44614849" timestamp="2016-12-23T08:25:27Z" user="DiegoJP" uid="5007434" lat="19.0685286" lon="-98.1702042"/>
 <node id="4568285095" visible="true" version="1" changeset="44614849" timestamp="2016-12-23T08:25:27Z" user="DiegoJP" uid="5007434" lat="19.0685709" lon="-98.1705429"/>
 <node id="4568327102" visible="true" version="2" changeset="100258931" timestamp="2021-03-02T08:09:44Z" user="BeniHammad" uid="10461114" lat="19.0706775" lon="-98.1703546"/>
 <node id="4568327103" visible="true" version="2" changeset="100258931" timestamp="2021-03-02T08:09:44Z" user="BeniHammad" uid="10461114" lat="19.0706567" lon="-98.1702351"/>
 <node id="4568327104" visible="true" version="2" changeset="100258931" timestamp="2021-03-02T08:09:44Z" user="BeniHammad" uid="10461114" lat="19.0703904" lon="-98.1681143"/>
 <node id="4568327105" visible="true" version="2" changeset="100258931" timestamp="2021-03-02T08:09:44Z" user="BeniHammad" uid="10461114" lat="19.0705146" lon="-98.1679472"/>
 <node id="4568327106" visible="true" version="2" changeset="100258931" timestamp="2021-03-02T08:09:44Z" user="BeniHammad" uid="10461114" lat="19.0707635" lon="-98.1702213"/>
 <node id="4568327107" visible="true" version="1" changeset="44615209" timestamp="2016-12-23T08:42:05Z" user="DiegoJP" uid="5007434" lat="19.0706407" lon="-98.1690766"/>
 <node id="4568327108" visible="true" version="1" changeset="44615209" timestamp="2016-12-23T08:42:05Z" user="DiegoJP" uid="5007434" lat="19.0706970" lon="-98.1681915"/>
 <node id="4568327109" visible="true" version="2" changeset="100258931" timestamp="2021-03-02T08:09:44Z" user="BeniHammad" uid="10461114" lat="19.0706862" lon="-98.1695720"/>
 <node id="4568327110" visible="true" version="2" changeset="104533515" timestamp="2021-05-11T20:06:36Z" user="BlueButterfly" uid="11601527" lat="19.0708225" lon="-98.1690289"/>
 <node id="4568327111" visible="true" version="1" changeset="44615209" timestamp="2016-12-23T08:42:05Z" user="DiegoJP" uid="5007434" lat="19.0706384" lon="-98.1690634"/>
 <node id="4568327112" visible="true" version="2" changeset="106835344" timestamp="2021-06-23T11:40:07Z" user="Dublarchar" uid="12652995" lat="19.0720362" lon="-98.1700298"/>
 <node id="4568327113" visible="true" version="3" changeset="104533515" timestamp="2021-05-11T20:06:36Z" user="BlueButterfly" uid="11601527" lat="19.0706382" lon="-98.1701426"/>
 <node id="4568327114" visible="true" version="2" changeset="104533515" timestamp="2021-05-11T20:06:36Z" user="BlueButterfly" uid="11601527" lat="19.0704155" lon="-98.1701604"/>
 <node id="4568327115" visible="true" version="2" changeset="104533515" timestamp="2021-05-11T20:06:36Z" user="BlueButterfly" uid="11601527" lat="19.0703830" lon="-98.1703094"/>
 <node id="4568327116" visible="true" version="2" changeset="104533515" timestamp="2021-05-11T20:06:36Z" user="BlueButterfly" uid="11601527" lat="19.0700262" lon="-98.1703537"/>
 <node id="4568327117" visible="true" version="2" changeset="104533515" timestamp="2021-05-11T20:06:36Z" user="BlueButterfly" uid="11601527" lat="19.0700161" lon="-98.1702719"/>
 <node id="4568327118" visible="true" version="2" changeset="104533515" timestamp="2021-05-11T20:06:36Z" user="BlueButterfly" uid="11601527" lat="19.0703797" lon="-98.1702038"/>
 <node id="4568327119" visible="true" version="1" changeset="44615209" timestamp="2016-12-23T08:42:05Z" user="DiegoJP" uid="5007434" lat="19.0716520" lon="-98.1702408"/>
 <node id="4568327120" visible="true" version="1" changeset="44615209" timestamp="2016-12-23T08:42:05Z" user="DiegoJP" uid="5007434" lat="19.0699918" lon="-98.1704243"/>
 <node id="4568327121" visible="true" version="1" changeset="44615209" timestamp="2016-12-23T08:42:05Z" user="DiegoJP" uid="5007434" lat="19.0672588" lon="-98.1708750"/>
 <node id="4568327122" visible="true" version="1" changeset="44615209" timestamp="2016-12-23T08:42:05Z" user="DiegoJP" uid="5007434" lat="19.0678067" lon="-98.1707350"/>
 <node id="4568327123" visible="true" version="1" changeset="44615209" timestamp="2016-12-23T08:42:05Z" user="DiegoJP" uid="5007434" lat="19.0664094" lon="-98.1666618"/>
 <node id="4568327124" visible="true" version="3" changeset="104533515" timestamp="2021-05-11T20:06:36Z" user="BlueButterfly" uid="11601527" lat="19.0671823" lon="-98.1708958">
  <tag k="access" v="permissive"/>
  <tag k="barrier" v="gate"/>
 </node>
 <node id="4568327126" visible="true" version="4" changeset="106445895" timestamp="2021-06-16T07:26:28Z" user="Mendips" uid="10409558" lat="19.0669063" lon="-98.1688346"/>
 <node id="4568327127" visible="true" version="2" changeset="104533515" timestamp="2021-05-11T20:06:36Z" user="BlueButterfly" uid="11601527" lat="19.0671650" lon="-98.1706975"/>
 <node id="4568327128" visible="true" version="1" changeset="44615209" timestamp="2016-12-23T08:42:05Z" user="DiegoJP" uid="5007434" lat="19.0683991" lon="-98.1704739"/>
 <node id="4568327129" visible="true" version="1" changeset="44615209" timestamp="2016-12-23T08:42:05Z" user="DiegoJP" uid="5007434" lat="19.0683330" lon="-98.1699579"/>
 <node id="4569792510" visible="true" version="2" changeset="169876203" timestamp="2025-08-02T18:46:23Z" user="Juan MAS" uid="18570611" lat="19.0698496" lon="-98.1704289">
  <tag k="amenity" v="atm"/>
  <tag k="brand" v="Banamex"/>
  <tag k="brand:wikidata" v="Q749474"/>
  <tag k="currency:MXN" v="yes"/>
  <tag k="drive_through" v="no"/>
  <tag k="name" v="Banamex ATM"/>
  <tag k="operator" v="Banamex"/>
  <tag k="operator:wikidata" v="Q749474"/>
 </node>
 <node id="4580593351" visible="true" version="1" changeset="44774601" timestamp="2016-12-30T04:00:43Z" user="DiegoJP" uid="5007434" lat="19.0699372" lon="-98.1702304"/>
 <node id="4580593352" visible="true" version="1" changeset="44774601" timestamp="2016-12-30T04:00:43Z" user="DiegoJP" uid="5007434" lat="19.0699646" lon="-98.1704274"/>
 <node id="4580593353" visible="true" version="1" changeset="44774601" timestamp="2016-12-30T04:00:43Z" user="DiegoJP" uid="5007434" lat="19.0704435" lon="-98.1703787"/>
 <node id="4580593354" visible="true" version="1" changeset="44774601" timestamp="2016-12-30T04:00:43Z" user="DiegoJP" uid="5007434" lat="19.0704235" lon="-98.1702142"/>
 <node id="4580593355" visible="true" version="1" changeset="44774601" timestamp="2016-12-30T04:00:43Z" user="DiegoJP" uid="5007434" lat="19.0704958" lon="-98.1701995"/>
 <node id="4580593356" visible="true" version="1" changeset="44774601" timestamp="2016-12-30T04:00:43Z" user="DiegoJP" uid="5007434" lat="19.0705217" lon="-98.1703708"/>
 <node id="4580593357" visible="true" version="1" changeset="44774601" timestamp="2016-12-30T04:00:43Z" user="DiegoJP" uid="5007434" lat="19.0719095" lon="-98.1701908"/>
 <node id="4580593358" visible="true" version="1" changeset="44774601" timestamp="2016-12-30T04:00:44Z" user="DiegoJP" uid="5007434" lat="19.0719486" lon="-98.1701295"/>
 <node id="4580593359" visible="true" version="1" changeset="44774601" timestamp="2016-12-30T04:00:44Z" user="DiegoJP" uid="5007434" lat="19.0719379" lon="-98.1699813"/>
 <node id="4580593360" visible="true" version="1" changeset="44774601" timestamp="2016-12-30T04:00:44Z" user="DiegoJP" uid="5007434" lat="19.0715685" lon="-98.1700301"/>
 <node id="4580593361" visible="true" version="1" changeset="44774601" timestamp="2016-12-30T04:00:44Z" user="DiegoJP" uid="5007434" lat="19.0715777" lon="-98.1701148"/>
 <node id="4580593362" visible="true" version="1" changeset="44774601" timestamp="2016-12-30T04:00:44Z" user="DiegoJP" uid="5007434" lat="19.0707929" lon="-98.1702142"/>
 <node id="4580593363" visible="true" version="1" changeset="44774601" timestamp="2016-12-30T04:00:44Z" user="DiegoJP" uid="5007434" lat="19.0707451" lon="-98.1694977"/>
 <node id="4580593364" visible="true" version="2" changeset="169876203" timestamp="2025-08-02T18:46:23Z" user="Juan MAS" uid="18570611" lat="19.0709432" lon="-98.1694744"/>
 <node id="4580593365" visible="true" version="1" changeset="44774601" timestamp="2016-12-30T04:00:44Z" user="DiegoJP" uid="5007434" lat="19.0709419" lon="-98.1692318"/>
 <node id="4580593366" visible="true" version="1" changeset="44774601" timestamp="2016-12-30T04:00:44Z" user="DiegoJP" uid="5007434" lat="19.0707696" lon="-98.1681562"/>
 <node id="4580593367" visible="true" version="1" changeset="44774601" timestamp="2016-12-30T04:00:44Z" user="DiegoJP" uid="5007434" lat="19.0704959" lon="-98.1677918"/>
 <node id="4580593368" visible="true" version="1" changeset="44774601" timestamp="2016-12-30T04:00:44Z" user="DiegoJP" uid="5007434" lat="19.0702906" lon="-98.1681376"/>
 <node id="4580593369" visible="true" version="1" changeset="44774601" timestamp="2016-12-30T04:00:44Z" user="DiegoJP" uid="5007434" lat="19.0705451" lon="-98.1701360"/>
 <node id="4580593370" visible="true" version="1" changeset="44774601" timestamp="2016-12-30T04:00:44Z" user="DiegoJP" uid="5007434" lat="19.0712179" lon="-98.1702918"/>
 <node id="4580593371" visible="true" version="2" changeset="169876203" timestamp="2025-08-02T18:46:23Z" user="Juan MAS" uid="18570611" lat="19.0709425" lon="-98.1693429"/>
 <node id="4580593372" visible="true" version="1" changeset="44774601" timestamp="2016-12-30T04:00:44Z" user="DiegoJP" uid="5007434" lat="19.0683975" lon="-98.1698748"/>
 <node id="4580593373" visible="true" version="1" changeset="44774601" timestamp="2016-12-30T04:00:44Z" user="DiegoJP" uid="5007434" lat="19.0682497" lon="-98.1698967"/>
 <node id="4580593374" visible="true" version="1" changeset="44774601" timestamp="2016-12-30T04:00:44Z" user="DiegoJP" uid="5007434" lat="19.0683313" lon="-98.1704399"/>
 <node id="4580593375" visible="true" version="1" changeset="44774601" timestamp="2016-12-30T04:00:44Z" user="DiegoJP" uid="5007434" lat="19.0681435" lon="-98.1704708"/>
 <node id="4580593376" visible="true" version="1" changeset="44774601" timestamp="2016-12-30T04:00:44Z" user="DiegoJP" uid="5007434" lat="19.0681343" lon="-98.1704171"/>
 <node id="4580593377" visible="true" version="1" changeset="44774601" timestamp="2016-12-30T04:00:44Z" user="DiegoJP" uid="5007434" lat="19.0679127" lon="-98.1704529"/>
 <node id="4580593378" visible="true" version="1" changeset="44774601" timestamp="2016-12-30T04:00:44Z" user="DiegoJP" uid="5007434" lat="19.0679204" lon="-98.1705213"/>
 <node id="4580593379" visible="true" version="1" changeset="44774601" timestamp="2016-12-30T04:00:44Z" user="DiegoJP" uid="5007434" lat="19.0672186" lon="-98.1706434"/>
 <node id="4580593380" visible="true" version="1" changeset="44774601" timestamp="2016-12-30T04:00:44Z" user="DiegoJP" uid="5007434" lat="19.0671339" lon="-98.1699188"/>
 <node id="4580593381" visible="true" version="1" changeset="44774601" timestamp="2016-12-30T04:00:44Z" user="DiegoJP" uid="5007434" lat="19.0671791" lon="-98.1699108"/>
 <node id="4580593382" visible="true" version="2" changeset="101662629" timestamp="2021-03-24T16:51:20Z" user="WingardiumMapiosa" uid="7526668" lat="19.0669670" lon="-98.1686755"/>
 <node id="4580593383" visible="true" version="2" changeset="101662629" timestamp="2021-03-24T16:51:20Z" user="WingardiumMapiosa" uid="7526668" lat="19.0664174" lon="-98.1688339"/>
 <node id="4580593384" visible="true" version="1" changeset="44774601" timestamp="2016-12-30T04:00:44Z" user="DiegoJP" uid="5007434" lat="19.0671203" lon="-98.1709125"/>
 <node id="4580593385" visible="true" version="1" changeset="44774601" timestamp="2016-12-30T04:00:44Z" user="DiegoJP" uid="5007434" lat="19.0672114" lon="-98.1708878"/>
 <node id="4580593386" visible="true" version="1" changeset="44774601" timestamp="2016-12-30T04:00:44Z" user="DiegoJP" uid="5007434" lat="19.0672046" lon="-98.1707890"/>
 <node id="4580593387" visible="true" version="1" changeset="44774601" timestamp="2016-12-30T04:00:44Z" user="DiegoJP" uid="5007434" lat="19.0679880" lon="-98.1706278"/>
 <node id="4580593388" visible="true" version="1" changeset="44774601" timestamp="2016-12-30T04:00:44Z" user="DiegoJP" uid="5007434" lat="19.0684995" lon="-98.1705612"/>
 <node id="4580593589" visible="true" version="1" changeset="44774601" timestamp="2016-12-30T04:00:44Z" user="DiegoJP" uid="5007434" lat="19.0704618" lon="-98.1677464"/>
 <node id="4768735400" visible="true" version="2" changeset="52110186" timestamp="2017-09-17T07:09:08Z" user="Yortch" uid="6643536" lat="19.0700393" lon="-98.1746451"/>
 <node id="4768735401" visible="true" version="2" changeset="52110186" timestamp="2017-09-17T07:09:08Z" user="Yortch" uid="6643536" lat="19.0691843" lon="-98.1741876"/>
 <node id="4768735402" visible="true" version="2" changeset="52110186" timestamp="2017-09-17T07:09:08Z" user="Yortch" uid="6643536" lat="19.0681471" lon="-98.1736235"/>
 <node id="4768735403" visible="true" version="2" changeset="52110186" timestamp="2017-09-17T07:09:08Z" user="Yortch" uid="6643536" lat="19.0683579" lon="-98.1724122"/>
 <node id="4768735404" visible="true" version="2" changeset="52110186" timestamp="2017-09-17T07:09:08Z" user="Yortch" uid="6643536" lat="19.0674683" lon="-98.1713023"/>
 <node id="4768735405" visible="true" version="2" changeset="52110186" timestamp="2017-09-17T07:09:08Z" user="Yortch" uid="6643536" lat="19.0709949" lon="-98.1737987"/>
 <node id="4773472728" visible="true" version="4" changeset="99451958" timestamp="2021-02-17T12:18:49Z" user="AlumRock" uid="10353523" lat="19.0661075" lon="-98.1747932"/>
 <node id="4773472729" visible="true" version="3" changeset="81146832" timestamp="2020-02-18T04:06:54Z" user="natureandchill" uid="9565120" lat="19.0672991" lon="-98.1746572"/>
 <node id="4773479932" visible="true" version="2" changeset="47422532" timestamp="2017-04-03T19:22:31Z" user="Mónica Monroy" uid="2606038" lat="19.0672129" lon="-98.1746330"/>
 <node id="4773479933" visible="true" version="2" changeset="47422532" timestamp="2017-04-03T19:22:31Z" user="Mónica Monroy" uid="2606038" lat="19.0670270" lon="-98.1746589"/>
 <node id="4773491583" visible="true" version="1" changeset="47422532" timestamp="2017-04-03T19:22:31Z" user="Mónica Monroy" uid="2606038" lat="19.0664820" lon="-98.1747168"/>
 <node id="5110524432" visible="true" version="1" changeset="52110186" timestamp="2017-09-17T07:09:07Z" user="Yortch" uid="6643536" lat="19.0696581" lon="-98.1707360"/>
 <node id="5110524433" visible="true" version="1" changeset="52110186" timestamp="2017-09-17T07:09:07Z" user="Yortch" uid="6643536" lat="19.0681589" lon="-98.1709199"/>
 <node id="5110524434" visible="true" version="1" changeset="52110186" timestamp="2017-09-17T07:09:07Z" user="Yortch" uid="6643536" lat="19.0674446" lon="-98.1711052"/>
 <node id="5110524435" visible="true" version="1" changeset="52110186" timestamp="2017-09-17T07:09:07Z" user="Yortch" uid="6643536" lat="19.0669653" lon="-98.1713713"/>
 <node id="5110524436" visible="true" version="1" changeset="52110186" timestamp="2017-09-17T07:09:07Z" user="Yortch" uid="6643536" lat="19.0669366" lon="-98.1711975"/>
 <node id="5110524437" visible="true" version="1" changeset="52110186" timestamp="2017-09-17T07:09:07Z" user="Yortch" uid="6643536" lat="19.0706217" lon="-98.1719576"/>
 <node id="5110524438" visible="true" version="1" changeset="52110186" timestamp="2017-09-17T07:09:07Z" user="Yortch" uid="6643536" lat="19.0714569" lon="-98.1729733"/>
 <node id="5110524440" visible="true" version="1" changeset="52110186" timestamp="2017-09-17T07:09:07Z" user="Yortch" uid="6643536" lat="19.0674040" lon="-98.1732220"/>
 <node id="5110524441" visible="true" version="1" changeset="52110186" timestamp="2017-09-17T07:09:07Z" user="Yortch" uid="6643536" lat="19.0716562" lon="-98.1732193"/>
 <node id="5110524442" visible="true" version="2" changeset="95867849" timestamp="2020-12-15T10:27:53Z" user="Alderney" uid="10892422" lat="19.0709572" lon="-98.1735509"/>
 <node id="5110524443" visible="true" version="2" changeset="95867849" timestamp="2020-12-15T10:27:53Z" user="Alderney" uid="10892422" lat="19.0702790" lon="-98.1741614"/>
 <node id="5110524444" visible="true" version="2" changeset="95867849" timestamp="2020-12-15T10:27:53Z" user="Alderney" uid="10892422" lat="19.0698217" lon="-98.1735926"/>
 <node id="5110524445" visible="true" version="2" changeset="95867849" timestamp="2020-12-15T10:27:53Z" user="Alderney" uid="10892422" lat="19.0704998" lon="-98.1729822"/>
 <node id="5110524446" visible="true" version="2" changeset="95875032" timestamp="2020-12-15T12:02:33Z" user="Alderney" uid="10892422" lat="19.0682477" lon="-98.1711218"/>
 <node id="5110524447" visible="true" version="2" changeset="95875032" timestamp="2020-12-15T12:02:33Z" user="Alderney" uid="10892422" lat="19.0683113" lon="-98.1717168"/>
 <node id="5110524448" visible="true" version="2" changeset="95875032" timestamp="2020-12-15T12:02:33Z" user="Alderney" uid="10892422" lat="19.0691207" lon="-98.1716199"/>
 <node id="5110524449" visible="true" version="2" changeset="95875032" timestamp="2020-12-15T12:02:33Z" user="Alderney" uid="10892422" lat="19.0690571" lon="-98.1710250"/>
 <node id="5110524450" visible="true" version="2" changeset="95875032" timestamp="2020-12-15T12:02:33Z" user="Alderney" uid="10892422" lat="19.0682235" lon="-98.1717230"/>
 <node id="5110524451" visible="true" version="1" changeset="52110186" timestamp="2017-09-17T07:09:07Z" user="Yortch" uid="6643536" lat="19.0683116" lon="-98.1719384"/>
 <node id="5110524452" visible="true" version="1" changeset="52110186" timestamp="2017-09-17T07:09:07Z" user="Yortch" uid="6643536" lat="19.0684003" lon="-98.1721873"/>
 <node id="5110524453" visible="true" version="1" changeset="52110186" timestamp="2017-09-17T07:09:07Z" user="Yortch" uid="6643536" lat="19.0685122" lon="-98.1723832"/>
 <node id="5110524454" visible="true" version="1" changeset="52110186" timestamp="2017-09-17T07:09:07Z" user="Yortch" uid="6643536" lat="19.0685893" lon="-98.1724566"/>
 <node id="5110524455" visible="true" version="1" changeset="52110186" timestamp="2017-09-17T07:09:07Z" user="Yortch" uid="6643536" lat="19.0684350" lon="-98.1728851"/>
 <node id="5110524456" visible="true" version="1" changeset="52110186" timestamp="2017-09-17T07:09:07Z" user="Yortch" uid="6643536" lat="19.0690444" lon="-98.1731299"/>
 <node id="5110524457" visible="true" version="1" changeset="52110186" timestamp="2017-09-17T07:09:07Z" user="Yortch" uid="6643536" lat="19.0691253" lon="-98.1729096"/>
 <node id="5110524458" visible="true" version="1" changeset="52110186" timestamp="2017-09-17T07:09:07Z" user="Yortch" uid="6643536" lat="19.0694570" lon="-98.1730524"/>
 <node id="5110524459" visible="true" version="1" changeset="52110186" timestamp="2017-09-17T07:09:07Z" user="Yortch" uid="6643536" lat="19.0693606" lon="-98.1733421"/>
 <node id="5110524460" visible="true" version="1" changeset="52110186" timestamp="2017-09-17T07:09:07Z" user="Yortch" uid="6643536" lat="19.0697771" lon="-98.1735094"/>
 <node id="5110524461" visible="true" version="2" changeset="95867849" timestamp="2020-12-15T10:27:53Z" user="Alderney" uid="10892422" lat="19.0698670" lon="-98.1735518"/>
 <node id="5110524462" visible="true" version="1" changeset="52110186" timestamp="2017-09-17T07:09:07Z" user="Yortch" uid="6643536" lat="19.0699661" lon="-98.1722485"/>
 <node id="5110524463" visible="true" version="1" changeset="52110186" timestamp="2017-09-17T07:09:07Z" user="Yortch" uid="6643536" lat="19.0697771" lon="-98.1722567"/>
 <node id="5110524464" visible="true" version="1" changeset="52110186" timestamp="2017-09-17T07:09:07Z" user="Yortch" uid="6643536" lat="19.0695843" lon="-98.1722118"/>
 <node id="5110524465" visible="true" version="1" changeset="52110186" timestamp="2017-09-17T07:09:07Z" user="Yortch" uid="6643536" lat="19.0693722" lon="-98.1720853"/>
 <node id="5110524466" visible="true" version="1" changeset="52110186" timestamp="2017-09-17T07:09:07Z" user="Yortch" uid="6643536" lat="19.0692218" lon="-98.1718772"/>
 <node id="5110524467" visible="true" version="2" changeset="95875032" timestamp="2020-12-15T12:02:33Z" user="Alderney" uid="10892422" lat="19.0686659" lon="-98.1716743"/>
 <node id="5110570363" visible="true" version="1" changeset="52110855" timestamp="2017-09-17T07:46:34Z" user="Yortch" uid="6643536" lat="19.0657039" lon="-98.1658907"/>
 <node id="5110570364" visible="true" version="1" changeset="52110855" timestamp="2017-09-17T07:46:34Z" user="Yortch" uid="6643536" lat="19.0649561" lon="-98.1659372"/>
 <node id="5110570365" visible="true" version="2" changeset="62782171" timestamp="2018-09-21T03:29:42Z" user="chachafish" uid="2237750" lat="19.0646516" lon="-98.1649063"/>
 <node id="5110570366" visible="true" version="2" changeset="62782171" timestamp="2018-09-21T03:29:42Z" user="chachafish" uid="2237750" lat="19.0628786" lon="-98.1650726"/>
 <node id="5110570367" visible="true" version="1" changeset="52110855" timestamp="2017-09-17T07:46:34Z" user="Yortch" uid="6643536" lat="19.0631966" lon="-98.1676941"/>
 <node id="5110570368" visible="true" version="1" changeset="52110855" timestamp="2017-09-17T07:46:34Z" user="Yortch" uid="6643536" lat="19.0633726" lon="-98.1677174"/>
 <node id="5110570369" visible="true" version="1" changeset="52110855" timestamp="2017-09-17T07:46:34Z" user="Yortch" uid="6643536" lat="19.0640434" lon="-98.1670425"/>
 <node id="5110570370" visible="true" version="1" changeset="52110855" timestamp="2017-09-17T07:46:34Z" user="Yortch" uid="6643536" lat="19.0649341" lon="-98.1669611"/>
 <node id="5110570371" visible="true" version="1" changeset="52110855" timestamp="2017-09-17T07:46:34Z" user="Yortch" uid="6643536" lat="19.0649671" lon="-98.1672054"/>
 <node id="5234112447" visible="true" version="1" changeset="53863080" timestamp="2017-11-17T03:42:29Z" user="can't be blank has already been taken" uid="7001564" lat="19.0662751" lon="-98.1713435"/>
 <node id="5234112448" visible="true" version="1" changeset="53863080" timestamp="2017-11-17T03:42:29Z" user="can't be blank has already been taken" uid="7001564" lat="19.0663562" lon="-98.1720194"/>
 <node id="5234112449" visible="true" version="1" changeset="53863080" timestamp="2017-11-17T03:42:29Z" user="can't be blank has already been taken" uid="7001564" lat="19.0675020" lon="-98.1726953"/>
 <node id="5234112450" visible="true" version="1" changeset="53863080" timestamp="2017-11-17T03:42:29Z" user="can't be blank has already been taken" uid="7001564" lat="19.0672891" lon="-98.1731674"/>
 <node id="5322796629" visible="true" version="1" changeset="55198966" timestamp="2018-01-05T21:58:36Z" user="Manuel Moratilla" uid="7425031" lat="19.0703554" lon="-98.1676300"/>
 <node id="5322796630" visible="true" version="1" changeset="55198966" timestamp="2018-01-05T21:58:36Z" user="Manuel Moratilla" uid="7425031" lat="19.0681772" lon="-98.1650050"/>
 <node id="5322796631" visible="true" version="1" changeset="55198966" timestamp="2018-01-05T21:58:36Z" user="Manuel Moratilla" uid="7425031" lat="19.0678860" lon="-98.1651344"/>
 <node id="5322796632" visible="true" version="1" changeset="55198966" timestamp="2018-01-05T21:58:36Z" user="Manuel Moratilla" uid="7425031" lat="19.0675307" lon="-98.1657321"/>
 <node id="5322796633" visible="true" version="1" changeset="55198966" timestamp="2018-01-05T21:58:36Z" user="Manuel Moratilla" uid="7425031" lat="19.0669134" lon="-98.1664716"/>
 <node id="5322796634" visible="true" version="1" changeset="55198966" timestamp="2018-01-05T21:58:36Z" user="Manuel Moratilla" uid="7425031" lat="19.0658651" lon="-98.1670077"/>
 <node id="5322796635" visible="true" version="2" changeset="64594442" timestamp="2018-11-17T12:00:25Z" user="stadiaarcadia" uid="8570285" lat="19.0664795" lon="-98.1685050"/>
 <node id="5322796636" visible="true" version="1" changeset="55198966" timestamp="2018-01-05T21:58:36Z" user="Manuel Moratilla" uid="7425031" lat="19.0678219" lon="-98.1683140"/>
 <node id="5322796637" visible="true" version="1" changeset="55198966" timestamp="2018-01-05T21:58:37Z" user="Manuel Moratilla" uid="7425031" lat="19.0679326" lon="-98.1681168"/>
 <node id="5322796638" visible="true" version="1" changeset="55198966" timestamp="2018-01-05T21:58:37Z" user="Manuel Moratilla" uid="7425031" lat="19.0702569" lon="-98.1676954"/>
 <node id="5322796639" visible="true" version="3" changeset="169876203" timestamp="2025-08-02T18:46:23Z" user="Juan MAS" uid="18570611" lat="19.0677893" lon="-98.1687409"/>
 <node id="5322796640" visible="true" version="3" changeset="169876203" timestamp="2025-08-02T18:46:23Z" user="Juan MAS" uid="18570611" lat="19.0676571" lon="-98.1687568"/>
 <node id="5322796641" visible="true" version="3" changeset="169876203" timestamp="2025-08-02T18:46:23Z" user="Juan MAS" uid="18570611" lat="19.0676339" lon="-98.1685415"/>
 <node id="5322796642" visible="true" version="3" changeset="169876203" timestamp="2025-08-02T18:46:23Z" user="Juan MAS" uid="18570611" lat="19.0677661" lon="-98.1685255"/>
 <node id="5889206885" visible="true" version="1" changeset="62357788" timestamp="2018-09-06T23:31:03Z" user="chachafish" uid="2237750" lat="19.0638396" lon="-98.1711592"/>
 <node id="5889460725" visible="true" version="2" changeset="137965018" timestamp="2023-06-30T16:06:32Z" user="Ferrocarriles de México" uid="19456985" lat="19.0600418" lon="-98.1480207">
  <tag k="railway" v="level_crossing"/>
 </node>
 <node id="5909982226" visible="true" version="1" changeset="62638881" timestamp="2018-09-16T15:36:37Z" user="chachafish" uid="2237750" lat="19.0725304" lon="-98.1676674"/>
 <node id="5909982227" visible="true" version="2" changeset="81143197" timestamp="2020-02-18T02:25:04Z" user="natureandchill" uid="9565120" lat="19.0713876" lon="-98.1735883"/>
 <node id="5909982228" visible="true" version="3" changeset="104660722" timestamp="2021-05-13T22:01:39Z" user="BlueButterfly" uid="11601527" lat="19.0689482" lon="-98.1757343"/>
 <node id="5913697141" visible="true" version="2" changeset="169876203" timestamp="2025-08-02T18:46:23Z" user="Juan MAS" uid="18570611" lat="19.0689147" lon="-98.1693837"/>
 <node id="6068352414" visible="true" version="1" changeset="64594442" timestamp="2018-11-17T12:00:23Z" user="stadiaarcadia" uid="8570285" lat="19.0677984" lon="-98.1682768"/>
 <node id="6068352415" visible="true" version="1" changeset="64594442" timestamp="2018-11-17T12:00:23Z" user="stadiaarcadia" uid="8570285" lat="19.0666380" lon="-98.1684414"/>
 <node id="6068352416" visible="true" version="1" changeset="64594442" timestamp="2018-11-17T12:00:23Z" user="stadiaarcadia" uid="8570285" lat="19.0666328" lon="-98.1683968"/>
 <node id="6068352417" visible="true" version="1" changeset="64594442" timestamp="2018-11-17T12:00:23Z" user="stadiaarcadia" uid="8570285" lat="19.0665000" lon="-98.1683205"/>
 <node id="6068352418" visible="true" version="1" changeset="64594442" timestamp="2018-11-17T12:00:23Z" user="stadiaarcadia" uid="8570285" lat="19.0664381" lon="-98.1682550"/>
 <node id="6068352419" visible="true" version="1" changeset="64594442" timestamp="2018-11-17T12:00:23Z" user="stadiaarcadia" uid="8570285" lat="19.0663750" lon="-98.1681600"/>
 <node id="6068352420" visible="true" version="1" changeset="64594442" timestamp="2018-11-17T12:00:23Z" user="stadiaarcadia" uid="8570285" lat="19.0663381" lon="-98.1680300"/>
 <node id="6068352421" visible="true" version="1" changeset="64594442" timestamp="2018-11-17T12:00:23Z" user="stadiaarcadia" uid="8570285" lat="19.0663246" lon="-98.1679063"/>
 <node id="6068352422" visible="true" version="1" changeset="64594442" timestamp="2018-11-17T12:00:23Z" user="stadiaarcadia" uid="8570285" lat="19.0663545" lon="-98.1677369"/>
 <node id="6068352423" visible="true" version="1" changeset="64594442" timestamp="2018-11-17T12:00:23Z" user="stadiaarcadia" uid="8570285" lat="19.0664204" lon="-98.1676178"/>
 <node id="6068352424" visible="true" version="1" changeset="64594442" timestamp="2018-11-17T12:00:23Z" user="stadiaarcadia" uid="8570285" lat="19.0664983" lon="-98.1675319"/>
 <node id="6068352425" visible="true" version="1" changeset="64594442" timestamp="2018-11-17T12:00:23Z" user="stadiaarcadia" uid="8570285" lat="19.0666197" lon="-98.1674664"/>
 <node id="6068352426" visible="true" version="1" changeset="64594442" timestamp="2018-11-17T12:00:23Z" user="stadiaarcadia" uid="8570285" lat="19.0674870" lon="-98.1673516"/>
 <node id="6068352427" visible="true" version="1" changeset="64594442" timestamp="2018-11-17T12:00:23Z" user="stadiaarcadia" uid="8570285" lat="19.0676294" lon="-98.1673850"/>
 <node id="6068352428" visible="true" version="1" changeset="64594442" timestamp="2018-11-17T12:00:23Z" user="stadiaarcadia" uid="8570285" lat="19.0677202" lon="-98.1674444"/>
 <node id="6068352429" visible="true" version="1" changeset="64594442" timestamp="2018-11-17T12:00:23Z" user="stadiaarcadia" uid="8570285" lat="19.0678136" lon="-98.1675554"/>
 <node id="6068352430" visible="true" version="1" changeset="64594442" timestamp="2018-11-17T12:00:23Z" user="stadiaarcadia" uid="8570285" lat="19.0678569" lon="-98.1676482"/>
 <node id="6068352431" visible="true" version="1" changeset="64594442" timestamp="2018-11-17T12:00:23Z" user="stadiaarcadia" uid="8570285" lat="19.0678842" lon="-98.1677567"/>
 <node id="6068352432" visible="true" version="1" changeset="64594442" timestamp="2018-11-17T12:00:23Z" user="stadiaarcadia" uid="8570285" lat="19.0678893" lon="-98.1678690"/>
 <node id="6068352433" visible="true" version="1" changeset="64594442" timestamp="2018-11-17T12:00:23Z" user="stadiaarcadia" uid="8570285" lat="19.0678743" lon="-98.1679876"/>
 <node id="6068352434" visible="true" version="1" changeset="64594442" timestamp="2018-11-17T12:00:24Z" user="stadiaarcadia" uid="8570285" lat="19.0678245" lon="-98.1680909"/>
 <node id="6068352435" visible="true" version="1" changeset="64594442" timestamp="2018-11-17T12:00:24Z" user="stadiaarcadia" uid="8570285" lat="19.0677553" lon="-98.1681771"/>
 <node id="6068352436" visible="true" version="1" changeset="64594442" timestamp="2018-11-17T12:00:24Z" user="stadiaarcadia" uid="8570285" lat="19.0677880" lon="-98.1681725"/>
 <node id="6068352437" visible="true" version="1" changeset="64594442" timestamp="2018-11-17T12:00:24Z" user="stadiaarcadia" uid="8570285" lat="19.0675690" lon="-98.1682028"/>
 <node id="6068352438" visible="true" version="1" changeset="64594442" timestamp="2018-11-17T12:00:24Z" user="stadiaarcadia" uid="8570285" lat="19.0666819" lon="-98.1683168"/>
 <node id="6068352439" visible="true" version="1" changeset="64594442" timestamp="2018-11-17T12:00:24Z" user="stadiaarcadia" uid="8570285" lat="19.0665969" lon="-98.1682833"/>
 <node id="6068352440" visible="true" version="1" changeset="64594442" timestamp="2018-11-17T12:00:24Z" user="stadiaarcadia" uid="8570285" lat="19.0665171" lon="-98.1682242"/>
 <node id="6068352441" visible="true" version="1" changeset="64594442" timestamp="2018-11-17T12:00:24Z" user="stadiaarcadia" uid="8570285" lat="19.0664556" lon="-98.1681307"/>
 <node id="6068352442" visible="true" version="1" changeset="64594442" timestamp="2018-11-17T12:00:24Z" user="stadiaarcadia" uid="8570285" lat="19.0664290" lon="-98.1680190"/>
 <node id="6068352443" visible="true" version="1" changeset="64594442" timestamp="2018-11-17T12:00:24Z" user="stadiaarcadia" uid="8570285" lat="19.0664165" lon="-98.1678653"/>
 <node id="6068352444" visible="true" version="1" changeset="64594442" timestamp="2018-11-17T12:00:24Z" user="stadiaarcadia" uid="8570285" lat="19.0664442" lon="-98.1677636"/>
 <node id="6068352445" visible="true" version="1" changeset="64594442" timestamp="2018-11-17T12:00:24Z" user="stadiaarcadia" uid="8570285" lat="19.0664985" lon="-98.1676581"/>
 <node id="6068352446" visible="true" version="1" changeset="64594442" timestamp="2018-11-17T12:00:24Z" user="stadiaarcadia" uid="8570285" lat="19.0665806" lon="-98.1675818"/>
 <node id="6068352447" visible="true" version="1" changeset="64594442" timestamp="2018-11-17T12:00:24Z" user="stadiaarcadia" uid="8570285" lat="19.0666609" lon="-98.1675567"/>
 <node id="6068352448" visible="true" version="1" changeset="64594442" timestamp="2018-11-17T12:00:24Z" user="stadiaarcadia" uid="8570285" lat="19.0674795" lon="-98.1674448"/>
 <node id="6068352449" visible="true" version="1" changeset="64594442" timestamp="2018-11-17T12:00:24Z" user="stadiaarcadia" uid="8570285" lat="19.0675757" lon="-98.1674741"/>
 <node id="6068352450" visible="true" version="1" changeset="64594442" timestamp="2018-11-17T12:00:24Z" user="stadiaarcadia" uid="8570285" lat="19.0676537" lon="-98.1675191"/>
 <node id="6068352451" visible="true" version="1" changeset="64594442" timestamp="2018-11-17T12:00:24Z" user="stadiaarcadia" uid="8570285" lat="19.0677093" lon="-98.1675725"/>
 <node id="6068352452" visible="true" version="1" changeset="64594442" timestamp="2018-11-17T12:00:24Z" user="stadiaarcadia" uid="8570285" lat="19.0677663" lon="-98.1676518"/>
 <node id="6068352453" visible="true" version="1" changeset="64594442" timestamp="2018-11-17T12:00:24Z" user="stadiaarcadia" uid="8570285" lat="19.0678004" lon="-98.1677535"/>
 <node id="6068352454" visible="true" version="1" changeset="64594442" timestamp="2018-11-17T12:00:24Z" user="stadiaarcadia" uid="8570285" lat="19.0678072" lon="-98.1678799"/>
 <node id="6068352455" visible="true" version="1" changeset="64594442" timestamp="2018-11-17T12:00:24Z" user="stadiaarcadia" uid="8570285" lat="19.0677798" lon="-98.1679747"/>
 <node id="6068352456" visible="true" version="1" changeset="64594442" timestamp="2018-11-17T12:00:24Z" user="stadiaarcadia" uid="8570285" lat="19.0677329" lon="-98.1680571"/>
 <node id="6068352457" visible="true" version="1" changeset="64594442" timestamp="2018-11-17T12:00:24Z" user="stadiaarcadia" uid="8570285" lat="19.0676748" lon="-98.1681414"/>
 <node id="6361809606" visible="true" version="3" changeset="86252165" timestamp="2020-06-05T15:38:36Z" user="DRM150" uid="10627270" lat="19.0716279" lon="-98.1733838"/>
 <node id="6361809607" visible="true" version="3" changeset="86252165" timestamp="2020-06-05T15:38:36Z" user="DRM150" uid="10627270" lat="19.0695408" lon="-98.1706573"/>
 <node id="6361809609" visible="true" version="3" changeset="86252165" timestamp="2020-06-05T15:38:36Z" user="DRM150" uid="10627270" lat="19.0692832" lon="-98.1706976"/>
 <node id="6361809613" visible="true" version="4" changeset="100257930" timestamp="2021-03-02T07:57:27Z" user="BeniHammad" uid="10461114" lat="19.0716755" lon="-98.1733428"/>
 <node id="6361809618" visible="true" version="4" changeset="95440067" timestamp="2020-12-07T18:40:38Z" user="ProfessorLupin" uid="10456431" lat="19.0717164" lon="-98.1734976"/>
 <node id="6361812332" visible="true" version="1" changeset="68534269" timestamp="2019-03-26T06:55:59Z" user="Yuuki Ozaki" uid="9565677" lat="19.0697928" lon="-98.1702911">
  <tag k="artwork_type" v="statue"/>
  <tag k="tourism" v="artwork"/>
 </node>
 <node id="6886971978" visible="true" version="1" changeset="75800096" timestamp="2019-10-16T19:54:28Z" user="vpan" uid="10386703" lat="19.0721861" lon="-98.1722298"/>
 <node id="6886971979" visible="true" version="1" changeset="75800096" timestamp="2019-10-16T19:54:28Z" user="vpan" uid="10386703" lat="19.0715169" lon="-98.1714144"/>
 <node id="6886971980" visible="true" version="1" changeset="75800096" timestamp="2019-10-16T19:54:28Z" user="vpan" uid="10386703" lat="19.0708882" lon="-98.1719938"/>
 <node id="6886971981" visible="true" version="1" changeset="75800096" timestamp="2019-10-16T19:54:28Z" user="vpan" uid="10386703" lat="19.0715980" lon="-98.1727985"/>
 <node id="7120323869" visible="true" version="1" changeset="79392513" timestamp="2020-01-09T20:52:40Z" user="MMantlo" uid="9375460" lat="19.0712618" lon="-98.1615490"/>
 <node id="7209521122" visible="true" version="3" changeset="94723529" timestamp="2020-11-24T18:26:40Z" user="(Inactive) hairyhaggis_kaart" uid="10541438" lat="19.0689810" lon="-98.1652367"/>
 <node id="7209521123" visible="true" version="2" changeset="104537225" timestamp="2021-05-11T22:21:47Z" user="BlueButterfly" uid="11601527" lat="19.0682625" lon="-98.1650068"/>
 <node id="7209521124" visible="true" version="3" changeset="104537225" timestamp="2021-05-11T22:21:47Z" user="BlueButterfly" uid="11601527" lat="19.0682600" lon="-98.1649089"/>
 <node id="7209521125" visible="true" version="2" changeset="104537225" timestamp="2021-05-11T22:21:47Z" user="BlueButterfly" uid="11601527" lat="19.0701224" lon="-98.1643335"/>
 <node id="7209521126" visible="true" version="2" changeset="104585596" timestamp="2021-05-12T16:28:15Z" user="BlueButterfly" uid="11601527" lat="19.0721323" lon="-98.1640243"/>
 <node id="7209521127" visible="true" version="3" changeset="104585596" timestamp="2021-05-12T16:28:15Z" user="BlueButterfly" uid="11601527" lat="19.0715197" lon="-98.1660629"/>
 <node id="7209521128" visible="true" version="2" changeset="104585596" timestamp="2021-05-12T16:28:15Z" user="BlueButterfly" uid="11601527" lat="19.0717715" lon="-98.1663549"/>
 <node id="7209521129" visible="true" version="2" changeset="86252943" timestamp="2020-06-05T16:02:01Z" user="DRM150" uid="10627270" lat="19.0719513" lon="-98.1668102"/>
 <node id="7209521130" visible="true" version="1" changeset="80978372" timestamp="2020-02-13T23:01:14Z" user="MMantlo" uid="9375460" lat="19.0719260" lon="-98.1667149"/>
 <node id="7209521131" visible="true" version="1" changeset="80978372" timestamp="2020-02-13T23:01:14Z" user="MMantlo" uid="9375460" lat="19.0717714" lon="-98.1666881"/>
 <node id="7209521132" visible="true" version="1" changeset="80978372" timestamp="2020-02-13T23:01:14Z" user="MMantlo" uid="9375460" lat="19.0716776" lon="-98.1667203"/>
 <node id="7209521133" visible="true" version="2" changeset="94723529" timestamp="2020-11-24T18:26:40Z" user="(Inactive) hairyhaggis_kaart" uid="10541438" lat="19.0716339" lon="-98.1667907"/>
 <node id="7209521134" visible="true" version="2" changeset="94723529" timestamp="2020-11-24T18:26:40Z" user="(Inactive) hairyhaggis_kaart" uid="10541438" lat="19.0718024" lon="-98.1668993"/>
 <node id="7209521135" visible="true" version="1" changeset="80978372" timestamp="2020-02-13T23:01:14Z" user="MMantlo" uid="9375460" lat="19.0719184" lon="-98.1668678"/>
 <node id="7209521136" visible="true" version="1" changeset="80978372" timestamp="2020-02-13T23:01:14Z" user="MMantlo" uid="9375460" lat="19.0718562" lon="-98.1668960"/>
 <node id="7221522123" visible="true" version="2" changeset="100258931" timestamp="2021-03-02T08:09:44Z" user="BeniHammad" uid="10461114" lat="19.0705528" lon="-98.1695905"/>
 <node id="7241014621" visible="true" version="2" changeset="104660722" timestamp="2021-05-13T22:01:39Z" user="BlueButterfly" uid="11601527" lat="19.0690484" lon="-98.1756404"/>
 <node id="7241053859" visible="true" version="2" changeset="106837928" timestamp="2021-06-23T12:20:38Z" user="Dublarchar" uid="12652995" lat="19.0722695" lon="-98.1744040"/>
 <node id="7241053860" visible="true" version="1" changeset="81425154" timestamp="2020-02-24T22:12:17Z" user="(Inactive) RouteRob" uid="10085022" lat="19.0721410" lon="-98.1745210"/>
 <node id="7241053861" visible="true" version="1" changeset="81425154" timestamp="2020-02-24T22:12:17Z" user="(Inactive) RouteRob" uid="10085022" lat="19.0722360" lon="-98.1746415"/>
 <node id="7241053862" visible="true" version="1" changeset="81425154" timestamp="2020-02-24T22:12:17Z" user="(Inactive) RouteRob" uid="10085022" lat="19.0715190" lon="-98.1752996"/>
 <node id="7241053863" visible="true" version="2" changeset="99489152" timestamp="2021-02-18T04:37:28Z" user="ElYunque" uid="9090151" lat="19.0695748" lon="-98.1753530"/>
 <node id="7578145160" visible="true" version="1" changeset="86052843" timestamp="2020-06-01T15:25:46Z" user="DRM150" uid="10627270" lat="19.0712618" lon="-98.1613505"/>
 <node id="7578145178" visible="true" version="1" changeset="86052843" timestamp="2020-06-01T15:25:46Z" user="DRM150" uid="10627270" lat="19.0711623" lon="-98.1613759"/>
 <node id="7578145179" visible="true" version="1" changeset="86052843" timestamp="2020-06-01T15:25:46Z" user="DRM150" uid="10627270" lat="19.0711266" lon="-98.1613433"/>
 <node id="7578145180" visible="true" version="1" changeset="86052843" timestamp="2020-06-01T15:25:46Z" user="DRM150" uid="10627270" lat="19.0711757" lon="-98.1613988"/>
 <node id="7578145181" visible="true" version="1" changeset="86052843" timestamp="2020-06-01T15:25:46Z" user="DRM150" uid="10627270" lat="19.0711446" lon="-98.1613565"/>
 <node id="7578145182" visible="true" version="1" changeset="86052843" timestamp="2020-06-01T15:25:46Z" user="DRM150" uid="10627270" lat="19.0710887" lon="-98.1613278"/>
 <node id="7578145183" visible="true" version="1" changeset="86052843" timestamp="2020-06-01T15:25:46Z" user="DRM150" uid="10627270" lat="19.0710700" lon="-98.1613264"/>
 <node id="7578145184" visible="true" version="1" changeset="86052843" timestamp="2020-06-01T15:25:46Z" user="DRM150" uid="10627270" lat="19.0710311" lon="-98.1613393"/>
 <node id="7578153780" visible="true" version="1" changeset="86053031" timestamp="2020-06-01T15:31:06Z" user="DRM150" uid="10627270" lat="19.0718616" lon="-98.1622389"/>
 <node id="7578153781" visible="true" version="2" changeset="115247528" timestamp="2021-12-22T10:23:11Z" user="ObRiver" uid="10529631" lat="19.0742103" lon="-98.1651586"/>
 <node id="7578156185" visible="true" version="1" changeset="86052843" timestamp="2020-06-01T15:25:46Z" user="DRM150" uid="10627270" lat="19.0711066" lon="-98.1613337"/>
 <node id="7578156186" visible="true" version="1" changeset="86052843" timestamp="2020-06-01T15:25:46Z" user="DRM150" uid="10627270" lat="19.0710514" lon="-98.1613297"/>
 <node id="7578156187" visible="true" version="1" changeset="86052843" timestamp="2020-06-01T15:25:46Z" user="DRM150" uid="10627270" lat="19.0710044" lon="-98.1613809"/>
 <node id="7578156188" visible="true" version="1" changeset="86052843" timestamp="2020-06-01T15:25:46Z" user="DRM150" uid="10627270" lat="19.0709962" lon="-98.1614475"/>
 <node id="7578156189" visible="true" version="1" changeset="86052843" timestamp="2020-06-01T15:25:46Z" user="DRM150" uid="10627270" lat="19.0710141" lon="-98.1613545"/>
 <node id="7596026070" visible="true" version="2" changeset="104585596" timestamp="2021-05-12T16:28:15Z" user="BlueButterfly" uid="11601527" lat="19.0694043" lon="-98.1705748"/>
 <node id="7596026071" visible="true" version="1" changeset="86252165" timestamp="2020-06-05T15:38:36Z" user="DRM150" uid="10627270" lat="19.0694454" lon="-98.1706722"/>
 <node id="7596026072" visible="true" version="2" changeset="104585596" timestamp="2021-05-12T16:28:15Z" user="BlueButterfly" uid="11601527" lat="19.0693096" lon="-98.1705840"/>
 <node id="7596026073" visible="true" version="1" changeset="86252165" timestamp="2020-06-05T15:38:36Z" user="DRM150" uid="10627270" lat="19.0693612" lon="-98.1706854"/>
 <node id="7596026074" visible="true" version="1" changeset="86252165" timestamp="2020-06-05T15:38:36Z" user="DRM150" uid="10627270" lat="19.0694886" lon="-98.1707516"/>
 <node id="7596026075" visible="true" version="1" changeset="86252165" timestamp="2020-06-05T15:38:36Z" user="DRM150" uid="10627270" lat="19.0696290" lon="-98.1709676"/>
 <node id="7596026076" visible="true" version="1" changeset="86252165" timestamp="2020-06-05T15:38:36Z" user="DRM150" uid="10627270" lat="19.0696620" lon="-98.1709961"/>
 <node id="7596026077" visible="true" version="1" changeset="86252165" timestamp="2020-06-05T15:38:36Z" user="DRM150" uid="10627270" lat="19.0696166" lon="-98.1709488"/>
 <node id="7596026078" visible="true" version="1" changeset="86252165" timestamp="2020-06-05T15:38:36Z" user="DRM150" uid="10627270" lat="19.0696445" lon="-98.1709836"/>
 <node id="7596026079" visible="true" version="1" changeset="86252165" timestamp="2020-06-05T15:38:36Z" user="DRM150" uid="10627270" lat="19.0696813" lon="-98.1710051"/>
 <node id="7596026080" visible="true" version="1" changeset="86252165" timestamp="2020-06-05T15:38:36Z" user="DRM150" uid="10627270" lat="19.0698222" lon="-98.1710511"/>
 <node id="7596026081" visible="true" version="1" changeset="86252165" timestamp="2020-06-05T15:38:36Z" user="DRM150" uid="10627270" lat="19.0698760" lon="-98.1710872"/>
 <node id="7596026082" visible="true" version="1" changeset="86252165" timestamp="2020-06-05T15:38:36Z" user="DRM150" uid="10627270" lat="19.0697941" lon="-98.1710413"/>
 <node id="7596026083" visible="true" version="1" changeset="86252165" timestamp="2020-06-05T15:38:36Z" user="DRM150" uid="10627270" lat="19.0698486" lon="-98.1710655"/>
 <node id="7596026084" visible="true" version="1" changeset="86252165" timestamp="2020-06-05T15:38:36Z" user="DRM150" uid="10627270" lat="19.0698993" lon="-98.1711137"/>
 <node id="7596027985" visible="true" version="1" changeset="86252165" timestamp="2020-06-05T15:38:36Z" user="DRM150" uid="10627270" lat="19.0694081" lon="-98.1707664"/>
 <node id="7596027986" visible="true" version="1" changeset="86252165" timestamp="2020-06-05T15:38:36Z" user="DRM150" uid="10627270" lat="19.0695647" lon="-98.1710064"/>
 <node id="7596027987" visible="true" version="1" changeset="86252165" timestamp="2020-06-05T15:38:36Z" user="DRM150" uid="10627270" lat="19.0696070" lon="-98.1710565"/>
 <node id="7596027988" visible="true" version="1" changeset="86252165" timestamp="2020-06-05T15:38:36Z" user="DRM150" uid="10627270" lat="19.0695900" lon="-98.1710427"/>
 <node id="7596027989" visible="true" version="1" changeset="86252165" timestamp="2020-06-05T15:38:36Z" user="DRM150" uid="10627270" lat="19.0696255" lon="-98.1710681"/>
 <node id="7596027990" visible="true" version="1" changeset="86252165" timestamp="2020-06-05T15:38:36Z" user="DRM150" uid="10627270" lat="19.0696623" lon="-98.1710829"/>
 <node id="7596027991" visible="true" version="1" changeset="86252165" timestamp="2020-06-05T15:38:36Z" user="DRM150" uid="10627270" lat="19.0697674" lon="-98.1711024"/>
 <node id="7596027992" visible="true" version="1" changeset="86252165" timestamp="2020-06-05T15:38:36Z" user="DRM150" uid="10627270" lat="19.0698113" lon="-98.1711273"/>
 <node id="7596027993" visible="true" version="1" changeset="86252165" timestamp="2020-06-05T15:38:36Z" user="DRM150" uid="10627270" lat="19.0697459" lon="-98.1710976"/>
 <node id="7596027994" visible="true" version="1" changeset="86252165" timestamp="2020-06-05T15:38:36Z" user="DRM150" uid="10627270" lat="19.0697877" lon="-98.1711110"/>
 <node id="7596027995" visible="true" version="1" changeset="86252165" timestamp="2020-06-05T15:38:36Z" user="DRM150" uid="10627270" lat="19.0698308" lon="-98.1711486"/>
 <node id="7596027996" visible="true" version="1" changeset="86252165" timestamp="2020-06-05T15:38:36Z" user="DRM150" uid="10627270" lat="19.0709564" lon="-98.1704915"/>
 <node id="7596027997" visible="true" version="2" changeset="95447138" timestamp="2020-12-07T21:39:28Z" user="birdymaps" uid="9319541" lat="19.0673655" lon="-98.1709702"/>
 <node id="7596027998" visible="true" version="1" changeset="86252165" timestamp="2020-06-05T15:38:36Z" user="DRM150" uid="10627270" lat="19.0670035" lon="-98.1711148"/>
 <node id="7596027999" visible="true" version="1" changeset="86252165" timestamp="2020-06-05T15:38:36Z" user="DRM150" uid="10627270" lat="19.0672738" lon="-98.1710738"/>
 <node id="7596028000" visible="true" version="1" changeset="86252165" timestamp="2020-06-05T15:38:36Z" user="DRM150" uid="10627270" lat="19.0674720" lon="-98.1709407"/>
 <node id="7596028001" visible="true" version="1" changeset="86252165" timestamp="2020-06-05T15:38:36Z" user="DRM150" uid="10627270" lat="19.0677071" lon="-98.1708753"/>
 <node id="7596028002" visible="true" version="1" changeset="86252165" timestamp="2020-06-05T15:38:36Z" user="DRM150" uid="10627270" lat="19.0679927" lon="-98.1707997"/>
 <node id="7596028003" visible="true" version="1" changeset="86252165" timestamp="2020-06-05T15:38:36Z" user="DRM150" uid="10627270" lat="19.0682602" lon="-98.1707447"/>
 <node id="7596028004" visible="true" version="1" changeset="86252165" timestamp="2020-06-05T15:38:36Z" user="DRM150" uid="10627270" lat="19.0683601" lon="-98.1708204"/>
 <node id="7596028005" visible="true" version="1" changeset="86252165" timestamp="2020-06-05T15:38:36Z" user="DRM150" uid="10627270" lat="19.0681936" lon="-98.1708520"/>
 <node id="7596028006" visible="true" version="1" changeset="86252165" timestamp="2020-06-05T15:38:36Z" user="DRM150" uid="10627270" lat="19.0699720" lon="-98.1713317"/>
 <node id="7596028007" visible="true" version="1" changeset="86252165" timestamp="2020-06-05T15:38:36Z" user="DRM150" uid="10627270" lat="19.0700336" lon="-98.1712854"/>
 <node id="7596028008" visible="true" version="2" changeset="100257930" timestamp="2021-03-02T07:57:27Z" user="BeniHammad" uid="10461114" lat="19.0707764" lon="-98.1722295"/>
 <node id="7736106361" visible="true" version="1" changeset="88332941" timestamp="2020-07-22T07:54:52Z" user="YepezRendon" uid="11515612" lat="19.0752869" lon="-98.1640772"/>
 <node id="8159272085" visible="true" version="1" changeset="94723529" timestamp="2020-11-24T18:26:39Z" user="(Inactive) hairyhaggis_kaart" uid="10541438" lat="19.0718905" lon="-98.1667015"/>
 <node id="8159272086" visible="true" version="1" changeset="94723529" timestamp="2020-11-24T18:26:39Z" user="(Inactive) hairyhaggis_kaart" uid="10541438" lat="19.0717473" lon="-98.1668886"/>
 <node id="8159272087" visible="true" version="1" changeset="94723529" timestamp="2020-11-24T18:26:39Z" user="(Inactive) hairyhaggis_kaart" uid="10541438" lat="19.0718893" lon="-98.1668879"/>
 <node id="8159272088" visible="true" version="1" changeset="94723529" timestamp="2020-11-24T18:26:39Z" user="(Inactive) hairyhaggis_kaart" uid="10541438" lat="19.0719387" lon="-98.1668423"/>
 <node id="8159272089" visible="true" version="1" changeset="94723529" timestamp="2020-11-24T18:26:39Z" user="(Inactive) hairyhaggis_kaart" uid="10541438" lat="19.0719463" lon="-98.1667578"/>
 <node id="8159272090" visible="true" version="1" changeset="94723529" timestamp="2020-11-24T18:26:39Z" user="(Inactive) hairyhaggis_kaart" uid="10541438" lat="19.0718506" lon="-98.1666908"/>
 <node id="8159272091" visible="true" version="1" changeset="94723529" timestamp="2020-11-24T18:26:39Z" user="(Inactive) hairyhaggis_kaart" uid="10541438" lat="19.0717232" lon="-98.1666981"/>
 <node id="8159272092" visible="true" version="1" changeset="94723529" timestamp="2020-11-24T18:26:39Z" user="(Inactive) hairyhaggis_kaart" uid="10541438" lat="19.0716484" lon="-98.1667498"/>
 <node id="8159272093" visible="true" version="1" changeset="94723529" timestamp="2020-11-24T18:26:39Z" user="(Inactive) hairyhaggis_kaart" uid="10541438" lat="19.0716560" lon="-98.1668363"/>
 <node id="8159272094" visible="true" version="2" changeset="99587889" timestamp="2021-02-19T11:06:21Z" user="AlumRock" uid="10353523" lat="19.0690051" lon="-98.1648758"/>
 <node id="8159684557" visible="true" version="2" changeset="99801612" timestamp="2021-02-23T07:43:17Z" user="BeniHammad" uid="10461114" lat="19.0732226" lon="-98.1642034"/>
 <node id="8159684558" visible="true" version="2" changeset="99801612" timestamp="2021-02-23T07:43:17Z" user="BeniHammad" uid="10461114" lat="19.0736514" lon="-98.1645982"/>
 <node id="8159684561" visible="true" version="2" changeset="99801612" timestamp="2021-02-23T07:43:17Z" user="BeniHammad" uid="10461114" lat="19.0732816" lon="-98.1641531"/>
 <node id="8160483269" visible="true" version="2" changeset="104585596" timestamp="2021-05-12T16:28:15Z" user="BlueButterfly" uid="11601527" lat="19.0729542" lon="-98.1658070"/>
 <node id="8160483270" visible="true" version="1" changeset="94725377" timestamp="2020-11-24T19:10:39Z" user="(Inactive) hairyhaggis_kaart" uid="10541438" lat="19.0707834" lon="-98.1637624">
  <tag k="access" v="permissive"/>
  <tag k="barrier" v="gate"/>
 </node>
 <node id="8160483271" visible="true" version="1" changeset="94725377" timestamp="2020-11-24T19:10:39Z" user="(Inactive) hairyhaggis_kaart" uid="10541438" lat="19.0707663" lon="-98.1637782"/>
 <node id="8160483272" visible="true" version="1" changeset="94725377" timestamp="2020-11-24T19:10:39Z" user="(Inactive) hairyhaggis_kaart" uid="10541438" lat="19.0707132" lon="-98.1637960"/>
 <node id="8160483273" visible="true" version="2" changeset="104537225" timestamp="2021-05-11T22:21:47Z" user="BlueButterfly" uid="11601527" lat="19.0682445" lon="-98.1649283"/>
 <node id="8160483274" visible="true" version="2" changeset="104537225" timestamp="2021-05-11T22:21:47Z" user="BlueButterfly" uid="11601527" lat="19.0682454" lon="-98.1649833"/>
 <node id="8160483275" visible="true" version="2" changeset="104537225" timestamp="2021-05-11T22:21:47Z" user="BlueButterfly" uid="11601527" lat="19.0700385" lon="-98.1663476">
  <tag k="access" v="no"/>
  <tag k="barrier" v="gate"/>
 </node>
 <node id="8160483276" visible="true" version="1" changeset="94725377" timestamp="2020-11-24T19:10:39Z" user="(Inactive) hairyhaggis_kaart" uid="10541438" lat="19.0695628" lon="-98.1657963">
  <tag k="addr:housenumber" v="2444"/>
  <tag k="addr:street" v="Calle Cordillera del Pindo"/>
 </node>
 <node id="8160483277" visible="true" version="1" changeset="94725377" timestamp="2020-11-24T19:10:39Z" user="(Inactive) hairyhaggis_kaart" uid="10541438" lat="19.0696829" lon="-98.1654291">
  <tag k="access" v="permissive"/>
  <tag k="barrier" v="gate"/>
 </node>
 <node id="8160483278" visible="true" version="1" changeset="94725377" timestamp="2020-11-24T19:10:39Z" user="(Inactive) hairyhaggis_kaart" uid="10541438" lat="19.0699248" lon="-98.1651463">
  <tag k="access" v="permissive"/>
  <tag k="barrier" v="gate"/>
 </node>
 <node id="8162029990" visible="true" version="2" changeset="95510582" timestamp="2020-12-08T20:41:03Z" user="ReedtheRiver" uid="9965337" lat="19.0761000" lon="-98.1677828"/>
 <node id="8162029996" visible="true" version="2" changeset="95510582" timestamp="2020-12-08T20:41:03Z" user="ReedtheRiver" uid="9965337" lat="19.0762319" lon="-98.1676587"/>
 <node id="8180804508" visible="true" version="2" changeset="100257930" timestamp="2021-03-02T07:57:27Z" user="BeniHammad" uid="10461114" lat="19.0727086" lon="-98.1724015"/>
 <node id="8180804509" visible="true" version="1" changeset="95067583" timestamp="2020-11-30T20:36:55Z" user="(Inactive) hairyhaggis_kaart" uid="10541438" lat="19.0715005" lon="-98.1734922"/>
 <node id="8185400989" visible="true" version="3" changeset="104585596" timestamp="2021-05-12T16:28:15Z" user="BlueButterfly" uid="11601527" lat="19.0753689" lon="-98.1665797"/>
 <node id="8185400994" visible="true" version="3" changeset="104585596" timestamp="2021-05-12T16:28:15Z" user="BlueButterfly" uid="11601527" lat="19.0752524" lon="-98.1667377"/>
 <node id="8185400995" visible="true" version="2" changeset="104594712" timestamp="2021-05-12T19:36:59Z" user="BlueButterfly" uid="11601527" lat="19.0714849" lon="-98.1612023"/>
 <node id="8188709052" visible="true" version="3" changeset="104660722" timestamp="2021-05-13T22:01:39Z" user="BlueButterfly" uid="11601527" lat="19.0684670" lon="-98.1761617"/>
 <node id="8188709055" visible="true" version="3" changeset="104660722" timestamp="2021-05-13T22:01:39Z" user="BlueButterfly" uid="11601527" lat="19.0682156" lon="-98.1763820"/>
 <node id="8191806266" visible="true" version="2" changeset="100257930" timestamp="2021-03-02T07:57:27Z" user="BeniHammad" uid="10461114" lat="19.0729041" lon="-98.1720492"/>
 <node id="8202882610" visible="true" version="2" changeset="104660722" timestamp="2021-05-13T22:01:39Z" user="BlueButterfly" uid="11601527" lat="19.0690965" lon="-98.1755976"/>
 <node id="8203440971" visible="true" version="1" changeset="95446555" timestamp="2020-12-07T21:22:17Z" user="birdymaps" uid="9319541" lat="19.0698016" lon="-98.1704178">
  <tag k="access" v="permissive"/>
  <tag k="barrier" v="gate"/>
 </node>
 <node id="8203440972" visible="true" version="2" changeset="104585596" timestamp="2021-05-12T16:28:15Z" user="BlueButterfly" uid="11601527" lat="19.0698134" lon="-98.1705258"/>
 <node id="8203440973" visible="true" version="2" changeset="100258931" timestamp="2021-03-02T08:09:44Z" user="BeniHammad" uid="10461114" lat="19.0706730" lon="-98.1703216">
  <tag k="access" v="permissive"/>
  <tag k="barrier" v="gate"/>
 </node>
 <node id="8203440974" visible="true" version="2" changeset="100258931" timestamp="2021-03-02T08:09:44Z" user="BeniHammad" uid="10461114" lat="19.0707736" lon="-98.1703036">
  <tag k="access" v="permissive"/>
  <tag k="barrier" v="gate"/>
 </node>
 <node id="8203440975" visible="true" version="2" changeset="104585596" timestamp="2021-05-12T16:28:15Z" user="BlueButterfly" uid="11601527" lat="19.0706928" lon="-98.1704181"/>
 <node id="8203440976" visible="true" version="1" changeset="95446555" timestamp="2020-12-07T21:22:17Z" user="birdymaps" uid="9319541" lat="19.0718102" lon="-98.1706945"/>
 <node id="8203449987" visible="true" version="1" changeset="95446791" timestamp="2020-12-07T21:28:48Z" user="birdymaps" uid="9319541" lat="19.0671431" lon="-98.1710083">
  <tag k="crossing" v="uncontrolled"/>
  <tag k="highway" v="crossing"/>
 </node>
 <node id="8203449988" visible="true" version="1" changeset="95446791" timestamp="2020-12-07T21:28:48Z" user="birdymaps" uid="9319541" lat="19.0671537" lon="-98.1710920">
  <tag k="crossing" v="uncontrolled"/>
  <tag k="highway" v="crossing"/>
 </node>
 <node id="8203449989" visible="true" version="1" changeset="95446791" timestamp="2020-12-07T21:28:48Z" user="birdymaps" uid="9319541" lat="19.0671811" lon="-98.1710031"/>
 <node id="8203449990" visible="true" version="1" changeset="95446791" timestamp="2020-12-07T21:28:48Z" user="birdymaps" uid="9319541" lat="19.0671930" lon="-98.1710861"/>
 <node id="8203449991" visible="true" version="1" changeset="95446791" timestamp="2020-12-07T21:28:48Z" user="birdymaps" uid="9319541" lat="19.0698262" lon="-98.1706239"/>
 <node id="8203449992" visible="true" version="1" changeset="95446791" timestamp="2020-12-07T21:28:48Z" user="birdymaps" uid="9319541" lat="19.0701347" lon="-98.1705877"/>
 <node id="8203450007" visible="true" version="1" changeset="95447138" timestamp="2020-12-07T21:39:28Z" user="birdymaps" uid="9319541" lat="19.0684638" lon="-98.1705854">
  <tag k="access" v="permissive"/>
  <tag k="barrier" v="gate"/>
 </node>
 <node id="8203450008" visible="true" version="2" changeset="104533515" timestamp="2021-05-11T20:06:36Z" user="BlueButterfly" uid="11601527" lat="19.0684345" lon="-98.1704819"/>
 <node id="8203450009" visible="true" version="1" changeset="95447138" timestamp="2020-12-07T21:39:28Z" user="birdymaps" uid="9319541" lat="19.0684839" lon="-98.1707159"/>
 <node id="8203450010" visible="true" version="2" changeset="104585596" timestamp="2021-05-12T16:28:15Z" user="BlueButterfly" uid="11601527" lat="19.0691619" lon="-98.1706029"/>
 <node id="8203450011" visible="true" version="3" changeset="106445895" timestamp="2021-06-16T07:26:28Z" user="Mendips" uid="10409558" lat="19.0651113" lon="-98.1710292"/>
 <node id="8203450012" visible="true" version="1" changeset="95447138" timestamp="2020-12-07T21:39:28Z" user="birdymaps" uid="9319541" lat="19.0655114" lon="-98.1713210"/>
 <node id="8203450013" visible="true" version="2" changeset="99493925" timestamp="2021-02-18T05:54:42Z" user="AlumRock" uid="10353523" lat="19.0673935" lon="-98.1711384">
  <tag k="barrier" v="lift_gate"/>
 </node>
 <node id="8203450014" visible="true" version="1" changeset="95447138" timestamp="2020-12-07T21:39:28Z" user="birdymaps" uid="9319541" lat="19.0670105" lon="-98.1709514">
  <tag k="access" v="permissive"/>
  <tag k="barrier" v="gate"/>
 </node>
 <node id="8203450015" visible="true" version="1" changeset="95447138" timestamp="2020-12-07T21:39:28Z" user="birdymaps" uid="9319541" lat="19.0670005" lon="-98.1708676"/>
 <node id="8203450016" visible="true" version="1" changeset="95447138" timestamp="2020-12-07T21:39:28Z" user="birdymaps" uid="9319541" lat="19.0670193" lon="-98.1710253"/>
 <node id="8203521717" visible="true" version="1" changeset="95447138" timestamp="2020-12-07T21:39:28Z" user="birdymaps" uid="9319541" lat="19.0670295" lon="-98.1711109"/>
 <node id="8203521718" visible="true" version="2" changeset="99430915" timestamp="2021-02-17T07:38:43Z" user="AlumRock" uid="10353523" lat="19.0683618" lon="-98.1723502"/>
 <node id="8203521719" visible="true" version="1" changeset="95447138" timestamp="2020-12-07T21:39:28Z" user="birdymaps" uid="9319541" lat="19.0675721" lon="-98.1709129">
  <tag k="crossing" v="uncontrolled"/>
  <tag k="highway" v="crossing"/>
 </node>
 <node id="8203521720" visible="true" version="1" changeset="95447138" timestamp="2020-12-07T21:39:28Z" user="birdymaps" uid="9319541" lat="19.0675921" lon="-98.1710025">
  <tag k="crossing" v="uncontrolled"/>
  <tag k="highway" v="crossing"/>
 </node>
 <node id="8203742817" visible="true" version="2" changeset="99489152" timestamp="2021-02-18T04:37:28Z" user="ElYunque" uid="9090151" lat="19.0700311" lon="-98.1749587"/>
 <node id="8205818494" visible="true" version="1" changeset="95495783" timestamp="2020-12-08T15:12:17Z" user="ReedtheRiver" uid="9965337" lat="19.0728313" lon="-98.1682150"/>
 <node id="8205818495" visible="true" version="1" changeset="95495783" timestamp="2020-12-08T15:12:17Z" user="ReedtheRiver" uid="9965337" lat="19.0728537" lon="-98.1681621"/>
 <node id="8205818496" visible="true" version="2" changeset="104585596" timestamp="2021-05-12T16:28:15Z" user="BlueButterfly" uid="11601527" lat="19.0729208" lon="-98.1681660"/>
 <node id="8205991775" visible="true" version="1" changeset="95497634" timestamp="2020-12-08T15:52:38Z" user="ReedtheRiver" uid="9965337" lat="19.0763571" lon="-98.1681794"/>
 <node id="8205991776" visible="true" version="1" changeset="95497634" timestamp="2020-12-08T15:52:38Z" user="ReedtheRiver" uid="9965337" lat="19.0763647" lon="-98.1682545"/>
 <node id="8207400112" visible="true" version="3" changeset="99890844" timestamp="2021-02-24T09:26:05Z" user="BeniHammad" uid="10461114" lat="19.0726720" lon="-98.1635373"/>
 <node id="8207400113" visible="true" version="3" changeset="99890844" timestamp="2021-02-24T09:26:05Z" user="BeniHammad" uid="10461114" lat="19.0727375" lon="-98.1634714"/>
 <node id="8207400114" visible="true" version="3" changeset="99890844" timestamp="2021-02-24T09:26:05Z" user="BeniHammad" uid="10461114" lat="19.0725192" lon="-98.1633440"/>
 <node id="8207400115" visible="true" version="3" changeset="99890844" timestamp="2021-02-24T09:26:05Z" user="BeniHammad" uid="10461114" lat="19.0725834" lon="-98.1632748"/>
 <node id="8207400116" visible="true" version="3" changeset="99890844" timestamp="2021-02-24T09:26:05Z" user="BeniHammad" uid="10461114" lat="19.0724445" lon="-98.1631074"/>
 <node id="8207408517" visible="true" version="3" changeset="99890844" timestamp="2021-02-24T09:26:05Z" user="BeniHammad" uid="10461114" lat="19.0723827" lon="-98.1631724"/>
 <node id="8210183415" visible="true" version="1" changeset="95563766" timestamp="2020-12-09T15:57:02Z" user="Baconcrisp" uid="3778777" lat="19.0705666" lon="-98.1676659"/>
 <node id="8239560050" visible="true" version="1" changeset="96048962" timestamp="2020-12-18T07:17:56Z" user="Risle" uid="10888627" lat="19.0729286" lon="-98.1733768"/>
 <node id="8239560051" visible="true" version="1" changeset="96048962" timestamp="2020-12-18T07:17:56Z" user="Risle" uid="10888627" lat="19.0729467" lon="-98.1733601"/>
 <node id="8239582867" visible="true" version="1" changeset="96049473" timestamp="2020-12-18T07:26:05Z" user="Risle" uid="10888627" lat="19.0723443" lon="-98.1731348"/>
 <node id="8239582868" visible="true" version="1" changeset="96049473" timestamp="2020-12-18T07:26:05Z" user="Risle" uid="10888627" lat="19.0725585" lon="-98.1734009"/>
 <node id="8239582869" visible="true" version="3" changeset="104538455" timestamp="2021-05-11T23:48:25Z" user="BlueButterfly" uid="11601527" lat="19.0721890" lon="-98.1732321"/>
 <node id="8239582870" visible="true" version="1" changeset="96049473" timestamp="2020-12-18T07:26:05Z" user="Risle" uid="10888627" lat="19.0724151" lon="-98.1735384"/>
 <node id="8239582871" visible="true" version="2" changeset="104538455" timestamp="2021-05-11T23:48:25Z" user="BlueButterfly" uid="11601527" lat="19.0720557" lon="-98.1733555"/>
 <node id="8239582872" visible="true" version="1" changeset="96049473" timestamp="2020-12-18T07:26:05Z" user="Risle" uid="10888627" lat="19.0723099" lon="-98.1736394"/>
 <node id="8239582873" visible="true" version="2" changeset="101476181" timestamp="2021-03-22T06:38:41Z" user="BeniHammad" uid="10461114" lat="19.0718285" lon="-98.1733971"/>
 <node id="8239582874" visible="true" version="1" changeset="96049473" timestamp="2020-12-18T07:26:05Z" user="Risle" uid="10888627" lat="19.0721916" lon="-98.1737529"/>
 <node id="8239582875" visible="true" version="3" changeset="101476181" timestamp="2021-03-22T06:38:41Z" user="BeniHammad" uid="10461114" lat="19.0717853" lon="-98.1734360"/>
 <node id="8239582876" visible="true" version="2" changeset="100257930" timestamp="2021-03-02T07:57:27Z" user="BeniHammad" uid="10461114" lat="19.0721016" lon="-98.1738120"/>
 <node id="8239582877" visible="true" version="2" changeset="100257930" timestamp="2021-03-02T07:57:27Z" user="BeniHammad" uid="10461114" lat="19.0721180" lon="-98.1738174"/>
 <node id="8239582878" visible="true" version="2" changeset="100257930" timestamp="2021-03-02T07:57:27Z" user="BeniHammad" uid="10461114" lat="19.0721345" lon="-98.1738114"/>
 <node id="8246965355" visible="true" version="1" changeset="96175728" timestamp="2020-12-21T07:45:30Z" user="Risle" uid="10888627" lat="19.0717900" lon="-98.1735498"/>
 <node id="8246965356" visible="true" version="1" changeset="96175728" timestamp="2020-12-21T07:45:30Z" user="Risle" uid="10888627" lat="19.0718164" lon="-98.1735431"/>
 <node id="8246965357" visible="true" version="1" changeset="96175728" timestamp="2020-12-21T07:45:30Z" user="Risle" uid="10888627" lat="19.0718430" lon="-98.1735398"/>
 <node id="8246965358" visible="true" version="1" changeset="96175728" timestamp="2020-12-21T07:45:30Z" user="Risle" uid="10888627" lat="19.0718614" lon="-98.1735452"/>
 <node id="8246965359" visible="true" version="1" changeset="96175728" timestamp="2020-12-21T07:45:30Z" user="Risle" uid="10888627" lat="19.0718753" lon="-98.1735633"/>
 <node id="8246965360" visible="true" version="1" changeset="96175728" timestamp="2020-12-21T07:45:30Z" user="Risle" uid="10888627" lat="19.0718836" lon="-98.1735814"/>
 <node id="8246965361" visible="true" version="1" changeset="96175728" timestamp="2020-12-21T07:45:30Z" user="Risle" uid="10888627" lat="19.0718836" lon="-98.1735981"/>
 <node id="8246965362" visible="true" version="1" changeset="96175728" timestamp="2020-12-21T07:45:30Z" user="Risle" uid="10888627" lat="19.0718823" lon="-98.1736135"/>
 <node id="8246965363" visible="true" version="1" changeset="96175728" timestamp="2020-12-21T07:45:30Z" user="Risle" uid="10888627" lat="19.0718721" lon="-98.1736363"/>
 <node id="8246965364" visible="true" version="1" changeset="96175728" timestamp="2020-12-21T07:45:30Z" user="Risle" uid="10888627" lat="19.0720851" lon="-98.1738918"/>
 <node id="8246965365" visible="true" version="1" changeset="96175728" timestamp="2020-12-21T07:45:30Z" user="Risle" uid="10888627" lat="19.0720971" lon="-98.1738791"/>
 <node id="8246965366" visible="true" version="1" changeset="96175728" timestamp="2020-12-21T07:45:30Z" user="Risle" uid="10888627" lat="19.0721136" lon="-98.1738643"/>
 <node id="8246965367" visible="true" version="1" changeset="96175728" timestamp="2020-12-21T07:45:30Z" user="Risle" uid="10888627" lat="19.0721307" lon="-98.1738590"/>
 <node id="8246965368" visible="true" version="1" changeset="96175728" timestamp="2020-12-21T07:45:30Z" user="Risle" uid="10888627" lat="19.0721478" lon="-98.1738596"/>
 <node id="8246965369" visible="true" version="1" changeset="96175728" timestamp="2020-12-21T07:45:30Z" user="Risle" uid="10888627" lat="19.0721624" lon="-98.1738623"/>
 <node id="8246965370" visible="true" version="1" changeset="96175728" timestamp="2020-12-21T07:45:30Z" user="Risle" uid="10888627" lat="19.0721820" lon="-98.1738724"/>
 <node id="8246965371" visible="true" version="1" changeset="96175728" timestamp="2020-12-21T07:45:30Z" user="Risle" uid="10888627" lat="19.0723696" lon="-98.1737007"/>
 <node id="8246965372" visible="true" version="1" changeset="96175728" timestamp="2020-12-21T07:45:30Z" user="Risle" uid="10888627" lat="19.0723772" lon="-98.1736679"/>
 <node id="8246965373" visible="true" version="1" changeset="96175728" timestamp="2020-12-21T07:45:30Z" user="Risle" uid="10888627" lat="19.0723848" lon="-98.1736397"/>
 <node id="8246965374" visible="true" version="1" changeset="96175728" timestamp="2020-12-21T07:45:30Z" user="Risle" uid="10888627" lat="19.0724039" lon="-98.1736075"/>
 <node id="8246965375" visible="true" version="1" changeset="96175728" timestamp="2020-12-21T07:45:30Z" user="Risle" uid="10888627" lat="19.0724324" lon="-98.1735847"/>
 <node id="8246965376" visible="true" version="1" changeset="96175728" timestamp="2020-12-21T07:45:30Z" user="Risle" uid="10888627" lat="19.0724590" lon="-98.1735693"/>
 <node id="8246965377" visible="true" version="1" changeset="96175728" timestamp="2020-12-21T07:45:30Z" user="Risle" uid="10888627" lat="19.0724989" lon="-98.1735606"/>
 <node id="8246965378" visible="true" version="1" changeset="96175728" timestamp="2020-12-21T07:45:30Z" user="Risle" uid="10888627" lat="19.0725255" lon="-98.1735572"/>
 <node id="8246965379" visible="true" version="1" changeset="96175728" timestamp="2020-12-21T07:45:30Z" user="Risle" uid="10888627" lat="19.0726757" lon="-98.1734037"/>
 <node id="8246965380" visible="true" version="1" changeset="96175728" timestamp="2020-12-21T07:45:30Z" user="Risle" uid="10888627" lat="19.0726675" lon="-98.1733882"/>
 <node id="8246965381" visible="true" version="1" changeset="96175728" timestamp="2020-12-21T07:45:30Z" user="Risle" uid="10888627" lat="19.0726662" lon="-98.1733688"/>
 <node id="8246965382" visible="true" version="1" changeset="96175728" timestamp="2020-12-21T07:45:30Z" user="Risle" uid="10888627" lat="19.0726688" lon="-98.1733480"/>
 <node id="8246965383" visible="true" version="1" changeset="96175728" timestamp="2020-12-21T07:45:30Z" user="Risle" uid="10888627" lat="19.0726757" lon="-98.1733333"/>
 <node id="8246965384" visible="true" version="1" changeset="96175728" timestamp="2020-12-21T07:45:30Z" user="Risle" uid="10888627" lat="19.0726859" lon="-98.1733225"/>
 <node id="8246965385" visible="true" version="1" changeset="96175728" timestamp="2020-12-21T07:45:30Z" user="Risle" uid="10888627" lat="19.0727049" lon="-98.1733111"/>
 <node id="8246965386" visible="true" version="1" changeset="96175728" timestamp="2020-12-21T07:45:30Z" user="Risle" uid="10888627" lat="19.0725186" lon="-98.1730731"/>
 <node id="8246965387" visible="true" version="1" changeset="96175728" timestamp="2020-12-21T07:45:30Z" user="Risle" uid="10888627" lat="19.0724989" lon="-98.1730778"/>
 <node id="8246965388" visible="true" version="1" changeset="96175728" timestamp="2020-12-21T07:45:30Z" user="Risle" uid="10888627" lat="19.0724818" lon="-98.1730784"/>
 <node id="8246965389" visible="true" version="1" changeset="96175728" timestamp="2020-12-21T07:45:30Z" user="Risle" uid="10888627" lat="19.0724622" lon="-98.1730711"/>
 <node id="8246965390" visible="true" version="1" changeset="96175728" timestamp="2020-12-21T07:45:30Z" user="Risle" uid="10888627" lat="19.0724476" lon="-98.1730577"/>
 <node id="8246965391" visible="true" version="1" changeset="96175728" timestamp="2020-12-21T07:45:30Z" user="Risle" uid="10888627" lat="19.0724368" lon="-98.1730389"/>
 <node id="8246965392" visible="true" version="1" changeset="96175728" timestamp="2020-12-21T07:45:30Z" user="Risle" uid="10888627" lat="19.0724298" lon="-98.1730087"/>
 <node id="8246965393" visible="true" version="1" changeset="96175728" timestamp="2020-12-21T07:45:30Z" user="Risle" uid="10888627" lat="19.0724337" lon="-98.1729798"/>
 <node id="8246965394" visible="true" version="1" changeset="96175728" timestamp="2020-12-21T07:45:30Z" user="Risle" uid="10888627" lat="19.0725218" lon="-98.1740026"/>
 <node id="8353493314" visible="true" version="1" changeset="98001031" timestamp="2021-01-23T00:18:26Z" user="Carol Menta" uid="12151493" lat="19.0687328" lon="-98.1744492">
  <tag k="amenity" v="bicycle_parking"/>
  <tag k="bicycle_parking" v="building"/>
  <tag k="capacity" v="Biciestacionamiento Tienda de Autoservicio Costado de estacionamiento"/>
  <tag k="opening_hours:covid19" v="24/7"/>
 </node>
 <node id="8388968799" visible="true" version="1" changeset="98607810" timestamp="2021-02-03T00:58:32Z" user="MayteMR1" uid="12595247" lat="19.0630488" lon="-98.1664759"/>
 <node id="8388968800" visible="true" version="1" changeset="98607810" timestamp="2021-02-03T00:58:32Z" user="MayteMR1" uid="12595247" lat="19.0631723" lon="-98.1666496"/>
 <node id="8388968801" visible="true" version="1" changeset="98607810" timestamp="2021-02-03T00:58:32Z" user="MayteMR1" uid="12595247" lat="19.0630775" lon="-98.1667125"/>
 <node id="8388968802" visible="true" version="1" changeset="98607810" timestamp="2021-02-03T00:58:32Z" user="MayteMR1" uid="12595247" lat="19.0631812" lon="-98.1675669"/>
 <node id="8431012256" visible="true" version="2" changeset="106797105" timestamp="2021-06-22T20:03:36Z" user="VigotheCarpathian" uid="9395917" lat="19.0668698" lon="-98.1712039">
  <tag k="access" v="permissive"/>
  <tag k="barrier" v="gate"/>
 </node>
 <node id="8431012257" visible="true" version="1" changeset="99430915" timestamp="2021-02-17T07:38:43Z" user="AlumRock" uid="10353523" lat="19.0663398" lon="-98.1712805">
  <tag k="barrier" v="gate"/>
 </node>
 <node id="8431012258" visible="true" version="2" changeset="104533515" timestamp="2021-05-11T20:06:36Z" user="BlueButterfly" uid="11601527" lat="19.0665241" lon="-98.1714902"/>
 <node id="8431012259" visible="true" version="2" changeset="106505594" timestamp="2021-06-17T06:16:56Z" user="Mendips" uid="10409558" lat="19.0668790" lon="-98.1712944"/>
 <node id="8431012260" visible="true" version="2" changeset="104533515" timestamp="2021-05-11T20:06:36Z" user="BlueButterfly" uid="11601527" lat="19.0665142" lon="-98.1713876"/>
 <node id="8431012261" visible="true" version="1" changeset="99430915" timestamp="2021-02-17T07:38:43Z" user="AlumRock" uid="10353523" lat="19.0663918" lon="-98.1718274"/>
 <node id="8431012262" visible="true" version="1" changeset="99430915" timestamp="2021-02-17T07:38:43Z" user="AlumRock" uid="10353523" lat="19.0671298" lon="-98.1723315"/>
 <node id="8431012263" visible="true" version="1" changeset="99430915" timestamp="2021-02-17T07:38:43Z" user="AlumRock" uid="10353523" lat="19.0666735" lon="-98.1721169"/>
 <node id="8431012264" visible="true" version="2" changeset="104533515" timestamp="2021-05-11T20:06:36Z" user="BlueButterfly" uid="11601527" lat="19.0664132" lon="-98.1719917"/>
 <node id="8431012265" visible="true" version="1" changeset="99430915" timestamp="2021-02-17T07:38:43Z" user="AlumRock" uid="10353523" lat="19.0663330" lon="-98.1712102"/>
 <node id="8431012266" visible="true" version="1" changeset="99430915" timestamp="2021-02-17T07:38:43Z" user="AlumRock" uid="10353523" lat="19.0663768" lon="-98.1716636"/>
 <node id="8431012267" visible="true" version="1" changeset="99430915" timestamp="2021-02-17T07:38:43Z" user="AlumRock" uid="10353523" lat="19.0669141" lon="-98.1715860"/>
 <node id="8431012268" visible="true" version="1" changeset="99430915" timestamp="2021-02-17T07:38:43Z" user="AlumRock" uid="10353523" lat="19.0673846" lon="-98.1715714"/>
 <node id="8431012269" visible="true" version="1" changeset="99430915" timestamp="2021-02-17T07:38:43Z" user="AlumRock" uid="10353523" lat="19.0669208" lon="-98.1716436"/>
 <node id="8431012270" visible="true" version="1" changeset="99430915" timestamp="2021-02-17T07:38:43Z" user="AlumRock" uid="10353523" lat="19.0669020" lon="-98.1714655"/>
 <node id="8431012271" visible="true" version="2" changeset="104533515" timestamp="2021-05-11T20:06:36Z" user="BlueButterfly" uid="11601527" lat="19.0673307" lon="-98.1714308"/>
 <node id="8431012272" visible="true" version="2" changeset="104533515" timestamp="2021-05-11T20:06:36Z" user="BlueButterfly" uid="11601527" lat="19.0674339" lon="-98.1717758"/>
 <node id="8431012273" visible="true" version="1" changeset="99430915" timestamp="2021-02-17T07:38:43Z" user="AlumRock" uid="10353523" lat="19.0669618" lon="-98.1718685"/>
 <node id="8431012274" visible="true" version="1" changeset="99430915" timestamp="2021-02-17T07:38:43Z" user="AlumRock" uid="10353523" lat="19.0677052" lon="-98.1722081"/>
 <node id="8431012275" visible="true" version="1" changeset="99430915" timestamp="2021-02-17T07:38:43Z" user="AlumRock" uid="10353523" lat="19.0675379" lon="-98.1721196"/>
 <node id="8431012276" visible="true" version="2" changeset="104533515" timestamp="2021-05-11T20:06:36Z" user="BlueButterfly" uid="11601527" lat="19.0669903" lon="-98.1719830"/>
 <node id="8431012277" visible="true" version="1" changeset="99430915" timestamp="2021-02-17T07:38:43Z" user="AlumRock" uid="10353523" lat="19.0669333" lon="-98.1717440"/>
 <node id="8431012278" visible="true" version="1" changeset="99430915" timestamp="2021-02-17T07:38:43Z" user="AlumRock" uid="10353523" lat="19.0668619" lon="-98.1711358"/>
 <node id="8431012279" visible="true" version="1" changeset="99430915" timestamp="2021-02-17T07:38:43Z" user="AlumRock" uid="10353523" lat="19.0669187" lon="-98.1709556">
  <tag k="barrier" v="gate"/>
 </node>
 <node id="8431012289" visible="true" version="2" changeset="104533515" timestamp="2021-05-11T20:06:36Z" user="BlueButterfly" uid="11601527" lat="19.0660887" lon="-98.1730199"/>
 <node id="8431012290" visible="true" version="2" changeset="104533515" timestamp="2021-05-11T20:06:36Z" user="BlueButterfly" uid="11601527" lat="19.0659839" lon="-98.1729196"/>
 <node id="8431012291" visible="true" version="2" changeset="104533515" timestamp="2021-05-11T20:06:36Z" user="BlueButterfly" uid="11601527" lat="19.0657922" lon="-98.1729372"/>
 <node id="8431012292" visible="true" version="2" changeset="104533515" timestamp="2021-05-11T20:06:36Z" user="BlueButterfly" uid="11601527" lat="19.0654833" lon="-98.1730338"/>
 <node id="8431012293" visible="true" version="3" changeset="106394504" timestamp="2021-06-15T10:48:59Z" user="Mendips" uid="10409558" lat="19.0638024" lon="-98.1733119"/>
 <node id="8431012294" visible="true" version="2" changeset="104533515" timestamp="2021-05-11T20:06:36Z" user="BlueButterfly" uid="11601527" lat="19.0640032" lon="-98.1710555"/>
 <node id="8431012295" visible="true" version="3" changeset="106445895" timestamp="2021-06-16T07:26:28Z" user="Mendips" uid="10409558" lat="19.0636992" lon="-98.1684094"/>
 <node id="8431012296" visible="true" version="2" changeset="106445895" timestamp="2021-06-16T07:26:28Z" user="Mendips" uid="10409558" lat="19.0637651" lon="-98.1682686"/>
 <node id="8431012297" visible="true" version="2" changeset="106445895" timestamp="2021-06-16T07:26:28Z" user="Mendips" uid="10409558" lat="19.0654230" lon="-98.1677556"/>
 <node id="8431012298" visible="true" version="3" changeset="106445895" timestamp="2021-06-16T07:26:28Z" user="Mendips" uid="10409558" lat="19.0655948" lon="-98.1677985"/>
 <node id="8431012299" visible="true" version="2" changeset="106445895" timestamp="2021-06-16T07:26:28Z" user="Mendips" uid="10409558" lat="19.0663464" lon="-98.1691289"/>
 <node id="8431012300" visible="true" version="3" changeset="106445895" timestamp="2021-06-16T07:26:28Z" user="Mendips" uid="10409558" lat="19.0668084" lon="-98.1699825"/>
 <node id="8431012301" visible="true" version="1" changeset="99430915" timestamp="2021-02-17T07:38:43Z" user="AlumRock" uid="10353523" lat="19.0669334" lon="-98.1710371"/>
 <node id="8431012307" visible="true" version="2" changeset="104533515" timestamp="2021-05-11T20:06:36Z" user="BlueButterfly" uid="11601527" lat="19.0671756" lon="-98.1708221">
  <tag k="barrier" v="lift_gate"/>
 </node>
 <node id="8431316764" visible="true" version="1" changeset="99439040" timestamp="2021-02-17T09:35:18Z" user="AlumRock" uid="10353523" lat="19.0691652" lon="-98.1708299">
  <tag k="barrier" v="lift_gate"/>
 </node>
 <node id="8431316765" visible="true" version="1" changeset="99439040" timestamp="2021-02-17T09:35:18Z" user="AlumRock" uid="10353523" lat="19.0703431" lon="-98.1716672"/>
 <node id="8431316766" visible="true" version="1" changeset="99439040" timestamp="2021-02-17T09:35:18Z" user="AlumRock" uid="10353523" lat="19.0711677" lon="-98.1736633">
  <tag k="barrier" v="lift_gate"/>
 </node>
 <node id="8431316767" visible="true" version="1" changeset="99439040" timestamp="2021-02-17T09:35:18Z" user="AlumRock" uid="10353523" lat="19.0712147" lon="-98.1737350"/>
 <node id="8431316768" visible="true" version="1" changeset="99439040" timestamp="2021-02-17T09:35:18Z" user="AlumRock" uid="10353523" lat="19.0711148" lon="-98.1735827"/>
 <node id="8431316769" visible="true" version="1" changeset="99439040" timestamp="2021-02-17T09:35:18Z" user="AlumRock" uid="10353523" lat="19.0706511" lon="-98.1723953"/>
 <node id="8431316770" visible="true" version="3" changeset="106385991" timestamp="2021-06-15T08:55:04Z" user="Mendips" uid="10409558" lat="19.0705419" lon="-98.1724441"/>
 <node id="8431316771" visible="true" version="2" changeset="106385991" timestamp="2021-06-15T08:55:04Z" user="Mendips" uid="10409558" lat="19.0701080" lon="-98.1718892"/>
 <node id="8431316772" visible="true" version="2" changeset="104533515" timestamp="2021-05-11T20:06:36Z" user="BlueButterfly" uid="11601527" lat="19.0713836" lon="-98.1733014"/>
 <node id="8431316773" visible="true" version="1" changeset="99439040" timestamp="2021-02-17T09:35:18Z" user="AlumRock" uid="10353523" lat="19.0702877" lon="-98.1717230"/>
 <node id="8431316774" visible="true" version="2" changeset="106385991" timestamp="2021-06-15T08:55:04Z" user="Mendips" uid="10409558" lat="19.0702143" lon="-98.1717963"/>
 <node id="8431316775" visible="true" version="1" changeset="99439040" timestamp="2021-02-17T09:35:18Z" user="AlumRock" uid="10353523" lat="19.0699804" lon="-98.1720056"/>
 <node id="8431316776" visible="true" version="2" changeset="106385991" timestamp="2021-06-15T08:55:04Z" user="Mendips" uid="10409558" lat="19.0700053" lon="-98.1717764"/>
 <node id="8431316777" visible="true" version="2" changeset="106385991" timestamp="2021-06-15T08:55:04Z" user="Mendips" uid="10409558" lat="19.0701040" lon="-98.1716757"/>
 <node id="8431316778" visible="true" version="2" changeset="106385991" timestamp="2021-06-15T08:55:04Z" user="Mendips" uid="10409558" lat="19.0698992" lon="-98.1718855"/>
 <node id="8431316779" visible="true" version="3" changeset="106385991" timestamp="2021-06-15T08:55:04Z" user="Mendips" uid="10409558" lat="19.0694188" lon="-98.1708904"/>
 <node id="8431316780" visible="true" version="3" changeset="106385991" timestamp="2021-06-15T08:55:04Z" user="Mendips" uid="10409558" lat="19.0692567" lon="-98.1710370"/>
 <node id="8431316781" visible="true" version="3" changeset="106385991" timestamp="2021-06-15T08:55:04Z" user="Mendips" uid="10409558" lat="19.0695697" lon="-98.1711043"/>
 <node id="8431316782" visible="true" version="3" changeset="106385991" timestamp="2021-06-15T08:55:04Z" user="Mendips" uid="10409558" lat="19.0693413" lon="-98.1708422"/>
 <node id="8431316783" visible="true" version="3" changeset="106385991" timestamp="2021-06-15T08:55:04Z" user="Mendips" uid="10409558" lat="19.0692627" lon="-98.1709099"/>
 <node id="8431316784" visible="true" version="3" changeset="106385991" timestamp="2021-06-15T08:55:04Z" user="Mendips" uid="10409558" lat="19.0692908" lon="-98.1711003"/>
 <node id="8431316785" visible="true" version="3" changeset="106385991" timestamp="2021-06-15T08:55:04Z" user="Mendips" uid="10409558" lat="19.0695849" lon="-98.1714999"/>
 <node id="8431316786" visible="true" version="2" changeset="106385991" timestamp="2021-06-15T08:55:04Z" user="Mendips" uid="10409558" lat="19.0698778" lon="-98.1714155"/>
 <node id="8431316787" visible="true" version="2" changeset="106385991" timestamp="2021-06-15T08:55:04Z" user="Mendips" uid="10409558" lat="19.0697243" lon="-98.1714517"/>
 <node id="8431316788" visible="true" version="1" changeset="99439040" timestamp="2021-02-17T09:35:18Z" user="AlumRock" uid="10353523" lat="19.0690927" lon="-98.1707257"/>
 <node id="8431395934" visible="true" version="2" changeset="104660123" timestamp="2021-05-13T21:39:15Z" user="BlueButterfly" uid="11601527" lat="19.0691977" lon="-98.1750461"/>
 <node id="8431395935" visible="true" version="2" changeset="104660123" timestamp="2021-05-13T21:39:15Z" user="BlueButterfly" uid="11601527" lat="19.0684646" lon="-98.1750620"/>
 <node id="8431395937" visible="true" version="2" changeset="104660123" timestamp="2021-05-13T21:39:15Z" user="BlueButterfly" uid="11601527" lat="19.0685371" lon="-98.1749055"/>
 <node id="8431395939" visible="true" version="2" changeset="104660123" timestamp="2021-05-13T21:39:15Z" user="BlueButterfly" uid="11601527" lat="19.0688580" lon="-98.1750793"/>
 <node id="8431395940" visible="true" version="2" changeset="104660123" timestamp="2021-05-13T21:39:15Z" user="BlueButterfly" uid="11601527" lat="19.0686912" lon="-98.1754005"/>
 <node id="8431395941" visible="true" version="3" changeset="104660123" timestamp="2021-05-13T21:39:15Z" user="BlueButterfly" uid="11601527" lat="19.0683997" lon="-98.1752197"/>
 <node id="8431395942" visible="true" version="2" changeset="99489152" timestamp="2021-02-18T04:37:28Z" user="ElYunque" uid="9090151" lat="19.0689220" lon="-98.1755139"/>
 <node id="8431395943" visible="true" version="3" changeset="104660123" timestamp="2021-05-13T21:39:15Z" user="BlueButterfly" uid="11601527" lat="19.0690507" lon="-98.1754140"/>
 <node id="8431395944" visible="true" version="3" changeset="104660722" timestamp="2021-05-13T22:01:39Z" user="BlueButterfly" uid="11601527" lat="19.0691714" lon="-98.1755225"/>
 <node id="8431395945" visible="true" version="2" changeset="104660123" timestamp="2021-05-13T21:39:15Z" user="BlueButterfly" uid="11601527" lat="19.0686911" lon="-98.1745817"/>
 <node id="8431395946" visible="true" version="3" changeset="106505594" timestamp="2021-06-17T06:16:56Z" user="Mendips" uid="10409558" lat="19.0690256" lon="-98.1747600"/>
 <node id="8431395947" visible="true" version="2" changeset="104660123" timestamp="2021-05-13T21:39:15Z" user="BlueButterfly" uid="11601527" lat="19.0692822" lon="-98.1748948"/>
 <node id="8431395948" visible="true" version="3" changeset="106505594" timestamp="2021-06-17T06:16:56Z" user="Mendips" uid="10409558" lat="19.0691062" lon="-98.1745914"/>
 <node id="8431395949" visible="true" version="3" changeset="106505594" timestamp="2021-06-17T06:16:56Z" user="Mendips" uid="10409558" lat="19.0689547" lon="-98.1749132"/>
 <node id="8431395951" visible="true" version="2" changeset="104660123" timestamp="2021-05-13T21:39:15Z" user="BlueButterfly" uid="11601527" lat="19.0693318" lon="-98.1747656"/>
 <node id="8431395952" visible="true" version="2" changeset="104660123" timestamp="2021-05-13T21:39:15Z" user="BlueButterfly" uid="11601527" lat="19.0687729" lon="-98.1744513"/>
 <node id="8431395953" visible="true" version="2" changeset="104660123" timestamp="2021-05-13T21:39:15Z" user="BlueButterfly" uid="11601527" lat="19.0686242" lon="-98.1747307"/>
 <node id="8431395954" visible="true" version="3" changeset="104660722" timestamp="2021-05-13T22:01:39Z" user="BlueButterfly" uid="11601527" lat="19.0695245" lon="-98.1752093"/>
 <node id="8431761091" visible="true" version="1" changeset="99451958" timestamp="2021-02-17T12:18:49Z" user="AlumRock" uid="10353523" lat="19.0704454" lon="-98.1742580">
  <tag k="barrier" v="lift_gate"/>
 </node>
 <node id="8431761092" visible="true" version="1" changeset="99451958" timestamp="2021-02-17T12:18:49Z" user="AlumRock" uid="10353523" lat="19.0705082" lon="-98.1743344"/>
 <node id="8431761093" visible="true" version="1" changeset="99451958" timestamp="2021-02-17T12:18:49Z" user="AlumRock" uid="10353523" lat="19.0703953" lon="-98.1741972"/>
 <node id="8431761094" visible="true" version="2" changeset="104533515" timestamp="2021-05-11T20:06:36Z" user="BlueButterfly" uid="11601527" lat="19.0702184" lon="-98.1744511">
  <tag k="barrier" v="lift_gate"/>
 </node>
 <node id="8431761095" visible="true" version="3" changeset="106385991" timestamp="2021-06-15T08:55:04Z" user="Mendips" uid="10409558" lat="19.0675303" lon="-98.1749691"/>
 <node id="8431761096" visible="true" version="3" changeset="106385991" timestamp="2021-06-15T08:55:04Z" user="Mendips" uid="10409558" lat="19.0675148" lon="-98.1748554"/>
 <node id="8431761097" visible="true" version="2" changeset="106385991" timestamp="2021-06-15T08:55:04Z" user="Mendips" uid="10409558" lat="19.0678969" lon="-98.1739934"/>
 <node id="8431761098" visible="true" version="2" changeset="106385991" timestamp="2021-06-15T08:55:04Z" user="Mendips" uid="10409558" lat="19.0680069" lon="-98.1739187"/>
 <node id="8431761099" visible="true" version="2" changeset="106385991" timestamp="2021-06-15T08:55:04Z" user="Mendips" uid="10409558" lat="19.0685072" lon="-98.1741805"/>
 <node id="8431761100" visible="true" version="2" changeset="104660722" timestamp="2021-05-13T22:01:39Z" user="BlueButterfly" uid="11601527" lat="19.0698116" lon="-98.1749554"/>
 <node id="8431761101" visible="true" version="2" changeset="106433136" timestamp="2021-06-16T04:22:35Z" user="Mendips" uid="10409558" lat="19.0692754" lon="-98.1738703"/>
 <node id="8431761102" visible="true" version="2" changeset="104533515" timestamp="2021-05-11T20:06:36Z" user="BlueButterfly" uid="11601527" lat="19.0690704" lon="-98.1734665"/>
 <node id="8431761103" visible="true" version="2" changeset="104533515" timestamp="2021-05-11T20:06:36Z" user="BlueButterfly" uid="11601527" lat="19.0691401" lon="-98.1733560"/>
 <node id="8431761104" visible="true" version="2" changeset="104533515" timestamp="2021-05-11T20:06:36Z" user="BlueButterfly" uid="11601527" lat="19.0702374" lon="-98.1743442"/>
 <node id="8431761105" visible="true" version="2" changeset="104533515" timestamp="2021-05-11T20:06:36Z" user="BlueButterfly" uid="11601527" lat="19.0701158" lon="-98.1744321"/>
 <node id="8431761106" visible="true" version="2" changeset="104533515" timestamp="2021-05-11T20:06:36Z" user="BlueButterfly" uid="11601527" lat="19.0678298" lon="-98.1729902"/>
 <node id="8431761107" visible="true" version="2" changeset="104533515" timestamp="2021-05-11T20:06:36Z" user="BlueButterfly" uid="11601527" lat="19.0677859" lon="-98.1729800"/>
 <node id="8431761108" visible="true" version="2" changeset="104533515" timestamp="2021-05-11T20:06:36Z" user="BlueButterfly" uid="11601527" lat="19.0677448" lon="-98.1729987"/>
 <node id="8431761109" visible="true" version="2" changeset="104533515" timestamp="2021-05-11T20:06:36Z" user="BlueButterfly" uid="11601527" lat="19.0676781" lon="-98.1730964"/>
 <node id="8431761110" visible="true" version="2" changeset="104533515" timestamp="2021-05-11T20:06:36Z" user="BlueButterfly" uid="11601527" lat="19.0683751" lon="-98.1735287"/>
 <node id="8431761111" visible="true" version="3" changeset="106433136" timestamp="2021-06-16T04:22:35Z" user="Mendips" uid="10409558" lat="19.0684330" lon="-98.1733826"/>
 <node id="8431761112" visible="true" version="3" changeset="106433136" timestamp="2021-06-16T04:22:35Z" user="Mendips" uid="10409558" lat="19.0684930" lon="-98.1732460"/>
 <node id="8431761113" visible="true" version="2" changeset="104533515" timestamp="2021-05-11T20:06:36Z" user="BlueButterfly" uid="11601527" lat="19.0683437" lon="-98.1736330"/>
 <node id="8431761115" visible="true" version="3" changeset="106433136" timestamp="2021-06-16T04:22:35Z" user="Mendips" uid="10409558" lat="19.0693880" lon="-98.1736106"/>
 <node id="8431761116" visible="true" version="2" changeset="106433136" timestamp="2021-06-16T04:22:35Z" user="Mendips" uid="10409558" lat="19.0693319" lon="-98.1737402"/>
 <node id="8431795517" visible="true" version="2" changeset="106433136" timestamp="2021-06-16T04:22:35Z" user="Mendips" uid="10409558" lat="19.0697187" lon="-98.1735471"/>
 <node id="8431795518" visible="true" version="2" changeset="104533515" timestamp="2021-05-11T20:06:36Z" user="BlueButterfly" uid="11601527" lat="19.0694252" lon="-98.1734767"/>
 <node id="8431795519" visible="true" version="3" changeset="106433136" timestamp="2021-06-16T04:22:35Z" user="Mendips" uid="10409558" lat="19.0693579" lon="-98.1739079"/>
 <node id="8431795520" visible="true" version="2" changeset="106433136" timestamp="2021-06-16T04:22:35Z" user="Mendips" uid="10409558" lat="19.0694411" lon="-98.1738093"/>
 <node id="8431795521" visible="true" version="2" changeset="104533515" timestamp="2021-05-11T20:06:36Z" user="BlueButterfly" uid="11601527" lat="19.0699936" lon="-98.1745090"/>
 <node id="8431795522" visible="true" version="2" changeset="104533515" timestamp="2021-05-11T20:06:36Z" user="BlueButterfly" uid="11601527" lat="19.0696703" lon="-98.1743818"/>
 <node id="8431795523" visible="true" version="2" changeset="104533515" timestamp="2021-05-11T20:06:36Z" user="BlueButterfly" uid="11601527" lat="19.0693912" lon="-98.1742106"/>
 <node id="8431795524" visible="true" version="1" changeset="99451958" timestamp="2021-02-17T12:18:49Z" user="AlumRock" uid="10353523" lat="19.0692199" lon="-98.1740306"/>
 <node id="8431795525" visible="true" version="2" changeset="104533515" timestamp="2021-05-11T20:06:36Z" user="BlueButterfly" uid="11601527" lat="19.0702820" lon="-98.1745221"/>
 <node id="8431795526" visible="true" version="2" changeset="106433136" timestamp="2021-06-16T04:22:35Z" user="Mendips" uid="10409558" lat="19.0703290" lon="-98.1742493"/>
 <node id="8431795527" visible="true" version="2" changeset="106433136" timestamp="2021-06-16T04:22:35Z" user="Mendips" uid="10409558" lat="19.0698258" lon="-98.1736457"/>
 <node id="8431795528" visible="true" version="3" changeset="106433136" timestamp="2021-06-16T04:22:35Z" user="Mendips" uid="10409558" lat="19.0696387" lon="-98.1736079"/>
 <node id="8431795529" visible="true" version="3" changeset="106433136" timestamp="2021-06-16T04:22:35Z" user="Mendips" uid="10409558" lat="19.0695428" lon="-98.1737190"/>
 <node id="8433666789" visible="true" version="1" changeset="99489152" timestamp="2021-02-18T04:37:28Z" user="ElYunque" uid="9090151" lat="19.0689035" lon="-98.1755181"/>
 <node id="8433666790" visible="true" version="2" changeset="104660123" timestamp="2021-05-13T21:39:15Z" user="BlueButterfly" uid="11601527" lat="19.0684029" lon="-98.1752360"/>
 <node id="8433666791" visible="true" version="2" changeset="104660123" timestamp="2021-05-13T21:39:15Z" user="BlueButterfly" uid="11601527" lat="19.0684151" lon="-98.1752470"/>
 <node id="8433666792" visible="true" version="1" changeset="99489152" timestamp="2021-02-18T04:37:28Z" user="ElYunque" uid="9090151" lat="19.0688796" lon="-98.1755152"/>
 <node id="8433695366" visible="true" version="2" changeset="104533515" timestamp="2021-05-11T20:06:36Z" user="BlueButterfly" uid="11601527" lat="19.0703362" lon="-98.1726205"/>
 <node id="8433695367" visible="true" version="1" changeset="99489741" timestamp="2021-02-18T04:48:12Z" user="AlumRock" uid="10353523" lat="19.0707304" lon="-98.1724912"/>
 <node id="8433695368" visible="true" version="2" changeset="104533515" timestamp="2021-05-11T20:06:36Z" user="BlueButterfly" uid="11601527" lat="19.0704326" lon="-98.1727437"/>
 <node id="8433695369" visible="true" version="1" changeset="99489741" timestamp="2021-02-18T04:48:12Z" user="AlumRock" uid="10353523" lat="19.0708608" lon="-98.1726489"/>
 <node id="8433695370" visible="true" version="2" changeset="104533515" timestamp="2021-05-11T20:06:36Z" user="BlueButterfly" uid="11601527" lat="19.0705683" lon="-98.1729098"/>
 <node id="8433695371" visible="true" version="1" changeset="99489741" timestamp="2021-02-18T04:48:12Z" user="AlumRock" uid="10353523" lat="19.0709580" lon="-98.1727663"/>
 <node id="8433695372" visible="true" version="2" changeset="104533515" timestamp="2021-05-11T20:06:36Z" user="BlueButterfly" uid="11601527" lat="19.0706708" lon="-98.1730239"/>
 <node id="8433695373" visible="true" version="1" changeset="99489741" timestamp="2021-02-18T04:48:12Z" user="AlumRock" uid="10353523" lat="19.0710360" lon="-98.1728607"/>
 <node id="8433695374" visible="true" version="2" changeset="104533515" timestamp="2021-05-11T20:06:36Z" user="BlueButterfly" uid="11601527" lat="19.0707514" lon="-98.1731268"/>
 <node id="8433695375" visible="true" version="1" changeset="99489741" timestamp="2021-02-18T04:48:12Z" user="AlumRock" uid="10353523" lat="19.0711287" lon="-98.1729728"/>
 <node id="8433695376" visible="true" version="2" changeset="104533515" timestamp="2021-05-11T20:06:36Z" user="BlueButterfly" uid="11601527" lat="19.0708511" lon="-98.1732381"/>
 <node id="8433695377" visible="true" version="1" changeset="99489741" timestamp="2021-02-18T04:48:12Z" user="AlumRock" uid="10353523" lat="19.0712727" lon="-98.1731469"/>
 <node id="8433695378" visible="true" version="1" changeset="99489741" timestamp="2021-02-18T04:48:12Z" user="AlumRock" uid="10353523" lat="19.0709867" lon="-98.1734047"/>
 <node id="8433743632" visible="true" version="2" changeset="106505594" timestamp="2021-06-17T06:16:56Z" user="Mendips" uid="10409558" lat="19.0656011" lon="-98.1680321"/>
 <node id="8433743633" visible="true" version="2" changeset="106505594" timestamp="2021-06-17T06:16:56Z" user="Mendips" uid="10409558" lat="19.0651641" lon="-98.1680885"/>
 <node id="8433743634" visible="true" version="2" changeset="106505594" timestamp="2021-06-17T06:16:56Z" user="Mendips" uid="10409558" lat="19.0656741" lon="-98.1681743"/>
 <node id="8433743635" visible="true" version="2" changeset="106505594" timestamp="2021-06-17T06:16:56Z" user="Mendips" uid="10409558" lat="19.0652027" lon="-98.1682625"/>
 <node id="8433743636" visible="true" version="2" changeset="106505594" timestamp="2021-06-17T06:16:56Z" user="Mendips" uid="10409558" lat="19.0657526" lon="-98.1683272"/>
 <node id="8433743637" visible="true" version="2" changeset="106505594" timestamp="2021-06-17T06:16:56Z" user="Mendips" uid="10409558" lat="19.0652366" lon="-98.1684152"/>
 <node id="8433743638" visible="true" version="2" changeset="106505594" timestamp="2021-06-17T06:16:56Z" user="Mendips" uid="10409558" lat="19.0658204" lon="-98.1684331"/>
 <node id="8433743639" visible="true" version="3" changeset="106505594" timestamp="2021-06-17T06:16:56Z" user="Mendips" uid="10409558" lat="19.0655273" lon="-98.1679045"/>
 <node id="8433743640" visible="true" version="3" changeset="106505594" timestamp="2021-06-17T06:16:56Z" user="Mendips" uid="10409558" lat="19.0651488" lon="-98.1679474"/>
 <node id="8433743641" visible="true" version="3" changeset="106505594" timestamp="2021-06-17T06:16:56Z" user="Mendips" uid="10409558" lat="19.0652793" lon="-98.1685530"/>
 <node id="8433743642" visible="true" version="3" changeset="106505594" timestamp="2021-06-17T06:16:56Z" user="Mendips" uid="10409558" lat="19.0659054" lon="-98.1683860"/>
 <node id="8433822087" visible="true" version="3" changeset="106445895" timestamp="2021-06-16T07:26:28Z" user="Mendips" uid="10409558" lat="19.0664934" lon="-98.1686984"/>
 <node id="8433822088" visible="true" version="1" changeset="99493925" timestamp="2021-02-18T05:54:42Z" user="AlumRock" uid="10353523" lat="19.0684576" lon="-98.1705453">
  <tag k="barrier" v="lift_gate"/>
 </node>
 <node id="8433822089" visible="true" version="2" changeset="100257930" timestamp="2021-03-02T07:57:27Z" user="BeniHammad" uid="10461114" lat="19.0709369" lon="-98.1724399"/>
 <node id="8433822090" visible="true" version="1" changeset="99493925" timestamp="2021-02-18T05:54:42Z" user="AlumRock" uid="10353523" lat="19.0708989" lon="-98.1724804"/>
 <node id="8433822091" visible="true" version="2" changeset="106835344" timestamp="2021-06-23T11:40:07Z" user="Dublarchar" uid="12652995" lat="19.0707775" lon="-98.1725194"/>
 <node id="8434378698" visible="true" version="2" changeset="106445895" timestamp="2021-06-16T07:26:28Z" user="Mendips" uid="10409558" lat="19.0662982" lon="-98.1708562"/>
 <node id="8434378702" visible="true" version="2" changeset="104533515" timestamp="2021-05-11T20:06:36Z" user="BlueButterfly" uid="11601527" lat="19.0682037" lon="-98.1731492"/>
 <node id="8434378703" visible="true" version="2" changeset="104533515" timestamp="2021-05-11T20:06:36Z" user="BlueButterfly" uid="11601527" lat="19.0682525" lon="-98.1729053"/>
 <node id="8434378704" visible="true" version="2" changeset="104533515" timestamp="2021-05-11T20:06:36Z" user="BlueButterfly" uid="11601527" lat="19.0681870" lon="-98.1728742"/>
 <node id="8434378705" visible="true" version="2" changeset="104533515" timestamp="2021-05-11T20:06:36Z" user="BlueButterfly" uid="11601527" lat="19.0679794" lon="-98.1730531"/>
 <node id="8434378712" visible="true" version="2" changeset="104533515" timestamp="2021-05-11T20:06:36Z" user="BlueButterfly" uid="11601527" lat="19.0678911" lon="-98.1710669"/>
 <node id="8434378713" visible="true" version="2" changeset="104533515" timestamp="2021-05-11T20:06:36Z" user="BlueButterfly" uid="11601527" lat="19.0681983" lon="-98.1716918"/>
 <node id="8434378714" visible="true" version="2" changeset="104533515" timestamp="2021-05-11T20:06:36Z" user="BlueButterfly" uid="11601527" lat="19.0675609" lon="-98.1710951">
  <tag k="barrier" v="lift_gate"/>
 </node>
 <node id="8434378715" visible="true" version="1" changeset="99511107" timestamp="2021-02-18T09:43:50Z" user="AlumRock" uid="10353523" lat="19.0680703" lon="-98.1709581">
  <tag k="barrier" v="lift_gate"/>
 </node>
 <node id="8434378716" visible="true" version="1" changeset="99511107" timestamp="2021-02-18T09:43:50Z" user="AlumRock" uid="10353523" lat="19.0680745" lon="-98.1708800"/>
 <node id="8434390217" visible="true" version="2" changeset="104533515" timestamp="2021-05-11T20:06:36Z" user="BlueButterfly" uid="11601527" lat="19.0677171" lon="-98.1711147"/>
 <node id="8434390218" visible="true" version="2" changeset="104533515" timestamp="2021-05-11T20:06:36Z" user="BlueButterfly" uid="11601527" lat="19.0680690" lon="-98.1710419"/>
 <node id="8434390219" visible="true" version="2" changeset="106445895" timestamp="2021-06-16T07:26:28Z" user="Mendips" uid="10409558" lat="19.0681019" lon="-98.1711667"/>
 <node id="8434390220" visible="true" version="2" changeset="104533515" timestamp="2021-05-11T20:06:36Z" user="BlueButterfly" uid="11601527" lat="19.0676065" lon="-98.1711761"/>
 <node id="8434390221" visible="true" version="2" changeset="104533515" timestamp="2021-05-11T20:06:36Z" user="BlueButterfly" uid="11601527" lat="19.0681922" lon="-98.1710527"/>
 <node id="8434390222" visible="true" version="2" changeset="104533515" timestamp="2021-05-11T20:06:36Z" user="BlueButterfly" uid="11601527" lat="19.0682270" lon="-98.1713487"/>
 <node id="8434390223" visible="true" version="2" changeset="104533515" timestamp="2021-05-11T20:06:36Z" user="BlueButterfly" uid="11601527" lat="19.0681311" lon="-98.1713672"/>
 <node id="8434390224" visible="true" version="1" changeset="99511107" timestamp="2021-02-18T09:43:50Z" user="AlumRock" uid="10353523" lat="19.0681032" lon="-98.1717937"/>
 <node id="8434390225" visible="true" version="2" changeset="104533515" timestamp="2021-05-11T20:06:36Z" user="BlueButterfly" uid="11601527" lat="19.0680626" lon="-98.1717802"/>
 <node id="8434390226" visible="true" version="1" changeset="99511107" timestamp="2021-02-18T09:43:50Z" user="AlumRock" uid="10353523" lat="19.0675235" lon="-98.1710205"/>
 <node id="8434390228" visible="true" version="1" changeset="99511107" timestamp="2021-02-18T09:43:50Z" user="AlumRock" uid="10353523" lat="19.0668734" lon="-98.1712351">
  <tag k="barrier" v="lift_gate"/>
 </node>
 <node id="8434873151" visible="true" version="2" changeset="104585596" timestamp="2021-05-12T16:28:15Z" user="BlueButterfly" uid="11601527" lat="19.0697376" lon="-98.1705364"/>
 <node id="8434873152" visible="true" version="1" changeset="99525339" timestamp="2021-02-18T12:47:08Z" user="AlumRock" uid="10353523" lat="19.0697478" lon="-98.1706331"/>
 <node id="8434887654" visible="true" version="2" changeset="106399911" timestamp="2021-06-15T12:05:47Z" user="Mendips" uid="10409558" lat="19.0649052" lon="-98.1716850"/>
 <node id="8434887655" visible="true" version="2" changeset="106445895" timestamp="2021-06-16T07:26:28Z" user="Mendips" uid="10409558" lat="19.0647252" lon="-98.1715147">
  <tag k="barrier" v="gate"/>
 </node>
 <node id="8434887656" visible="true" version="1" changeset="99525992" timestamp="2021-02-18T12:56:50Z" user="AlumRock" uid="10353523" lat="19.0646220" lon="-98.1714387"/>
 <node id="8436561245" visible="true" version="2" changeset="104531835" timestamp="2021-05-11T19:24:20Z" user="BlueButterfly" uid="11601527" lat="19.0665607" lon="-98.1617158"/>
 <node id="8436561246" visible="true" version="2" changeset="104531835" timestamp="2021-05-11T19:24:20Z" user="BlueButterfly" uid="11601527" lat="19.0662183" lon="-98.1613497"/>
 <node id="8436561247" visible="true" version="2" changeset="104531835" timestamp="2021-05-11T19:24:20Z" user="BlueButterfly" uid="11601527" lat="19.0660021" lon="-98.1613248"/>
 <node id="8436561248" visible="true" version="2" changeset="104531835" timestamp="2021-05-11T19:24:20Z" user="BlueButterfly" uid="11601527" lat="19.0655745" lon="-98.1617510"/>
 <node id="8436561249" visible="true" version="2" changeset="104531835" timestamp="2021-05-11T19:24:20Z" user="BlueButterfly" uid="11601527" lat="19.0665314" lon="-98.1628690"/>
 <node id="8436561276" visible="true" version="1" changeset="99561371" timestamp="2021-02-19T04:53:42Z" user="AlumRock" uid="10353523" lat="19.0670900" lon="-98.1608728"/>
 <node id="8436561278" visible="true" version="2" changeset="104531835" timestamp="2021-05-11T19:24:20Z" user="BlueButterfly" uid="11601527" lat="19.0678906" lon="-98.1618980"/>
 <node id="8436561279" visible="true" version="1" changeset="99561371" timestamp="2021-02-19T04:53:42Z" user="AlumRock" uid="10353523" lat="19.0670765" lon="-98.1607497">
  <tag k="barrier" v="gate"/>
 </node>
 <node id="8436561280" visible="true" version="1" changeset="99561371" timestamp="2021-02-19T04:53:42Z" user="AlumRock" uid="10353523" lat="19.0670957" lon="-98.1605503"/>
 <node id="8436720988" visible="true" version="1" changeset="99565947" timestamp="2021-02-19T06:02:48Z" user="AlumRock" uid="10353523" lat="19.0689859" lon="-98.1609752">
  <tag k="barrier" v="gate"/>
 </node>
 <node id="8436720989" visible="true" version="2" changeset="104532320" timestamp="2021-05-11T19:36:09Z" user="BlueButterfly" uid="11601527" lat="19.0695939" lon="-98.1619996"/>
 <node id="8436720990" visible="true" version="2" changeset="104532320" timestamp="2021-05-11T19:36:09Z" user="BlueButterfly" uid="11601527" lat="19.0688717" lon="-98.1610786"/>
 <node id="8436720991" visible="true" version="3" changeset="104532320" timestamp="2021-05-11T19:36:09Z" user="BlueButterfly" uid="11601527" lat="19.0691103" lon="-98.1608174"/>
 <node id="8436720992" visible="true" version="3" changeset="104532320" timestamp="2021-05-11T19:36:09Z" user="BlueButterfly" uid="11601527" lat="19.0680388" lon="-98.1618113"/>
 <node id="8436720993" visible="true" version="3" changeset="104532320" timestamp="2021-05-11T19:36:09Z" user="BlueButterfly" uid="11601527" lat="19.0680748" lon="-98.1621299"/>
 <node id="8436720994" visible="true" version="1" changeset="99565947" timestamp="2021-02-19T06:02:48Z" user="AlumRock" uid="10353523" lat="19.0684987" lon="-98.1627023"/>
 <node id="8436720995" visible="true" version="2" changeset="99739873" timestamp="2021-02-22T11:06:10Z" user="AlumRock" uid="10353523" lat="19.0670157" lon="-98.1624140"/>
 <node id="8436720996" visible="true" version="1" changeset="99565947" timestamp="2021-02-19T06:02:48Z" user="AlumRock" uid="10353523" lat="19.0676672" lon="-98.1628284"/>
 <node id="8436720997" visible="true" version="2" changeset="104531835" timestamp="2021-05-11T19:24:20Z" user="BlueButterfly" uid="11601527" lat="19.0680415" lon="-98.1623915"/>
 <node id="8445430376" visible="true" version="3" changeset="147721080" timestamp="2024-02-21T07:43:01Z" user="Ahaggarplateau" uid="15750510" lat="19.0694872" lon="-98.1609621">
  <tag k="access" v="permissive"/>
  <tag k="barrier" v="gate"/>
 </node>
 <node id="8445430377" visible="true" version="3" changeset="106445895" timestamp="2021-06-16T07:26:28Z" user="Mendips" uid="10409558" lat="19.0697301" lon="-98.1613316"/>
 <node id="8445430378" visible="true" version="2" changeset="104532320" timestamp="2021-05-11T19:36:09Z" user="BlueButterfly" uid="11601527" lat="19.0699513" lon="-98.1611198"/>
 <node id="8445430379" visible="true" version="3" changeset="106445895" timestamp="2021-06-16T07:26:28Z" user="Mendips" uid="10409558" lat="19.0696484" lon="-98.1614229"/>
 <node id="8445430380" visible="true" version="2" changeset="104532320" timestamp="2021-05-11T19:36:09Z" user="BlueButterfly" uid="11601527" lat="19.0693821" lon="-98.1611104"/>
 <node id="8445430381" visible="true" version="3" changeset="147721080" timestamp="2024-02-21T07:43:01Z" user="Ahaggarplateau" uid="15750510" lat="19.0695562" lon="-98.1608655"/>
 <node id="8445430382" visible="true" version="1" changeset="99738395" timestamp="2021-02-22T10:48:53Z" user="AlumRock" uid="10353523" lat="19.0656001" lon="-98.1609489">
  <tag k="barrier" v="gate"/>
 </node>
 <node id="8445437579" visible="true" version="2" changeset="115621448" timestamp="2021-12-31T20:20:14Z" user="Arun Ganesh" uid="14749768" lat="19.0621644" lon="-98.1600777"/>
 <node id="8445477201" visible="true" version="1" changeset="99739873" timestamp="2021-02-22T11:06:10Z" user="AlumRock" uid="10353523" lat="19.0674597" lon="-98.1632540"/>
 <node id="8445477202" visible="true" version="1" changeset="99739873" timestamp="2021-02-22T11:06:10Z" user="AlumRock" uid="10353523" lat="19.0673729" lon="-98.1631455"/>
 <node id="8445477203" visible="true" version="2" changeset="104531835" timestamp="2021-05-11T19:24:20Z" user="BlueButterfly" uid="11601527" lat="19.0675762" lon="-98.1629680"/>
 <node id="8445477204" visible="true" version="1" changeset="99739873" timestamp="2021-02-22T11:06:10Z" user="AlumRock" uid="10353523" lat="19.0671174" lon="-98.1633615"/>
 <node id="8445477205" visible="true" version="1" changeset="99739873" timestamp="2021-02-22T11:06:10Z" user="AlumRock" uid="10353523" lat="19.0670440" lon="-98.1632563"/>
 <node id="8445477206" visible="true" version="2" changeset="104531835" timestamp="2021-05-11T19:24:20Z" user="BlueButterfly" uid="11601527" lat="19.0674944" lon="-98.1628769"/>
 <node id="8445477207" visible="true" version="2" changeset="104531835" timestamp="2021-05-11T19:24:20Z" user="BlueButterfly" uid="11601527" lat="19.0676401" lon="-98.1630712"/>
 <node id="8445477208" visible="true" version="2" changeset="104531835" timestamp="2021-05-11T19:24:20Z" user="BlueButterfly" uid="11601527" lat="19.0672081" lon="-98.1634657"/>
 <node id="8445477209" visible="true" version="2" changeset="104531835" timestamp="2021-05-11T19:24:20Z" user="BlueButterfly" uid="11601527" lat="19.0669106" lon="-98.1631000"/>
 <node id="8445477210" visible="true" version="2" changeset="104531835" timestamp="2021-05-11T19:24:20Z" user="BlueButterfly" uid="11601527" lat="19.0672184" lon="-98.1627188"/>
 <node id="8445479851" visible="true" version="2" changeset="104532320" timestamp="2021-05-11T19:36:09Z" user="BlueButterfly" uid="11601527" lat="19.0693702" lon="-98.1617347"/>
 <node id="8448441247" visible="true" version="2" changeset="104585596" timestamp="2021-05-12T16:28:15Z" user="BlueButterfly" uid="11601527" lat="19.0737083" lon="-98.1652738"/>
 <node id="8448441248" visible="true" version="3" changeset="104585596" timestamp="2021-05-12T16:28:15Z" user="BlueButterfly" uid="11601527" lat="19.0738810" lon="-98.1651756"/>
 <node id="8452782690" visible="true" version="1" changeset="99890844" timestamp="2021-02-24T09:26:05Z" user="BeniHammad" uid="10461114" lat="19.0726939" lon="-98.1634157"/>
 <node id="8452782693" visible="true" version="1" changeset="99890844" timestamp="2021-02-24T09:26:05Z" user="BeniHammad" uid="10461114" lat="19.0725208" lon="-98.1631994"/>
 <node id="8474715677" visible="true" version="1" changeset="100182416" timestamp="2021-03-01T07:45:41Z" user="BeniHammad" uid="10461114" lat="19.0729501" lon="-98.1637363"/>
 <node id="8478249924" visible="true" version="1" changeset="100257930" timestamp="2021-03-02T07:57:27Z" user="BeniHammad" uid="10461114" lat="19.0711806" lon="-98.1739727"/>
 <node id="8478249925" visible="true" version="2" changeset="106835344" timestamp="2021-06-23T11:40:07Z" user="Dublarchar" uid="12652995" lat="19.0717283" lon="-98.1746664"/>
 <node id="8478249948" visible="true" version="1" changeset="100257930" timestamp="2021-03-02T07:57:27Z" user="BeniHammad" uid="10461114" lat="19.0730800" lon="-98.1722782"/>
 <node id="8478249949" visible="true" version="2" changeset="101476181" timestamp="2021-03-22T06:38:41Z" user="BeniHammad" uid="10461114" lat="19.0718909" lon="-98.1735032"/>
 <node id="8478249950" visible="true" version="1" changeset="100257930" timestamp="2021-03-02T07:57:27Z" user="BeniHammad" uid="10461114" lat="19.0719026" lon="-98.1735264"/>
 <node id="8478249951" visible="true" version="1" changeset="100257930" timestamp="2021-03-02T07:57:27Z" user="BeniHammad" uid="10461114" lat="19.0719114" lon="-98.1735619"/>
 <node id="8478249952" visible="true" version="1" changeset="100257930" timestamp="2021-03-02T07:57:27Z" user="BeniHammad" uid="10461114" lat="19.0719254" lon="-98.1735981"/>
 <node id="8478266266" visible="true" version="1" changeset="100258931" timestamp="2021-03-02T08:09:44Z" user="BeniHammad" uid="10461114" lat="19.0712580" lon="-98.1740628">
  <tag k="barrier" v="gate"/>
 </node>
 <node id="8478266267" visible="true" version="1" changeset="100258931" timestamp="2021-03-02T08:09:44Z" user="BeniHammad" uid="10461114" lat="19.0707701" lon="-98.1702715">
  <tag k="barrier" v="lift_gate"/>
 </node>
 <node id="8478266268" visible="true" version="1" changeset="100258931" timestamp="2021-03-02T08:09:44Z" user="BeniHammad" uid="10461114" lat="19.0706655" lon="-98.1702843">
  <tag k="barrier" v="lift_gate"/>
 </node>
 <node id="8478266269" visible="true" version="1" changeset="100258931" timestamp="2021-03-02T08:09:44Z" user="BeniHammad" uid="10461114" lat="19.0704506" lon="-98.1679755"/>
 <node id="8478266270" visible="true" version="1" changeset="100258931" timestamp="2021-03-02T08:09:44Z" user="BeniHammad" uid="10461114" lat="19.0704101" lon="-98.1680332"/>
 <node id="8478266271" visible="true" version="1" changeset="100258931" timestamp="2021-03-02T08:09:44Z" user="BeniHammad" uid="10461114" lat="19.0705799" lon="-98.1679742"/>
 <node id="8478266272" visible="true" version="1" changeset="100258931" timestamp="2021-03-02T08:09:44Z" user="BeniHammad" uid="10461114" lat="19.0706788" lon="-98.1681043"/>
 <node id="8478266273" visible="true" version="1" changeset="100258931" timestamp="2021-03-02T08:09:44Z" user="BeniHammad" uid="10461114" lat="19.0706382" lon="-98.1680332"/>
 <node id="8478266274" visible="true" version="1" changeset="100258931" timestamp="2021-03-02T08:09:44Z" user="BeniHammad" uid="10461114" lat="19.0707802" lon="-98.1703396"/>
 <node id="8478266275" visible="true" version="2" changeset="104585596" timestamp="2021-05-12T16:28:15Z" user="BlueButterfly" uid="11601527" lat="19.0707962" lon="-98.1704092"/>
 <node id="8478266276" visible="true" version="1" changeset="100258931" timestamp="2021-03-02T08:09:44Z" user="BeniHammad" uid="10461114" lat="19.0706894" lon="-98.1703539"/>
 <node id="8478287187" visible="true" version="2" changeset="104585596" timestamp="2021-05-12T16:28:15Z" user="BlueButterfly" uid="11601527" lat="19.0737889" lon="-98.1650564"/>
 <node id="8478342037" visible="true" version="2" changeset="104585596" timestamp="2021-05-12T16:28:15Z" user="BlueButterfly" uid="11601527" lat="19.0727614" lon="-98.1660990"/>
 <node id="8478342057" visible="true" version="2" changeset="101089665" timestamp="2021-03-16T05:22:40Z" user="BeniHammad" uid="10461114" lat="19.0763401" lon="-98.1677593"/>
 <node id="8478342065" visible="true" version="1" changeset="100260643" timestamp="2021-03-02T08:30:49Z" user="BeniHammad" uid="10461114" lat="19.0755309" lon="-98.1667810"/>
 <node id="8547966943" visible="true" version="1" changeset="101476181" timestamp="2021-03-22T06:38:41Z" user="BeniHammad" uid="10461114" lat="19.0719140" lon="-98.1734868"/>
 <node id="8547966944" visible="true" version="1" changeset="101476181" timestamp="2021-03-22T06:38:41Z" user="BeniHammad" uid="10461114" lat="19.0718867" lon="-98.1734707"/>
 <node id="8547966945" visible="true" version="1" changeset="101476181" timestamp="2021-03-22T06:38:41Z" user="BeniHammad" uid="10461114" lat="19.0720059" lon="-98.1735264"/>
 <node id="8547966946" visible="true" version="1" changeset="101476181" timestamp="2021-03-22T06:38:41Z" user="BeniHammad" uid="10461114" lat="19.0719888" lon="-98.1735150"/>
 <node id="8547966947" visible="true" version="1" changeset="101476181" timestamp="2021-03-22T06:38:41Z" user="BeniHammad" uid="10461114" lat="19.0719450" lon="-98.1734982">
  <tag k="barrier" v="lift_gate"/>
 </node>
 <node id="8547966948" visible="true" version="1" changeset="101476181" timestamp="2021-03-22T06:38:41Z" user="BeniHammad" uid="10461114" lat="19.0718652" lon="-98.1734814"/>
 <node id="8557726179" visible="true" version="1" changeset="101662629" timestamp="2021-03-24T16:51:20Z" user="WingardiumMapiosa" uid="7526668" lat="19.0670686" lon="-98.1689810"/>
 <node id="8557726180" visible="true" version="1" changeset="101662629" timestamp="2021-03-24T16:51:20Z" user="WingardiumMapiosa" uid="7526668" lat="19.0670102" lon="-98.1689895"/>
 <node id="8557726181" visible="true" version="1" changeset="101662629" timestamp="2021-03-24T16:51:20Z" user="WingardiumMapiosa" uid="7526668" lat="19.0670284" lon="-98.1699175"/>
 <node id="8557726182" visible="true" version="1" changeset="101662629" timestamp="2021-03-24T16:51:20Z" user="WingardiumMapiosa" uid="7526668" lat="19.0669244" lon="-98.1699282"/>
 <node id="8557726183" visible="true" version="1" changeset="101662629" timestamp="2021-03-24T16:51:20Z" user="WingardiumMapiosa" uid="7526668" lat="19.0668382" lon="-98.1690645"/>
 <node id="8557726184" visible="true" version="1" changeset="101662629" timestamp="2021-03-24T16:51:20Z" user="WingardiumMapiosa" uid="7526668" lat="19.0668078" lon="-98.1689411"/>
 <node id="8557726185" visible="true" version="1" changeset="101662629" timestamp="2021-03-24T16:51:20Z" user="WingardiumMapiosa" uid="7526668" lat="19.0667571" lon="-98.1688714"/>
 <node id="8557726186" visible="true" version="1" changeset="101662629" timestamp="2021-03-24T16:51:20Z" user="WingardiumMapiosa" uid="7526668" lat="19.0666912" lon="-98.1688473"/>
 <node id="8557726187" visible="true" version="1" changeset="101662629" timestamp="2021-03-24T16:51:20Z" user="WingardiumMapiosa" uid="7526668" lat="19.0663921" lon="-98.1686890"/>
 <node id="8557726188" visible="true" version="2" changeset="106445895" timestamp="2021-06-16T07:26:28Z" user="Mendips" uid="10409558" lat="19.0667444" lon="-98.1698269"/>
 <node id="8557726189" visible="true" version="2" changeset="106445895" timestamp="2021-06-16T07:26:28Z" user="Mendips" uid="10409558" lat="19.0668382" lon="-98.1701173"/>
 <node id="8557726190" visible="true" version="1" changeset="101662629" timestamp="2021-03-24T16:51:20Z" user="WingardiumMapiosa" uid="7526668" lat="19.0654355" lon="-98.1671324"/>
 <node id="8722743397" visible="true" version="2" changeset="104532320" timestamp="2021-05-11T19:36:09Z" user="BlueButterfly" uid="11601527" lat="19.0680228" lon="-98.1620349"/>
 <node id="8722743398" visible="true" version="2" changeset="104532320" timestamp="2021-05-11T19:36:09Z" user="BlueButterfly" uid="11601527" lat="19.0679987" lon="-98.1619501"/>
 <node id="8722743399" visible="true" version="1" changeset="104531835" timestamp="2021-05-11T19:24:20Z" user="BlueButterfly" uid="11601527" lat="19.0679961" lon="-98.1624624"/>
 <node id="8722743400" visible="true" version="1" changeset="104531835" timestamp="2021-05-11T19:24:20Z" user="BlueButterfly" uid="11601527" lat="19.0680464" lon="-98.1623070"/>
 <node id="8722743401" visible="true" version="1" changeset="104531835" timestamp="2021-05-11T19:24:20Z" user="BlueButterfly" uid="11601527" lat="19.0672396" lon="-98.1609722"/>
 <node id="8722743402" visible="true" version="1" changeset="104531835" timestamp="2021-05-11T19:24:20Z" user="BlueButterfly" uid="11601527" lat="19.0671611" lon="-98.1608743"/>
 <node id="8722743403" visible="true" version="1" changeset="104531835" timestamp="2021-05-11T19:24:20Z" user="BlueButterfly" uid="11601527" lat="19.0655893" lon="-98.1617179"/>
 <node id="8722743404" visible="true" version="1" changeset="104531835" timestamp="2021-05-11T19:24:20Z" user="BlueButterfly" uid="11601527" lat="19.0655863" lon="-98.1617855"/>
 <node id="8722743405" visible="true" version="1" changeset="104531835" timestamp="2021-05-11T19:24:20Z" user="BlueButterfly" uid="11601527" lat="19.0672425" lon="-98.1634543"/>
 <node id="8722743406" visible="true" version="1" changeset="104531835" timestamp="2021-05-11T19:24:20Z" user="BlueButterfly" uid="11601527" lat="19.0674604" lon="-98.1628877"/>
 <node id="8722743407" visible="true" version="1" changeset="104531835" timestamp="2021-05-11T19:24:20Z" user="BlueButterfly" uid="11601527" lat="19.0675252" lon="-98.1628957"/>
 <node id="8722743408" visible="true" version="1" changeset="104531835" timestamp="2021-05-11T19:24:20Z" user="BlueButterfly" uid="11601527" lat="19.0676300" lon="-98.1630371"/>
 <node id="8722743409" visible="true" version="1" changeset="104531835" timestamp="2021-05-11T19:24:20Z" user="BlueButterfly" uid="11601527" lat="19.0676249" lon="-98.1631031"/>
 <node id="8722743410" visible="true" version="1" changeset="104531835" timestamp="2021-05-11T19:24:20Z" user="BlueButterfly" uid="11601527" lat="19.0671769" lon="-98.1634467"/>
 <node id="8722743411" visible="true" version="1" changeset="104531835" timestamp="2021-05-11T19:24:20Z" user="BlueButterfly" uid="11601527" lat="19.0666420" lon="-98.1629074"/>
 <node id="8722743412" visible="true" version="1" changeset="104531835" timestamp="2021-05-11T19:24:20Z" user="BlueButterfly" uid="11601527" lat="19.0667305" lon="-98.1629648"/>
 <node id="8722743413" visible="true" version="1" changeset="104531835" timestamp="2021-05-11T19:24:20Z" user="BlueButterfly" uid="11601527" lat="19.0672083" lon="-98.1626839"/>
 <node id="8722743414" visible="true" version="1" changeset="104531835" timestamp="2021-05-11T19:24:20Z" user="BlueButterfly" uid="11601527" lat="19.0672021" lon="-98.1627509"/>
 <node id="8722743415" visible="true" version="1" changeset="104531835" timestamp="2021-05-11T19:24:20Z" user="BlueButterfly" uid="11601527" lat="19.0669821" lon="-98.1623134"/>
 <node id="8722743416" visible="true" version="1" changeset="104531835" timestamp="2021-05-11T19:24:20Z" user="BlueButterfly" uid="11601527" lat="19.0669499" lon="-98.1621942"/>
 <node id="8722777317" visible="true" version="1" changeset="104531835" timestamp="2021-05-11T19:24:20Z" user="BlueButterfly" uid="11601527" lat="19.0669071" lon="-98.1621179"/>
 <node id="8722777318" visible="true" version="1" changeset="104531835" timestamp="2021-05-11T19:24:20Z" user="BlueButterfly" uid="11601527" lat="19.0662749" lon="-98.1613840"/>
 <node id="8722777319" visible="true" version="1" changeset="104531835" timestamp="2021-05-11T19:24:20Z" user="BlueButterfly" uid="11601527" lat="19.0661440" lon="-98.1613433"/>
 <node id="8722777320" visible="true" version="1" changeset="104531835" timestamp="2021-05-11T19:24:20Z" user="BlueButterfly" uid="11601527" lat="19.0648320" lon="-98.1602966"/>
 <node id="8722777321" visible="true" version="1" changeset="104531835" timestamp="2021-05-11T19:24:20Z" user="BlueButterfly" uid="11601527" lat="19.0648520" lon="-98.1603567"/>
 <node id="8722777322" visible="true" version="1" changeset="104531835" timestamp="2021-05-11T19:24:20Z" user="BlueButterfly" uid="11601527" lat="19.0648900" lon="-98.1604117"/>
 <node id="8722777323" visible="true" version="1" changeset="104531835" timestamp="2021-05-11T19:24:20Z" user="BlueButterfly" uid="11601527" lat="19.0649597" lon="-98.1604439"/>
 <node id="8722777324" visible="true" version="1" changeset="104531835" timestamp="2021-05-11T19:24:20Z" user="BlueButterfly" uid="11601527" lat="19.0650831" lon="-98.1604822"/>
 <node id="8722777325" visible="true" version="1" changeset="104531835" timestamp="2021-05-11T19:24:20Z" user="BlueButterfly" uid="11601527" lat="19.0651958" lon="-98.1605582"/>
 <node id="8722777330" visible="true" version="1" changeset="104531835" timestamp="2021-05-11T19:24:20Z" user="BlueButterfly" uid="11601527" lat="19.0654401" lon="-98.1607175"/>
 <node id="8722799049" visible="true" version="1" changeset="104532320" timestamp="2021-05-11T19:36:09Z" user="BlueButterfly" uid="11601527" lat="19.0680044" lon="-98.1618655"/>
 <node id="8722799050" visible="true" version="4" changeset="106830610" timestamp="2021-06-23T10:30:22Z" user="Dublarchar" uid="12652995" lat="19.0704767" lon="-98.1631240"/>
 <node id="8722799051" visible="true" version="1" changeset="104532320" timestamp="2021-05-11T19:36:09Z" user="BlueButterfly" uid="11601527" lat="19.0695913" lon="-98.1614940"/>
 <node id="8722799053" visible="true" version="1" changeset="104532320" timestamp="2021-05-11T19:36:09Z" user="BlueButterfly" uid="11601527" lat="19.0695130" lon="-98.1612769"/>
 <node id="8722799055" visible="true" version="1" changeset="104532320" timestamp="2021-05-11T19:36:09Z" user="BlueButterfly" uid="11601527" lat="19.0694184" lon="-98.1611693"/>
 <node id="8722799056" visible="true" version="1" changeset="104532320" timestamp="2021-05-11T19:36:09Z" user="BlueButterfly" uid="11601527" lat="19.0693859" lon="-98.1610622"/>
 <node id="8722885631" visible="true" version="1" changeset="104533515" timestamp="2021-05-11T20:06:36Z" user="BlueButterfly" uid="11601527" lat="19.0669784" lon="-98.1719589"/>
 <node id="8722885632" visible="true" version="1" changeset="104533515" timestamp="2021-05-11T20:06:36Z" user="BlueButterfly" uid="11601527" lat="19.0670127" lon="-98.1719963"/>
 <node id="8722885633" visible="true" version="1" changeset="104533515" timestamp="2021-05-11T20:06:36Z" user="BlueButterfly" uid="11601527" lat="19.0664047" lon="-98.1719682"/>
 <node id="8722885634" visible="true" version="1" changeset="104533515" timestamp="2021-05-11T20:06:36Z" user="BlueButterfly" uid="11601527" lat="19.0664317" lon="-98.1720073"/>
 <node id="8722885640" visible="true" version="1" changeset="104533515" timestamp="2021-05-11T20:06:36Z" user="BlueButterfly" uid="11601527" lat="19.0660525" lon="-98.1729514"/>
 <node id="8722885641" visible="true" version="1" changeset="104533515" timestamp="2021-05-11T20:06:36Z" user="BlueButterfly" uid="11601527" lat="19.0658714" lon="-98.1729173"/>
 <node id="8722885642" visible="true" version="1" changeset="104533515" timestamp="2021-05-11T20:06:36Z" user="BlueButterfly" uid="11601527" lat="19.0675202" lon="-98.1732072"/>
 <node id="8722885643" visible="true" version="1" changeset="104533515" timestamp="2021-05-11T20:06:36Z" user="BlueButterfly" uid="11601527" lat="19.0675075" lon="-98.1732354"/>
 <node id="8722885644" visible="true" version="1" changeset="104533515" timestamp="2021-05-11T20:06:36Z" user="BlueButterfly" uid="11601527" lat="19.0675151" lon="-98.1732608"/>
 <node id="8722885645" visible="true" version="1" changeset="104533515" timestamp="2021-05-11T20:06:36Z" user="BlueButterfly" uid="11601527" lat="19.0675620" lon="-98.1732890"/>
 <node id="8722885646" visible="true" version="1" changeset="104533515" timestamp="2021-05-11T20:06:36Z" user="BlueButterfly" uid="11601527" lat="19.0675507" lon="-98.1731789"/>
 <node id="8722885647" visible="true" version="1" changeset="104533515" timestamp="2021-05-11T20:06:36Z" user="BlueButterfly" uid="11601527" lat="19.0682279" lon="-98.1728827"/>
 <node id="8722885648" visible="true" version="1" changeset="104533515" timestamp="2021-05-11T20:06:36Z" user="BlueButterfly" uid="11601527" lat="19.0682562" lon="-98.1729396"/>
 <node id="8722885649" visible="true" version="1" changeset="104533515" timestamp="2021-05-11T20:06:36Z" user="BlueButterfly" uid="11601527" lat="19.0682107" lon="-98.1728761"/>
 <node id="8722885650" visible="true" version="1" changeset="104533515" timestamp="2021-05-11T20:06:36Z" user="BlueButterfly" uid="11601527" lat="19.0681657" lon="-98.1728854"/>
 <node id="8722885651" visible="true" version="1" changeset="104533515" timestamp="2021-05-11T20:06:36Z" user="BlueButterfly" uid="11601527" lat="19.0691161" lon="-98.1733778"/>
 <node id="8722885652" visible="true" version="1" changeset="104533515" timestamp="2021-05-11T20:06:36Z" user="BlueButterfly" uid="11601527" lat="19.0691717" lon="-98.1733563"/>
 <node id="8722885653" visible="true" version="1" changeset="104533515" timestamp="2021-05-11T20:06:36Z" user="BlueButterfly" uid="11601527" lat="19.0701756" lon="-98.1743928"/>
 <node id="8722885654" visible="true" version="1" changeset="104533515" timestamp="2021-05-11T20:06:36Z" user="BlueButterfly" uid="11601527" lat="19.0697688" lon="-98.1744352"/>
 <node id="8722885655" visible="true" version="1" changeset="104533515" timestamp="2021-05-11T20:06:36Z" user="BlueButterfly" uid="11601527" lat="19.0698955" lon="-98.1744884"/>
 <node id="8722885656" visible="true" version="1" changeset="104533515" timestamp="2021-05-11T20:06:36Z" user="BlueButterfly" uid="11601527" lat="19.0694730" lon="-98.1742734"/>
 <node id="8722885657" visible="true" version="1" changeset="104533515" timestamp="2021-05-11T20:06:36Z" user="BlueButterfly" uid="11601527" lat="19.0665044" lon="-98.1714224"/>
 <node id="8722885658" visible="true" version="2" changeset="106505594" timestamp="2021-06-17T06:16:56Z" user="Mendips" uid="10409558" lat="19.0665469" lon="-98.1713482"/>
 <node id="8722885659" visible="true" version="1" changeset="104533515" timestamp="2021-05-11T20:06:36Z" user="BlueButterfly" uid="11601527" lat="19.0665079" lon="-98.1714583"/>
 <node id="8722885660" visible="true" version="1" changeset="104533515" timestamp="2021-05-11T20:06:36Z" user="BlueButterfly" uid="11601527" lat="19.0665569" lon="-98.1715008"/>
 <node id="8722885661" visible="true" version="1" changeset="104533515" timestamp="2021-05-11T20:06:36Z" user="BlueButterfly" uid="11601527" lat="19.0673488" lon="-98.1714558"/>
 <node id="8722885662" visible="true" version="1" changeset="104533515" timestamp="2021-05-11T20:06:36Z" user="BlueButterfly" uid="11601527" lat="19.0674380" lon="-98.1717357"/>
 <node id="8722885663" visible="true" version="1" changeset="104533515" timestamp="2021-05-11T20:06:36Z" user="BlueButterfly" uid="11601527" lat="19.0673017" lon="-98.1714233"/>
 <node id="8722885664" visible="true" version="1" changeset="104533515" timestamp="2021-05-11T20:06:36Z" user="BlueButterfly" uid="11601527" lat="19.0674022" lon="-98.1717981"/>
 <node id="8722885665" visible="true" version="1" changeset="104533515" timestamp="2021-05-11T20:06:36Z" user="BlueButterfly" uid="11601527" lat="19.0681450" lon="-98.1717803"/>
 <node id="8722885666" visible="true" version="1" changeset="104533515" timestamp="2021-05-11T20:06:36Z" user="BlueButterfly" uid="11601527" lat="19.0680525" lon="-98.1713095"/>
 <node id="8722885667" visible="true" version="2" changeset="106181675" timestamp="2021-06-11T00:06:36Z" user="Carto_Ferret" uid="9917914" lat="19.0691767" lon="-98.1708435"/>
 <node id="8722885668" visible="true" version="1" changeset="104533515" timestamp="2021-05-11T20:06:36Z" user="BlueButterfly" uid="11601527" lat="19.0683132" lon="-98.1709223"/>
 <node id="8722885669" visible="true" version="1" changeset="104533515" timestamp="2021-05-11T20:06:36Z" user="BlueButterfly" uid="11601527" lat="19.0682525" lon="-98.1709342"/>
 <node id="8722885670" visible="true" version="1" changeset="104533515" timestamp="2021-05-11T20:06:36Z" user="BlueButterfly" uid="11601527" lat="19.0682206" lon="-98.1709697"/>
 <node id="8722885671" visible="true" version="1" changeset="104533515" timestamp="2021-05-11T20:06:36Z" user="BlueButterfly" uid="11601527" lat="19.0682103" lon="-98.1710855"/>
 <node id="8722885672" visible="true" version="1" changeset="104533515" timestamp="2021-05-11T20:06:36Z" user="BlueButterfly" uid="11601527" lat="19.0681975" lon="-98.1713667"/>
 <node id="8722885673" visible="true" version="1" changeset="104533515" timestamp="2021-05-11T20:06:36Z" user="BlueButterfly" uid="11601527" lat="19.0682361" lon="-98.1713140"/>
 <node id="8722885674" visible="true" version="1" changeset="104533515" timestamp="2021-05-11T20:06:36Z" user="BlueButterfly" uid="11601527" lat="19.0681571" lon="-98.1710445"/>
 <node id="8722885675" visible="true" version="2" changeset="106385991" timestamp="2021-06-15T08:55:04Z" user="Mendips" uid="10409558" lat="19.0692478" lon="-98.1709813"/>
 <node id="8722885676" visible="true" version="2" changeset="106385991" timestamp="2021-06-15T08:55:04Z" user="Mendips" uid="10409558" lat="19.0693752" lon="-98.1708505"/>
 <node id="8722885677" visible="true" version="2" changeset="106385991" timestamp="2021-06-15T08:55:04Z" user="Mendips" uid="10409558" lat="19.0693048" lon="-98.1708529"/>
 <node id="8722885678" visible="true" version="3" changeset="106835344" timestamp="2021-06-23T11:40:07Z" user="Dublarchar" uid="12652995" lat="19.0704197" lon="-98.1728315"/>
 <node id="8722885679" visible="true" version="1" changeset="104533515" timestamp="2021-05-11T20:06:36Z" user="BlueButterfly" uid="11601527" lat="19.0713692" lon="-98.1733338"/>
 <node id="8722885680" visible="true" version="1" changeset="104533515" timestamp="2021-05-11T20:06:36Z" user="BlueButterfly" uid="11601527" lat="19.0713725" lon="-98.1732676"/>
 <node id="8722885681" visible="true" version="1" changeset="104533515" timestamp="2021-05-11T20:06:36Z" user="BlueButterfly" uid="11601527" lat="19.0707587" lon="-98.1717467"/>
 <node id="8722885682" visible="true" version="1" changeset="104533515" timestamp="2021-05-11T20:06:36Z" user="BlueButterfly" uid="11601527" lat="19.0706573" lon="-98.1717467"/>
 <node id="8722885683" visible="true" version="2" changeset="104585596" timestamp="2021-05-12T16:28:15Z" user="BlueButterfly" uid="11601527" lat="19.0709048" lon="-98.1704969"/>
 <node id="8722885684" visible="true" version="1" changeset="104533515" timestamp="2021-05-11T20:06:36Z" user="BlueButterfly" uid="11601527" lat="19.0713583" lon="-98.1710311"/>
 <node id="8722885685" visible="true" version="1" changeset="104533515" timestamp="2021-05-11T20:06:36Z" user="BlueButterfly" uid="11601527" lat="19.0714206" lon="-98.1711227"/>
 <node id="8722885686" visible="true" version="1" changeset="104533515" timestamp="2021-05-11T20:06:36Z" user="BlueButterfly" uid="11601527" lat="19.0714226" lon="-98.1711802"/>
 <node id="8722885687" visible="true" version="1" changeset="104533515" timestamp="2021-05-11T20:06:36Z" user="BlueButterfly" uid="11601527" lat="19.0713965" lon="-98.1712270"/>
 <node id="8722885688" visible="true" version="1" changeset="104533515" timestamp="2021-05-11T20:06:36Z" user="BlueButterfly" uid="11601527" lat="19.0707987" lon="-98.1717252"/>
 <node id="8722885689" visible="true" version="1" changeset="104533515" timestamp="2021-05-11T20:06:36Z" user="BlueButterfly" uid="11601527" lat="19.0707050" lon="-98.1717553"/>
 <node id="8722885690" visible="true" version="1" changeset="104533515" timestamp="2021-05-11T20:06:36Z" user="BlueButterfly" uid="11601527" lat="19.0705955" lon="-98.1717147"/>
 <node id="8722885691" visible="true" version="1" changeset="104533515" timestamp="2021-05-11T20:06:36Z" user="BlueButterfly" uid="11601527" lat="19.0700062" lon="-98.1710162"/>
 <node id="8722885692" visible="true" version="1" changeset="104533515" timestamp="2021-05-11T20:06:36Z" user="BlueButterfly" uid="11601527" lat="19.0659385" lon="-98.1711686"/>
 <node id="8722885693" visible="true" version="1" changeset="104533515" timestamp="2021-05-11T20:06:36Z" user="BlueButterfly" uid="11601527" lat="19.0659337" lon="-98.1710677"/>
 <node id="8722885694" visible="true" version="1" changeset="104533515" timestamp="2021-05-11T20:06:36Z" user="BlueButterfly" uid="11601527" lat="19.0659545" lon="-98.1710254"/>
 <node id="8722885695" visible="true" version="1" changeset="104533515" timestamp="2021-05-11T20:06:36Z" user="BlueButterfly" uid="11601527" lat="19.0660008" lon="-98.1709984"/>
 <node id="8722885696" visible="true" version="1" changeset="104533515" timestamp="2021-05-11T20:06:36Z" user="BlueButterfly" uid="11601527" lat="19.0667338" lon="-98.1708902"/>
 <node id="8722885698" visible="true" version="2" changeset="106445895" timestamp="2021-06-16T07:26:28Z" user="Mendips" uid="10409558" lat="19.0637290" lon="-98.1686354"/>
 <node id="8722885700" visible="true" version="2" changeset="106445895" timestamp="2021-06-16T07:26:28Z" user="Mendips" uid="10409558" lat="19.0637204" lon="-98.1683236"/>
 <node id="8722885701" visible="true" version="2" changeset="106445895" timestamp="2021-06-16T07:26:28Z" user="Mendips" uid="10409558" lat="19.0655200" lon="-98.1677529"/>
 <node id="8722885702" visible="true" version="2" changeset="106505594" timestamp="2021-06-17T06:16:56Z" user="Mendips" uid="10409558" lat="19.0651414" lon="-98.1679861"/>
 <node id="8722885703" visible="true" version="2" changeset="106505594" timestamp="2021-06-17T06:16:56Z" user="Mendips" uid="10409558" lat="19.0653110" lon="-98.1685608"/>
 <node id="8722885704" visible="true" version="2" changeset="106505594" timestamp="2021-06-17T06:16:56Z" user="Mendips" uid="10409558" lat="19.0652609" lon="-98.1685246"/>
 <node id="8722885705" visible="true" version="2" changeset="106505594" timestamp="2021-06-17T06:16:56Z" user="Mendips" uid="10409558" lat="19.0655021" lon="-98.1678990"/>
 <node id="8722885706" visible="true" version="2" changeset="106505594" timestamp="2021-06-17T06:16:56Z" user="Mendips" uid="10409558" lat="19.0655454" lon="-98.1679237"/>
 <node id="8722885707" visible="true" version="2" changeset="106505594" timestamp="2021-06-17T06:16:56Z" user="Mendips" uid="10409558" lat="19.0651814" lon="-98.1679279"/>
 <node id="8722885708" visible="true" version="2" changeset="106445895" timestamp="2021-06-16T07:26:28Z" user="Mendips" uid="10409558" lat="19.0668229" lon="-98.1687693"/>
 <node id="8722885709" visible="true" version="2" changeset="106445895" timestamp="2021-06-16T07:26:28Z" user="Mendips" uid="10409558" lat="19.0669671" lon="-98.1689589"/>
 <node id="8722885710" visible="true" version="1" changeset="104533515" timestamp="2021-05-11T20:06:36Z" user="BlueButterfly" uid="11601527" lat="19.0684011" lon="-98.1704736"/>
 <node id="8722885711" visible="true" version="1" changeset="104533515" timestamp="2021-05-11T20:06:36Z" user="BlueButterfly" uid="11601527" lat="19.0684526" lon="-98.1705128"/>
 <node id="8722885712" visible="true" version="1" changeset="104533515" timestamp="2021-05-11T20:06:36Z" user="BlueButterfly" uid="11601527" lat="19.0703965" lon="-98.1701796"/>
 <node id="8722885713" visible="true" version="1" changeset="104533515" timestamp="2021-05-11T20:06:36Z" user="BlueButterfly" uid="11601527" lat="19.0703912" lon="-98.1702727"/>
 <node id="8722885714" visible="true" version="1" changeset="104533515" timestamp="2021-05-11T20:06:36Z" user="BlueButterfly" uid="11601527" lat="19.0703521" lon="-98.1703282"/>
 <node id="8722885715" visible="true" version="1" changeset="104533515" timestamp="2021-05-11T20:06:36Z" user="BlueButterfly" uid="11601527" lat="19.0700074" lon="-98.1703069"/>
 <node id="8722885716" visible="true" version="1" changeset="104533515" timestamp="2021-05-11T20:06:36Z" user="BlueButterfly" uid="11601527" lat="19.0700093" lon="-98.1703225"/>
 <node id="8722887517" visible="true" version="1" changeset="104533515" timestamp="2021-05-11T20:06:36Z" user="BlueButterfly" uid="11601527" lat="19.0700589" lon="-98.1703635"/>
 <node id="8722887518" visible="true" version="1" changeset="104533515" timestamp="2021-05-11T20:06:36Z" user="BlueButterfly" uid="11601527" lat="19.0700456" lon="-98.1702536"/>
 <node id="8722887519" visible="true" version="1" changeset="104533515" timestamp="2021-05-11T20:06:36Z" user="BlueButterfly" uid="11601527" lat="19.0708309" lon="-98.1689919"/>
 <node id="8722887520" visible="true" version="1" changeset="104533515" timestamp="2021-05-11T20:06:36Z" user="BlueButterfly" uid="11601527" lat="19.0707911" lon="-98.1690475"/>
 <node id="8723136920" visible="true" version="1" changeset="104537225" timestamp="2021-05-11T22:21:47Z" user="BlueButterfly" uid="11601527" lat="19.0686722" lon="-98.1645274"/>
 <node id="8723136921" visible="true" version="1" changeset="104537225" timestamp="2021-05-11T22:21:47Z" user="BlueButterfly" uid="11601527" lat="19.0699230" lon="-98.1640470"/>
 <node id="8723136922" visible="true" version="2" changeset="106505594" timestamp="2021-06-17T06:16:56Z" user="Mendips" uid="10409558" lat="19.0699913" lon="-98.1640124"/>
 <node id="8723136923" visible="true" version="1" changeset="104537225" timestamp="2021-05-11T22:21:47Z" user="BlueButterfly" uid="11601527" lat="19.0699513" lon="-98.1636290"/>
 <node id="8723136924" visible="true" version="1" changeset="104537225" timestamp="2021-05-11T22:21:47Z" user="BlueButterfly" uid="11601527" lat="19.0696648" lon="-98.1637725"/>
 <node id="8723141307" visible="true" version="2" changeset="106835344" timestamp="2021-06-23T11:40:07Z" user="Dublarchar" uid="12652995" lat="19.0704646" lon="-98.1727874"/>
 <node id="8723244708" visible="true" version="1" changeset="104538455" timestamp="2021-05-11T23:48:25Z" user="BlueButterfly" uid="11601527" lat="19.0723225" lon="-98.1731281"/>
 <node id="8723244709" visible="true" version="1" changeset="104538455" timestamp="2021-05-11T23:48:25Z" user="BlueButterfly" uid="11601527" lat="19.0723048" lon="-98.1731341"/>
 <node id="8723244710" visible="true" version="1" changeset="104538455" timestamp="2021-05-11T23:48:25Z" user="BlueButterfly" uid="11601527" lat="19.0720142" lon="-98.1733935"/>
 <node id="8723244711" visible="true" version="1" changeset="104538455" timestamp="2021-05-11T23:48:25Z" user="BlueButterfly" uid="11601527" lat="19.0720014" lon="-98.1734341"/>
 <node id="8725667994" visible="true" version="1" changeset="104585596" timestamp="2021-05-12T16:28:15Z" user="BlueButterfly" uid="11601527" lat="19.0729538" lon="-98.1652811"/>
 <node id="8725667997" visible="true" version="1" changeset="104585596" timestamp="2021-05-12T16:28:15Z" user="BlueButterfly" uid="11601527" lat="19.0727224" lon="-98.1649979"/>
 <node id="8725667998" visible="true" version="1" changeset="104585596" timestamp="2021-05-12T16:28:15Z" user="BlueButterfly" uid="11601527" lat="19.0716557" lon="-98.1629825"/>
 <node id="8725667999" visible="true" version="1" changeset="104585596" timestamp="2021-05-12T16:28:15Z" user="BlueButterfly" uid="11601527" lat="19.0715662" lon="-98.1629352"/>
 <node id="8725668000" visible="true" version="1" changeset="104585596" timestamp="2021-05-12T16:28:15Z" user="BlueButterfly" uid="11601527" lat="19.0710855" lon="-98.1630416"/>
 <node id="8725668001" visible="true" version="1" changeset="104585596" timestamp="2021-05-12T16:28:15Z" user="BlueButterfly" uid="11601527" lat="19.0712564" lon="-98.1633863"/>
 <node id="8725668002" visible="true" version="1" changeset="104585596" timestamp="2021-05-12T16:28:15Z" user="BlueButterfly" uid="11601527" lat="19.0713985" lon="-98.1637615"/>
 <node id="8725668003" visible="true" version="1" changeset="104585596" timestamp="2021-05-12T16:28:15Z" user="BlueButterfly" uid="11601527" lat="19.0716301" lon="-98.1641247"/>
 <node id="8725668004" visible="true" version="1" changeset="104585596" timestamp="2021-05-12T16:28:15Z" user="BlueButterfly" uid="11601527" lat="19.0709551" lon="-98.1705558">
  <tag k="barrier" v="gate"/>
 </node>
 <node id="8725668006" visible="true" version="1" changeset="104585596" timestamp="2021-05-12T16:28:15Z" user="BlueButterfly" uid="11601527" lat="19.0739369" lon="-98.1651647"/>
 <node id="8726112047" visible="true" version="1" changeset="104593404" timestamp="2021-05-12T19:00:00Z" user="BlueButterfly" uid="11601527" lat="19.0714129" lon="-98.1728148"/>
 <node id="8726112048" visible="true" version="1" changeset="104593404" timestamp="2021-05-12T19:00:00Z" user="BlueButterfly" uid="11601527" lat="19.0715822" lon="-98.1730192"/>
 <node id="8726112049" visible="true" version="1" changeset="104593404" timestamp="2021-05-12T19:00:00Z" user="BlueButterfly" uid="11601527" lat="19.0716477" lon="-98.1730395"/>
 <node id="8726112050" visible="true" version="1" changeset="104593404" timestamp="2021-05-12T19:00:00Z" user="BlueButterfly" uid="11601527" lat="19.0716413" lon="-98.1728063"/>
 <node id="8726112051" visible="true" version="1" changeset="104593404" timestamp="2021-05-12T19:00:00Z" user="BlueButterfly" uid="11601527" lat="19.0717115" lon="-98.1729229"/>
 <node id="8726112052" visible="true" version="1" changeset="104593404" timestamp="2021-05-12T19:00:00Z" user="BlueButterfly" uid="11601527" lat="19.0717275" lon="-98.1729770"/>
 <node id="8726112053" visible="true" version="1" changeset="104593404" timestamp="2021-05-12T19:00:00Z" user="BlueButterfly" uid="11601527" lat="19.0717211" lon="-98.1730345"/>
 <node id="8726112054" visible="true" version="1" changeset="104593404" timestamp="2021-05-12T19:00:00Z" user="BlueButterfly" uid="11601527" lat="19.0717626" lon="-98.1731003">
  <tag k="barrier" v="gate"/>
 </node>
 <node id="8726112055" visible="true" version="1" changeset="104593404" timestamp="2021-05-12T19:00:00Z" user="BlueButterfly" uid="11601527" lat="19.0718281" lon="-98.1731950"/>
 <node id="8726112056" visible="true" version="1" changeset="104593404" timestamp="2021-05-12T19:00:00Z" user="BlueButterfly" uid="11601527" lat="19.0717929" lon="-98.1726469"/>
 <node id="8726112057" visible="true" version="1" changeset="104593404" timestamp="2021-05-12T19:00:00Z" user="BlueButterfly" uid="11601527" lat="19.0718854" lon="-98.1727576">
  <tag k="barrier" v="gate"/>
 </node>
 <node id="8726112058" visible="true" version="1" changeset="104593404" timestamp="2021-05-12T19:00:00Z" user="BlueButterfly" uid="11601527" lat="19.0720605" lon="-98.1729812"/>
 <node id="8726193301" visible="true" version="1" changeset="104594712" timestamp="2021-05-12T19:36:59Z" user="BlueButterfly" uid="11601527" lat="19.0715268" lon="-98.1611815"/>
 <node id="8726193302" visible="true" version="1" changeset="104594712" timestamp="2021-05-12T19:36:59Z" user="BlueButterfly" uid="11601527" lat="19.0713125" lon="-98.1612687"/>
 <node id="8729753147" visible="true" version="1" changeset="104660123" timestamp="2021-05-13T21:39:15Z" user="BlueButterfly" uid="11601527" lat="19.0693133" lon="-98.1747379"/>
 <node id="8729753148" visible="true" version="1" changeset="104660123" timestamp="2021-05-13T21:39:15Z" user="BlueButterfly" uid="11601527" lat="19.0693281" lon="-98.1747993"/>
 <node id="8729753149" visible="true" version="1" changeset="104660123" timestamp="2021-05-13T21:39:15Z" user="BlueButterfly" uid="11601527" lat="19.0687498" lon="-98.1744740"/>
 <node id="8729753150" visible="true" version="1" changeset="104660123" timestamp="2021-05-13T21:39:15Z" user="BlueButterfly" uid="11601527" lat="19.0688045" lon="-98.1744503"/>
 <node id="8729753152" visible="true" version="2" changeset="104660722" timestamp="2021-05-13T22:01:39Z" user="BlueButterfly" uid="11601527" lat="19.0680123" lon="-98.1765646"/>
 <node id="8729753158" visible="true" version="2" changeset="104660722" timestamp="2021-05-13T22:01:39Z" user="BlueButterfly" uid="11601527" lat="19.0681363" lon="-98.1764532"/>
 <node id="8729753165" visible="true" version="2" changeset="104660722" timestamp="2021-05-13T22:01:39Z" user="BlueButterfly" uid="11601527" lat="19.0688688" lon="-98.1758041"/>
 <node id="8729753166" visible="true" version="1" changeset="104660123" timestamp="2021-05-13T21:39:15Z" user="BlueButterfly" uid="11601527" lat="19.0685555" lon="-98.1755241"/>
 <node id="8729753167" visible="true" version="1" changeset="104660123" timestamp="2021-05-13T21:39:15Z" user="BlueButterfly" uid="11601527" lat="19.0681671" lon="-98.1753366">
  <tag k="barrier" v="gate"/>
 </node>
 <node id="8729753168" visible="true" version="2" changeset="106385991" timestamp="2021-06-15T08:55:04Z" user="Mendips" uid="10409558" lat="19.0675094" lon="-98.1749436"/>
 <node id="8729753169" visible="true" version="2" changeset="106385991" timestamp="2021-06-15T08:55:04Z" user="Mendips" uid="10409558" lat="19.0675021" lon="-98.1749144"/>
 <node id="8835146445" visible="true" version="1" changeset="106385991" timestamp="2021-06-15T08:55:04Z" user="Mendips" uid="10409558" lat="19.0679152" lon="-98.1739565"/>
 <node id="8835146446" visible="true" version="1" changeset="106385991" timestamp="2021-06-15T08:55:04Z" user="Mendips" uid="10409558" lat="19.0679578" lon="-98.1739230"/>
 <node id="8835146447" visible="true" version="1" changeset="106385991" timestamp="2021-06-15T08:55:04Z" user="Mendips" uid="10409558" lat="19.0696071" lon="-98.1747810"/>
 <node id="8835146448" visible="true" version="1" changeset="106385991" timestamp="2021-06-15T08:55:04Z" user="Mendips" uid="10409558" lat="19.0692801" lon="-98.1745926"/>
 <node id="8835146449" visible="true" version="1" changeset="106385991" timestamp="2021-06-15T08:55:04Z" user="Mendips" uid="10409558" lat="19.0700081" lon="-98.1719803"/>
 <node id="8835146450" visible="true" version="1" changeset="106385991" timestamp="2021-06-15T08:55:04Z" user="Mendips" uid="10409558" lat="19.0704405" lon="-98.1725310"/>
 <node id="8835146451" visible="true" version="1" changeset="106385991" timestamp="2021-06-15T08:55:04Z" user="Mendips" uid="10409558" lat="19.0702187" lon="-98.1722537"/>
 <node id="8835146452" visible="true" version="1" changeset="106385991" timestamp="2021-06-15T08:55:04Z" user="Mendips" uid="10409558" lat="19.0701571" lon="-98.1723110"/>
 <node id="8835809352" visible="true" version="1" changeset="106399911" timestamp="2021-06-15T12:05:47Z" user="Mendips" uid="10409558" lat="19.0657076" lon="-98.1744665"/>
 <node id="8835809353" visible="true" version="1" changeset="106399911" timestamp="2021-06-15T12:05:47Z" user="Mendips" uid="10409558" lat="19.0657228" lon="-98.1739301"/>
 <node id="8835809354" visible="true" version="1" changeset="106399911" timestamp="2021-06-15T12:05:47Z" user="Mendips" uid="10409558" lat="19.0657672" lon="-98.1736565"/>
 <node id="8835809355" visible="true" version="1" changeset="106399911" timestamp="2021-06-15T12:05:47Z" user="Mendips" uid="10409558" lat="19.0660416" lon="-98.1732836"/>
 <node id="8835809356" visible="true" version="1" changeset="106399911" timestamp="2021-06-15T12:05:47Z" user="Mendips" uid="10409558" lat="19.0660929" lon="-98.1731717"/>
 <node id="8835809357" visible="true" version="1" changeset="106399911" timestamp="2021-06-15T12:05:47Z" user="Mendips" uid="10409558" lat="19.0669092" lon="-98.1724682"/>
 <node id="8835809358" visible="true" version="1" changeset="106399911" timestamp="2021-06-15T12:05:47Z" user="Mendips" uid="10409558" lat="19.0667330" lon="-98.1727915"/>
 <node id="8835809359" visible="true" version="1" changeset="106399911" timestamp="2021-06-15T12:05:47Z" user="Mendips" uid="10409558" lat="19.0666937" lon="-98.1728015"/>
 <node id="8835809360" visible="true" version="1" changeset="106399911" timestamp="2021-06-15T12:05:47Z" user="Mendips" uid="10409558" lat="19.0666544" lon="-98.1727968"/>
 <node id="8835809361" visible="true" version="1" changeset="106399911" timestamp="2021-06-15T12:05:47Z" user="Mendips" uid="10409558" lat="19.0651841" lon="-98.1719935"/>
 <node id="8835809362" visible="true" version="1" changeset="106399911" timestamp="2021-06-15T12:05:47Z" user="Mendips" uid="10409558" lat="19.0650586" lon="-98.1718862"/>
 <node id="8837472890" visible="true" version="1" changeset="106433136" timestamp="2021-06-16T04:22:35Z" user="Mendips" uid="10409558" lat="19.0664025" lon="-98.1719441"/>
 <node id="8837472891" visible="true" version="1" changeset="106433136" timestamp="2021-06-16T04:22:35Z" user="Mendips" uid="10409558" lat="19.0667435" lon="-98.1718949"/>
 <node id="8837472892" visible="true" version="1" changeset="106433136" timestamp="2021-06-16T04:22:35Z" user="Mendips" uid="10409558" lat="19.0667631" lon="-98.1719013"/>
 <node id="8837472893" visible="true" version="1" changeset="106433136" timestamp="2021-06-16T04:22:35Z" user="Mendips" uid="10409558" lat="19.0667749" lon="-98.1719134"/>
 <node id="8837472894" visible="true" version="1" changeset="106433136" timestamp="2021-06-16T04:22:35Z" user="Mendips" uid="10409558" lat="19.0667939" lon="-98.1720099"/>
 <node id="8837472895" visible="true" version="1" changeset="106433136" timestamp="2021-06-16T04:22:35Z" user="Mendips" uid="10409558" lat="19.0667872" lon="-98.1720250"/>
 <node id="8837472896" visible="true" version="1" changeset="106433136" timestamp="2021-06-16T04:22:35Z" user="Mendips" uid="10409558" lat="19.0667701" lon="-98.1720351"/>
 <node id="8837472897" visible="true" version="1" changeset="106433136" timestamp="2021-06-16T04:22:35Z" user="Mendips" uid="10409558" lat="19.0665930" lon="-98.1720804"/>
 <node id="8837904572" visible="true" version="1" changeset="106445895" timestamp="2021-06-16T07:26:28Z" user="Mendips" uid="10409558" lat="19.0665740" lon="-98.1695281"/>
 <node id="8837904573" visible="true" version="1" changeset="106445895" timestamp="2021-06-16T07:26:28Z" user="Mendips" uid="10409558" lat="19.0667203" lon="-98.1699564"/>
 <node id="8837904574" visible="true" version="1" changeset="106445895" timestamp="2021-06-16T07:26:28Z" user="Mendips" uid="10409558" lat="19.0668015" lon="-98.1706122"/>
 <node id="8837904575" visible="true" version="1" changeset="106445895" timestamp="2021-06-16T07:26:28Z" user="Mendips" uid="10409558" lat="19.0667660" lon="-98.1707208"/>
 <node id="8837904576" visible="true" version="1" changeset="106445895" timestamp="2021-06-16T07:26:28Z" user="Mendips" uid="10409558" lat="19.0666925" lon="-98.1707852"/>
 <node id="8840965097" visible="true" version="1" changeset="106505594" timestamp="2021-06-17T06:16:56Z" user="Mendips" uid="10409558" lat="19.0652527" lon="-98.1678083"/>
 <node id="8840965098" visible="true" version="1" changeset="106505594" timestamp="2021-06-17T06:16:56Z" user="Mendips" uid="10409558" lat="19.0652782" lon="-98.1679192"/>
 <node id="8840965099" visible="true" version="1" changeset="106505594" timestamp="2021-06-17T06:16:56Z" user="Mendips" uid="10409558" lat="19.0688396" lon="-98.1679192"/>
 <node id="8840965100" visible="true" version="1" changeset="106505594" timestamp="2021-06-17T06:16:56Z" user="Mendips" uid="10409558" lat="19.0681514" lon="-98.1666747"/>
 <node id="8840965101" visible="true" version="1" changeset="106505594" timestamp="2021-06-17T06:16:56Z" user="Mendips" uid="10409558" lat="19.0677914" lon="-98.1659807"/>
 <node id="8840965102" visible="true" version="1" changeset="106505594" timestamp="2021-06-17T06:16:56Z" user="Mendips" uid="10409558" lat="19.0677223" lon="-98.1659170"/>
 <node id="8840965103" visible="true" version="1" changeset="106505594" timestamp="2021-06-17T06:16:56Z" user="Mendips" uid="10409558" lat="19.0676672" lon="-98.1659049"/>
 <node id="8840965104" visible="true" version="1" changeset="106505594" timestamp="2021-06-17T06:16:56Z" user="Mendips" uid="10409558" lat="19.0675721" lon="-98.1659210"/>
 <node id="8840965105" visible="true" version="1" changeset="106505594" timestamp="2021-06-17T06:16:56Z" user="Mendips" uid="10409558" lat="19.0674112" lon="-98.1660055"/>
 <node id="8840965106" visible="true" version="1" changeset="106505594" timestamp="2021-06-17T06:16:56Z" user="Mendips" uid="10409558" lat="19.0672312" lon="-98.1662147"/>
 <node id="8840965107" visible="true" version="1" changeset="106505594" timestamp="2021-06-17T06:16:56Z" user="Mendips" uid="10409558" lat="19.0669979" lon="-98.1665070"/>
 <node id="8840965108" visible="true" version="1" changeset="106505594" timestamp="2021-06-17T06:16:56Z" user="Mendips" uid="10409558" lat="19.0667495" lon="-98.1666921"/>
 <node id="8840965109" visible="true" version="1" changeset="106505594" timestamp="2021-06-17T06:16:56Z" user="Mendips" uid="10409558" lat="19.0662615" lon="-98.1668893"/>
 <node id="8840965110" visible="true" version="1" changeset="106505594" timestamp="2021-06-17T06:16:56Z" user="Mendips" uid="10409558" lat="19.0657234" lon="-98.1670891"/>
 <node id="8840965111" visible="true" version="1" changeset="106505594" timestamp="2021-06-17T06:16:56Z" user="Mendips" uid="10409558" lat="19.0655735" lon="-98.1671840"/>
 <node id="8840965112" visible="true" version="1" changeset="106505594" timestamp="2021-06-17T06:16:56Z" user="Mendips" uid="10409558" lat="19.0655349" lon="-98.1672513"/>
 <node id="8840965113" visible="true" version="1" changeset="106505594" timestamp="2021-06-17T06:16:56Z" user="Mendips" uid="10409558" lat="19.0655292" lon="-98.1673184"/>
 <node id="8840965114" visible="true" version="1" changeset="106505594" timestamp="2021-06-17T06:16:56Z" user="Mendips" uid="10409558" lat="19.0655606" lon="-98.1673962"/>
 <node id="8840965115" visible="true" version="1" changeset="106505594" timestamp="2021-06-17T06:16:56Z" user="Mendips" uid="10409558" lat="19.0661981" lon="-98.1685797"/>
 <node id="8840965116" visible="true" version="1" changeset="106505594" timestamp="2021-06-17T06:16:56Z" user="Mendips" uid="10409558" lat="19.0663147" lon="-98.1686595"/>
 <node id="8859698448" visible="true" version="1" changeset="106830610" timestamp="2021-06-23T10:30:22Z" user="Dublarchar" uid="12652995" lat="19.0705090" lon="-98.1631194"/>
 <node id="8859698449" visible="true" version="1" changeset="106830610" timestamp="2021-06-23T10:30:22Z" user="Dublarchar" uid="12652995" lat="19.0708740" lon="-98.1628150"/>
 <node id="8859698450" visible="true" version="1" changeset="106830610" timestamp="2021-06-23T10:30:22Z" user="Dublarchar" uid="12652995" lat="19.0709272" lon="-98.1627828"/>
 <node id="8859698451" visible="true" version="1" changeset="106830610" timestamp="2021-06-23T10:30:22Z" user="Dublarchar" uid="12652995" lat="19.0711376" lon="-98.1627345"/>
 <node id="8859698452" visible="true" version="1" changeset="106830610" timestamp="2021-06-23T10:30:22Z" user="Dublarchar" uid="12652995" lat="19.0712111" lon="-98.1626835"/>
 <node id="8859698453" visible="true" version="1" changeset="106830610" timestamp="2021-06-23T10:30:22Z" user="Dublarchar" uid="12652995" lat="19.0714951" lon="-98.1624261"/>
 <node id="8859885060" visible="true" version="1" changeset="106835344" timestamp="2021-06-23T11:40:07Z" user="Dublarchar" uid="12652995" lat="19.0720122" lon="-98.1744142"/>
 <node id="8860103204" visible="true" version="1" changeset="106837928" timestamp="2021-06-23T12:20:38Z" user="Dublarchar" uid="12652995" lat="19.0709240" lon="-98.1674130"/>
 <node id="8860103205" visible="true" version="1" changeset="106837928" timestamp="2021-06-23T12:20:38Z" user="Dublarchar" uid="12652995" lat="19.0709675" lon="-98.1674892"/>
 <node id="9364228660" visible="true" version="1" changeset="115344411" timestamp="2021-12-24T18:35:19Z" user="Tzene19" uid="10228239" lat="19.0761908" lon="-98.1676072">
  <tag k="highway" v="crossing"/>
 </node>
 <node id="9364228661" visible="true" version="1" changeset="115344411" timestamp="2021-12-24T18:35:19Z" user="Tzene19" uid="10228239" lat="19.0760593" lon="-98.1677326">
  <tag k="highway" v="crossing"/>
 </node>
 <node id="9364228662" visible="true" version="1" changeset="115344411" timestamp="2021-12-24T18:35:19Z" user="Tzene19" uid="10228239" lat="19.0752916" lon="-98.1664821">
  <tag k="highway" v="crossing"/>
 </node>
 <node id="9364228663" visible="true" version="1" changeset="115344411" timestamp="2021-12-24T18:35:19Z" user="Tzene19" uid="10228239" lat="19.0751595" lon="-98.1666222">
  <tag k="highway" v="crossing"/>
 </node>
 <node id="9374668049" visible="true" version="1" changeset="115492045" timestamp="2021-12-28T23:04:29Z" user="tabletennisfan" uid="14335271" lat="19.0725525" lon="-98.1640826"/>
 <node id="9374668050" visible="true" version="1" changeset="115492045" timestamp="2021-12-28T23:04:29Z" user="tabletennisfan" uid="14335271" lat="19.0728595" lon="-98.1637642"/>
 <node id="9382616864" visible="true" version="1" changeset="115621448" timestamp="2021-12-31T20:20:14Z" user="Arun Ganesh" uid="14749768" lat="19.0702633" lon="-98.1610554"/>
 <node id="9382616865" visible="true" version="1" changeset="115621448" timestamp="2021-12-31T20:20:14Z" user="Arun Ganesh" uid="14749768" lat="19.0703911" lon="-98.1611888"/>
 <node id="9382616866" visible="true" version="1" changeset="115621448" timestamp="2021-12-31T20:20:14Z" user="Arun Ganesh" uid="14749768" lat="19.0704671" lon="-98.1612142"/>
 <node id="9382616867" visible="true" version="1" changeset="115621448" timestamp="2021-12-31T20:20:14Z" user="Arun Ganesh" uid="14749768" lat="19.0707376" lon="-98.1612515"/>
 <node id="9382616868" visible="true" version="1" changeset="115621448" timestamp="2021-12-31T20:20:14Z" user="Arun Ganesh" uid="14749768" lat="19.0717364" lon="-98.1625082"/>
 <node id="9382616869" visible="true" version="1" changeset="115621448" timestamp="2021-12-31T20:20:14Z" user="Arun Ganesh" uid="14749768" lat="19.0715233" lon="-98.1626866"/>
 <node id="9382616870" visible="true" version="1" changeset="115621448" timestamp="2021-12-31T20:20:14Z" user="Arun Ganesh" uid="14749768" lat="19.0709007" lon="-98.1628356"/>
 <node id="9382616871" visible="true" version="1" changeset="115621448" timestamp="2021-12-31T20:20:14Z" user="Arun Ganesh" uid="14749768" lat="19.0705153" lon="-98.1631768"/>
 <node id="9382616872" visible="true" version="1" changeset="115621448" timestamp="2021-12-31T20:20:14Z" user="Arun Ganesh" uid="14749768" lat="19.0704041" lon="-98.1632278"/>
 <node id="9382616873" visible="true" version="1" changeset="115621448" timestamp="2021-12-31T20:20:14Z" user="Arun Ganesh" uid="14749768" lat="19.0702151" lon="-98.1630042"/>
 <node id="9382616874" visible="true" version="1" changeset="115621448" timestamp="2021-12-31T20:20:14Z" user="Arun Ganesh" uid="14749768" lat="19.0693182" lon="-98.1637649"/>
 <node id="9382616875" visible="true" version="1" changeset="115621448" timestamp="2021-12-31T20:20:14Z" user="Arun Ganesh" uid="14749768" lat="19.0680267" lon="-98.1621455"/>
 <node id="9382616876" visible="true" version="1" changeset="115621448" timestamp="2021-12-31T20:20:14Z" user="Arun Ganesh" uid="14749768" lat="19.0678025" lon="-98.1614632"/>
 <node id="9382616877" visible="true" version="1" changeset="115621448" timestamp="2021-12-31T20:20:14Z" user="Arun Ganesh" uid="14749768" lat="19.0685882" lon="-98.1608319"/>
 <node id="9382616878" visible="true" version="1" changeset="115621448" timestamp="2021-12-31T20:20:14Z" user="Arun Ganesh" uid="14749768" lat="19.0652083" lon="-98.1672979"/>
 <node id="9382616879" visible="true" version="1" changeset="115621448" timestamp="2021-12-31T20:20:14Z" user="Arun Ganesh" uid="14749768" lat="19.0647784" lon="-98.1675410"/>
 <node id="9382616880" visible="true" version="1" changeset="115621448" timestamp="2021-12-31T20:20:14Z" user="Arun Ganesh" uid="14749768" lat="19.0643262" lon="-98.1676900"/>
 <node id="9382616881" visible="true" version="1" changeset="115621448" timestamp="2021-12-31T20:20:14Z" user="Arun Ganesh" uid="14749768" lat="19.0639075" lon="-98.1675920"/>
 <node id="9382616882" visible="true" version="1" changeset="115621448" timestamp="2021-12-31T20:20:14Z" user="Arun Ganesh" uid="14749768" lat="19.0641854" lon="-98.1602869"/>
 <node id="9547097894" visible="true" version="1" changeset="117974915" timestamp="2022-03-01T10:48:25Z" user="ulazezyulina" uid="10740727" lat="19.0664019" lon="-98.1734704"/>
 <node id="9547097895" visible="true" version="1" changeset="117974915" timestamp="2022-03-01T10:48:25Z" user="ulazezyulina" uid="10740727" lat="19.0675665" lon="-98.1740839"/>
 <node id="9547098528" visible="true" version="1" changeset="117974903" timestamp="2022-03-01T10:48:06Z" user="ulazezyulina" uid="10740727" lat="19.0662067" lon="-98.1743475"/>
 <node id="9547098529" visible="true" version="1" changeset="117974903" timestamp="2022-03-01T10:48:06Z" user="ulazezyulina" uid="10740727" lat="19.0674947" lon="-98.1742378"/>
 <node id="11016334728" visible="true" version="1" changeset="137965018" timestamp="2023-06-30T16:06:32Z" user="Ferrocarriles de México" uid="19456985" lat="19.0615877" lon="-98.1564645"/>
 <node id="11109164152" visible="true" version="1" changeset="139778480" timestamp="2023-08-12T08:57:15Z" user="Basstoelpel" uid="72235" lat="19.0664935" lon="-98.1780285">
  <tag k="design" v="three-level"/>
  <tag k="location:transition" v="yes"/>
  <tag k="power" v="tower"/>
  <tag k="structure" v="tubular"/>
 </node>
 <node id="11109164153" visible="true" version="1" changeset="139778480" timestamp="2023-08-12T08:57:15Z" user="Basstoelpel" uid="72235" lat="19.0759082" lon="-98.1695859">
  <tag k="design" v="three-level"/>
  <tag k="power" v="tower"/>
  <tag k="structure" v="tubular"/>
 </node>
 <node id="11109164154" visible="true" version="1" changeset="139778480" timestamp="2023-08-12T08:57:15Z" user="Basstoelpel" uid="72235" lat="19.0712530" lon="-98.1563254">
  <tag k="design" v="three-level"/>
  <tag k="power" v="tower"/>
  <tag k="structure" v="tubular"/>
 </node>
 <node id="11109164155" visible="true" version="1" changeset="139778480" timestamp="2023-08-12T08:57:15Z" user="Basstoelpel" uid="72235" lat="19.0713601" lon="-98.1595601">
  <tag k="design" v="three-level"/>
  <tag k="power" v="tower"/>
  <tag k="structure" v="tubular"/>
 </node>
 <node id="11150549277" visible="true" version="1" changeset="140497917" timestamp="2023-08-28T14:22:09Z" user="Abr_mx" uid="6766137" lat="19.0715976" lon="-98.1659310">
  <tag k="name" v="Maravillas"/>
  <tag k="place" v="hamlet"/>
 </node>
 <node id="11986855559" visible="true" version="1" changeset="152785089" timestamp="2024-06-17T05:10:03Z" user="Ferrocarriles de México" uid="19456985" lat="19.0699380" lon="-98.1747552">
  <tag k="railway" v="milestone"/>
  <tag k="railway:position" v="111"/>
 </node>
 <node id="12639546653" visible="true" version="1" changeset="163261531" timestamp="2025-03-05T21:07:01Z" user="Abr_mx" uid="6766137" lat="19.0682325" lon="-98.1752781"/>
 <node id="12639546654" visible="true" version="1" changeset="163261531" timestamp="2025-03-05T21:07:01Z" user="Abr_mx" uid="6766137" lat="19.0686904" lon="-98.1743015"/>
 <node id="12639546655" visible="true" version="1" changeset="163261531" timestamp="2025-03-05T21:07:01Z" user="Abr_mx" uid="6766137" lat="19.0681018" lon="-98.1739924"/>
 <node id="12639546656" visible="true" version="1" changeset="163261531" timestamp="2025-03-05T21:07:01Z" user="Abr_mx" uid="6766137" lat="19.0676437" lon="-98.1749690"/>
 <node id="13043392897" visible="true" version="1" changeset="169876203" timestamp="2025-08-02T18:46:23Z" user="Juan MAS" uid="18570611" lat="19.0661733" lon="-98.1684837"/>
 <node id="13043392898" visible="true" version="1" changeset="169876203" timestamp="2025-08-02T18:46:23Z" user="Juan MAS" uid="18570611" lat="19.0657189" lon="-98.1676355"/>
 <node id="13043392899" visible="true" version="1" changeset="169876203" timestamp="2025-08-02T18:46:23Z" user="Juan MAS" uid="18570611" lat="19.0659591" lon="-98.1674915"/>
 <node id="13043392900" visible="true" version="1" changeset="169876203" timestamp="2025-08-02T18:46:23Z" user="Juan MAS" uid="18570611" lat="19.0664135" lon="-98.1683396"/>
 <node id="13043417001" visible="true" version="1" changeset="169876203" timestamp="2025-08-02T18:46:23Z" user="Juan MAS" uid="18570611" lat="19.0659402" lon="-98.1674711"/>
 <node id="13043417002" visible="true" version="1" changeset="169876203" timestamp="2025-08-02T18:46:23Z" user="Juan MAS" uid="18570611" lat="19.0658866" lon="-98.1673740"/>
 <node id="13043417003" visible="true" version="1" changeset="169876203" timestamp="2025-08-02T18:46:23Z" user="Juan MAS" uid="18570611" lat="19.0657009" lon="-98.1674889"/>
 <node id="13043417004" visible="true" version="1" changeset="169876203" timestamp="2025-08-02T18:46:23Z" user="Juan MAS" uid="18570611" lat="19.0657545" lon="-98.1675859"/>
 <node id="13043417005" visible="true" version="1" changeset="169876203" timestamp="2025-08-02T18:46:23Z" user="Juan MAS" uid="18570611" lat="19.0658490" lon="-98.1673081"/>
 <node id="13043417006" visible="true" version="1" changeset="169876203" timestamp="2025-08-02T18:46:23Z" user="Juan MAS" uid="18570611" lat="19.0657954" lon="-98.1672110"/>
 <node id="13043417007" visible="true" version="1" changeset="169876203" timestamp="2025-08-02T18:46:23Z" user="Juan MAS" uid="18570611" lat="19.0656096" lon="-98.1673259"/>
 <node id="13043417008" visible="true" version="1" changeset="169876203" timestamp="2025-08-02T18:46:23Z" user="Juan MAS" uid="18570611" lat="19.0656633" lon="-98.1674230"/>
 <node id="13043417009" visible="true" version="1" changeset="169876203" timestamp="2025-08-02T18:46:23Z" user="Juan MAS" uid="18570611" lat="19.0695328" lon="-98.1696690"/>
 <node id="13043417010" visible="true" version="1" changeset="169876203" timestamp="2025-08-02T18:46:23Z" user="Juan MAS" uid="18570611" lat="19.0713016" lon="-98.1692878"/>
 <node id="13043417011" visible="true" version="1" changeset="169876203" timestamp="2025-08-02T18:46:23Z" user="Juan MAS" uid="18570611" lat="19.0712929" lon="-98.1692024"/>
 <node id="13043417012" visible="true" version="1" changeset="169876203" timestamp="2025-08-02T18:46:23Z" user="Juan MAS" uid="18570611" lat="19.0713640" lon="-98.1691943"/>
 <node id="13043417013" visible="true" version="1" changeset="169876203" timestamp="2025-08-02T18:46:23Z" user="Juan MAS" uid="18570611" lat="19.0713727" lon="-98.1692798"/>
 <node id="13043417014" visible="true" version="1" changeset="169876203" timestamp="2025-08-02T18:46:23Z" user="Juan MAS" uid="18570611" lat="19.0718726" lon="-98.1694973"/>
 <node id="13043417015" visible="true" version="1" changeset="169876203" timestamp="2025-08-02T18:46:23Z" user="Juan MAS" uid="18570611" lat="19.0711131" lon="-98.1686917"/>
 <node id="13043417016" visible="true" version="1" changeset="169876203" timestamp="2025-08-02T18:46:23Z" user="Juan MAS" uid="18570611" lat="19.0710292" lon="-98.1685674"/>
 <node id="13043417017" visible="true" version="1" changeset="169876203" timestamp="2025-08-02T18:46:23Z" user="Juan MAS" uid="18570611" lat="19.0709793" lon="-98.1685085"/>
 <node id="13043417018" visible="true" version="1" changeset="169876203" timestamp="2025-08-02T18:46:23Z" user="Juan MAS" uid="18570611" lat="19.0709939" lon="-98.1684945"/>
 <node id="13043417019" visible="true" version="1" changeset="169876203" timestamp="2025-08-02T18:46:23Z" user="Juan MAS" uid="18570611" lat="19.0709604" lon="-98.1684553"/>
 <node id="13043417020" visible="true" version="1" changeset="169876203" timestamp="2025-08-02T18:46:23Z" user="Juan MAS" uid="18570611" lat="19.0708896" lon="-98.1685231"/>
 <node id="13043417021" visible="true" version="1" changeset="169876203" timestamp="2025-08-02T18:46:23Z" user="Juan MAS" uid="18570611" lat="19.0708454" lon="-98.1684715"/>
 <node id="13043417022" visible="true" version="1" changeset="169876203" timestamp="2025-08-02T18:46:23Z" user="Juan MAS" uid="18570611" lat="19.0708955" lon="-98.1684235"/>
 <node id="13043417023" visible="true" version="1" changeset="169876203" timestamp="2025-08-02T18:46:23Z" user="Juan MAS" uid="18570611" lat="19.0708280" lon="-98.1683444"/>
 <node id="13043417024" visible="true" version="1" changeset="169876203" timestamp="2025-08-02T18:46:23Z" user="Juan MAS" uid="18570611" lat="19.0708638" lon="-98.1683101"/>
 <node id="13043417025" visible="true" version="1" changeset="169876203" timestamp="2025-08-02T18:46:23Z" user="Juan MAS" uid="18570611" lat="19.0708282" lon="-98.1682685"/>
 <node id="13043417026" visible="true" version="1" changeset="169876203" timestamp="2025-08-02T18:46:23Z" user="Juan MAS" uid="18570611" lat="19.0708985" lon="-98.1682013"/>
 <node id="13043417027" visible="true" version="1" changeset="169876203" timestamp="2025-08-02T18:46:23Z" user="Juan MAS" uid="18570611" lat="19.0711121" lon="-98.1684501"/>
 <node id="13043417028" visible="true" version="1" changeset="169876203" timestamp="2025-08-02T18:46:23Z" user="Juan MAS" uid="18570611" lat="19.0710720" lon="-98.1684885"/>
 <node id="13043417029" visible="true" version="1" changeset="169876203" timestamp="2025-08-02T18:46:23Z" user="Juan MAS" uid="18570611" lat="19.0711045" lon="-98.1685265"/>
 <node id="13043417030" visible="true" version="1" changeset="169876203" timestamp="2025-08-02T18:46:23Z" user="Juan MAS" uid="18570611" lat="19.0711447" lon="-98.1684881"/>
 <node id="13043417031" visible="true" version="1" changeset="169876203" timestamp="2025-08-02T18:46:23Z" user="Juan MAS" uid="18570611" lat="19.0714077" lon="-98.1687944"/>
 <node id="13043417032" visible="true" version="1" changeset="169876203" timestamp="2025-08-02T18:46:23Z" user="Juan MAS" uid="18570611" lat="19.0712295" lon="-98.1689647"/>
 <node id="13043417033" visible="true" version="1" changeset="169876203" timestamp="2025-08-02T18:46:23Z" user="Juan MAS" uid="18570611" lat="19.0711343" lon="-98.1688532"/>
 <node id="13043417034" visible="true" version="1" changeset="169876203" timestamp="2025-08-02T18:46:23Z" user="Juan MAS" uid="18570611" lat="19.0711998" lon="-98.1687906"/>
 <node id="13043428511" visible="true" version="1" changeset="169876658" timestamp="2025-08-02T18:59:42Z" user="Juan MAS" uid="18570611" lat="19.0724495" lon="-98.1625344"/>
 <node id="13043428512" visible="true" version="1" changeset="169876658" timestamp="2025-08-02T18:59:42Z" user="Juan MAS" uid="18570611" lat="19.0719200" lon="-98.1622770"/>
 <node id="13043428513" visible="true" version="1" changeset="169876658" timestamp="2025-08-02T18:59:42Z" user="Juan MAS" uid="18570611" lat="19.0722712" lon="-98.1614683"/>
 <node id="13043428514" visible="true" version="1" changeset="169876658" timestamp="2025-08-02T18:59:42Z" user="Juan MAS" uid="18570611" lat="19.0728006" lon="-98.1617256"/>
 <node id="13063237348" visible="true" version="1" changeset="170285615" timestamp="2025-08-11T10:39:06Z" user="Evgeniya_rocketdata" uid="17513069" lat="19.0692541" lon="-98.1720338">
  <tag k="contact:facebook" v="https://www.facebook.com/cristaljoyas"/>
  <tag k="contact:instagram" v="https://www.instagram.com/cristaljoyasmx"/>
  <tag k="contact:tiktok" v="https://www.tiktok.com/@cristaljoyasmx"/>
  <tag k="contact:youtube" v="https://www.youtube.com/@cristaljoyas786"/>
  <tag k="email" v="puebla3@grupocristal.com.mx"/>
  <tag k="name" v="Cristal Joyas"/>
  <tag k="opening_hours" v="Mo-Fr,Su 11:00-20:30; Sa 11:00-21:00"/>
  <tag k="phone" v="+52 222 227 6728;+52 222 227 6729"/>
  <tag k="shop" v="jewelry"/>
  <tag k="website" v="https://cristaljoyas.com"/>
 </node>
 <node id="13508673981" visible="true" version="1" changeset="177838604" timestamp="2026-01-29T09:39:06Z" user="Evgeniya_rocketdata" uid="17513069" lat="19.0697307" lon="-98.1724333">
  <tag k="brand" v="Suburbia"/>
  <tag k="brand:wikidata" v="Q6134992"/>
  <tag k="contact:email" v="contacto@suburbia.com.mx"/>
  <tag k="contact:facebook" v="https://www.facebook.com/estrenasuburbia"/>
  <tag k="contact:instagram" v="https://www.instagram.com/modasuburbia"/>
  <tag k="contact:linkedin" v="https://www.linkedin.com/company/suburbiamexico"/>
  <tag k="contact:phone" v="+52 222 227 8567"/>
  <tag k="contact:twitter" v="https://twitter.com/EstrenaSuburbia"/>
  <tag k="contact:website" v="https://www.suburbia.com.mx/tienda/home"/>
  <tag k="contact:youtube" v="https://www.youtube.com/@ModaSuburbia"/>
  <tag k="name" v="Suburbia"/>
  <tag k="opening_hours" v="Mo-Su 11:00-21:00"/>
  <tag k="shop" v="clothes"/>
  <tag k="tiktok" v="https://www.tiktok.com/@suburbiaoficial"/>
 </node>
 <way id="27917957" visible="true" version="7" changeset="117974915" timestamp="2022-03-01T10:48:25Z" user="ulazezyulina" uid="10740727">
  <nd ref="306466094"/>
  <nd ref="9547097895"/>
  <nd ref="9547098529"/>
  <nd ref="4773472729"/>
  <nd ref="306466095"/>
  <tag k="highway" v="residential"/>
  <tag k="name" v="Circuito Monte Líbano"/>
 </way>
 <way id="34939921" visible="true" version="9" changeset="95067583" timestamp="2020-11-30T20:36:55Z" user="(Inactive) hairyhaggis_kaart" uid="10541438">
  <nd ref="410053475"/>
  <nd ref="410053478"/>
  <nd ref="7241053859"/>
  <nd ref="410053476"/>
  <tag k="highway" v="residential"/>
  <tag k="name" v="Privada Adolfo Ruiz Cortines"/>
  <tag k="surface" v="asphalt"/>
 </way>
 <way id="34939932" visible="true" version="17" changeset="95563766" timestamp="2020-12-09T15:57:02Z" user="Baconcrisp" uid="3778777">
  <nd ref="410053512"/>
  <nd ref="410054386"/>
  <nd ref="410054440"/>
  <nd ref="410054441"/>
  <nd ref="410054444"/>
  <nd ref="410054449"/>
  <nd ref="410053530"/>
  <nd ref="410053515"/>
  <nd ref="8210183415"/>
  <nd ref="410053855"/>
  <nd ref="410053852"/>
  <nd ref="410054094"/>
  <nd ref="1825835536"/>
  <nd ref="7209521123"/>
  <nd ref="8160483274"/>
  <nd ref="410054466"/>
  <tag k="alt_name" v="Calle Cordillera Septentrional"/>
  <tag k="highway" v="residential"/>
  <tag k="name" v="Calle Cordillera Septemtrional"/>
  <tag k="surface" v="asphalt"/>
 </way>
 <way id="34939935" visible="true" version="17" changeset="106837928" timestamp="2021-06-23T12:20:38Z" user="Dublarchar" uid="12652995">
  <nd ref="410053515"/>
  <nd ref="8860103204"/>
  <nd ref="579085698"/>
  <nd ref="7209521133"/>
  <tag k="alt_name" v="Calle Sierra Montés Urales"/>
  <tag k="highway" v="residential"/>
  <tag k="name" v="Avenida Montes Urales"/>
  <tag k="oneway" v="yes"/>
  <tag k="surface" v="asphalt"/>
 </way>
 <way id="34939939" visible="true" version="26" changeset="100257930" timestamp="2021-03-02T07:57:27Z" user="BeniHammad" uid="10461114">
  <nd ref="8478249948"/>
  <nd ref="3058796545"/>
  <nd ref="8191806266"/>
  <nd ref="8203440976"/>
  <tag k="alt_name" v="Calle Adolfo López Mateos"/>
  <tag k="bicycle" v="yes"/>
  <tag k="foot" v="yes"/>
  <tag k="highway" v="tertiary"/>
  <tag k="lanes" v="2"/>
  <tag k="name" v="Avenida Tecnológico"/>
  <tag k="note" v="Doble Sentido"/>
  <tag k="oneway" v="no"/>
  <tag k="surface" v="asphalt"/>
 </way>
 <way id="34939946" visible="true" version="12" changeset="94724364" timestamp="2020-11-24T18:45:40Z" user="(Inactive) hairyhaggis_kaart" uid="10541438">
  <nd ref="410053553"/>
  <nd ref="522996011"/>
  <nd ref="410054101"/>
  <nd ref="522996009"/>
  <nd ref="7209521131"/>
  <tag k="highway" v="residential"/>
  <tag k="name" v="Calle Cordillera Central"/>
  <tag k="oneway" v="yes"/>
  <tag k="surface" v="asphalt"/>
 </way>
 <way id="34939951" visible="true" version="13" changeset="115492045" timestamp="2021-12-28T23:04:29Z" user="tabletennisfan" uid="14335271">
  <nd ref="410053559"/>
  <nd ref="8725667998"/>
  <nd ref="410054465"/>
  <nd ref="410053854"/>
  <nd ref="9374668049"/>
  <nd ref="410053856"/>
  <nd ref="3662297116"/>
  <nd ref="522996768"/>
  <nd ref="410053792"/>
  <nd ref="522996763"/>
  <nd ref="410053560"/>
  <tag k="highway" v="residential"/>
  <tag k="name" v="Calle Cordillera de los Alpes"/>
  <tag k="surface" v="asphalt"/>
 </way>
 <way id="34939952" visible="true" version="14" changeset="115492045" timestamp="2021-12-28T23:04:29Z" user="tabletennisfan" uid="14335271">
  <nd ref="410053561"/>
  <nd ref="8205991776"/>
  <nd ref="8205991775"/>
  <nd ref="8162029990"/>
  <nd ref="9364228661"/>
  <nd ref="410053789"/>
  <nd ref="8185400994"/>
  <nd ref="9364228663"/>
  <nd ref="522996773"/>
  <nd ref="522996770"/>
  <nd ref="8159684557"/>
  <nd ref="9374668050"/>
  <nd ref="8207400112"/>
  <nd ref="8207400114"/>
  <nd ref="8207408517"/>
  <nd ref="1656278073"/>
  <nd ref="410053571"/>
  <tag k="highway" v="tertiary"/>
  <tag k="lanes" v="2"/>
  <tag k="name" v="Avenida Unidad Deportiva"/>
  <tag k="oneway" v="yes"/>
  <tag k="surface" v="asphalt"/>
 </way>
 <way id="34940001" visible="true" version="8" changeset="100260643" timestamp="2021-03-02T08:30:49Z" user="BeniHammad" uid="10461114">
  <nd ref="8478342037"/>
  <nd ref="410053850"/>
  <nd ref="522996760"/>
  <nd ref="522996019"/>
  <nd ref="522996024"/>
  <nd ref="522996021"/>
  <nd ref="410054102"/>
  <nd ref="1825835520"/>
  <nd ref="522996026"/>
  <nd ref="410054462"/>
  <nd ref="410053851"/>
  <tag k="highway" v="residential"/>
  <tag k="name" v="Calle Cordillera de los Balcanes"/>
  <tag k="surface" v="asphalt"/>
 </way>
 <way id="34940002" visible="true" version="11" changeset="104585596" timestamp="2021-05-12T16:28:15Z" user="BlueButterfly" uid="11601527">
  <nd ref="410053852"/>
  <nd ref="522995995"/>
  <nd ref="1656278053"/>
  <nd ref="410054100"/>
  <nd ref="522996016"/>
  <nd ref="522996014"/>
  <nd ref="522996011"/>
  <nd ref="410054296"/>
  <nd ref="410054294"/>
  <nd ref="522996026"/>
  <nd ref="410053853"/>
  <nd ref="8725668002"/>
  <nd ref="410053854"/>
  <tag k="highway" v="residential"/>
  <tag k="name" v="Calle Sierra de Guadarrama"/>
  <tag k="surface" v="asphalt"/>
 </way>
 <way id="34940008" visible="true" version="6" changeset="89430774" timestamp="2020-08-14T21:32:25Z" user="Whimsical Otter" uid="7466823">
  <nd ref="410053883"/>
  <nd ref="1656278059"/>
  <nd ref="522995998"/>
  <nd ref="1656278055"/>
  <nd ref="1656278053"/>
  <tag k="highway" v="residential"/>
  <tag k="name" v="Calle Cordillera del Pindo"/>
  <tag k="surface" v="asphalt"/>
 </way>
 <way id="34940062" visible="true" version="8" changeset="94725377" timestamp="2020-11-24T19:10:40Z" user="(Inactive) hairyhaggis_kaart" uid="10541438">
  <nd ref="8160483278"/>
  <nd ref="522996016"/>
  <nd ref="410054098"/>
  <nd ref="410054095"/>
  <nd ref="410054086"/>
  <tag k="highway" v="residential"/>
  <tag k="name" v="Calle Cordillera Cantábrica"/>
  <tag k="surface" v="asphalt"/>
 </way>
 <way id="34940064" visible="true" version="6" changeset="95450489" timestamp="2020-12-07T23:51:11Z" user="ReedtheRiver" uid="9965337">
  <nd ref="1825835525"/>
  <nd ref="8159272094"/>
  <nd ref="410054094"/>
  <tag k="highway" v="residential"/>
  <tag k="name" v="Calle Sierra de Albadracin"/>
  <tag k="oneway" v="yes"/>
  <tag k="surface" v="asphalt"/>
 </way>
 <way id="34940065" visible="true" version="4" changeset="90377418" timestamp="2020-09-03T19:03:26Z" user="Soccersweeper" uid="9498478">
  <nd ref="410054098"/>
  <nd ref="410053884"/>
  <tag k="alt_name" v="Calle Sierra de Credos"/>
  <tag k="highway" v="residential"/>
  <tag k="name" v="Sierra de Gredos"/>
 </way>
 <way id="34940066" visible="true" version="4" changeset="94725377" timestamp="2020-11-24T19:10:40Z" user="(Inactive) hairyhaggis_kaart" uid="10541438">
  <nd ref="410054099"/>
  <nd ref="8160483277"/>
  <tag k="access" v="private"/>
  <tag k="highway" v="residential"/>
  <tag k="name" v="Privada Cordillera del Himalaya"/>
  <tag k="surface" v="asphalt"/>
 </way>
 <way id="34940067" visible="true" version="8" changeset="94725377" timestamp="2020-11-24T19:10:40Z" user="(Inactive) hairyhaggis_kaart" uid="10541438">
  <nd ref="410054101"/>
  <nd ref="410054295"/>
  <nd ref="410054241"/>
  <nd ref="410054102"/>
  <nd ref="1825835523"/>
  <nd ref="7209521126"/>
  <tag k="highway" v="residential"/>
  <tag k="name" v="Calle Sierra Leona"/>
  <tag k="surface" v="asphalt"/>
 </way>
 <way id="34940068" visible="true" version="5" changeset="94725377" timestamp="2020-11-24T19:10:40Z" user="(Inactive) hairyhaggis_kaart" uid="10541438">
  <nd ref="410054103"/>
  <nd ref="522996021"/>
  <tag k="alt_name" v="Privada 6 Montecristo"/>
  <tag k="highway" v="residential"/>
  <tag k="name" v="Sierra Montecristo"/>
  <tag k="surface" v="asphalt"/>
 </way>
 <way id="34940073" visible="true" version="9" changeset="104585596" timestamp="2021-05-12T16:28:15Z" user="BlueButterfly" uid="11601527">
  <nd ref="7209521127"/>
  <nd ref="410054144"/>
  <nd ref="522996019"/>
  <nd ref="8725667997"/>
  <nd ref="410054147"/>
  <tag k="highway" v="residential"/>
  <tag k="name" v="Calle Sierra de las Minas"/>
  <tag k="surface" v="asphalt"/>
 </way>
 <way id="34940108" visible="true" version="3" changeset="80978588" timestamp="2020-02-13T23:14:17Z" user="MMantlo" uid="9375460">
  <nd ref="410054241"/>
  <nd ref="410054294"/>
  <tag k="highway" v="residential"/>
  <tag k="name" v="Calle Cordillera de la Costa"/>
 </way>
 <way id="34940119" visible="true" version="3" changeset="80978588" timestamp="2020-02-13T23:14:17Z" user="MMantlo" uid="9375460">
  <nd ref="410054295"/>
  <nd ref="410054296"/>
  <tag k="highway" v="residential"/>
  <tag k="name" v="Calle Cordillera de Córdoba"/>
 </way>
 <way id="34940131" visible="true" version="6" changeset="95497634" timestamp="2020-12-08T15:52:38Z" user="ReedtheRiver" uid="9965337">
  <nd ref="410054386"/>
  <nd ref="410054439"/>
  <nd ref="410054364"/>
  <nd ref="410054421"/>
  <tag k="alt_name" v="Calle Sierra Tarahumaras"/>
  <tag k="highway" v="residential"/>
  <tag k="name" v="Calle Cierra Tarahumara"/>
  <tag k="surface" v="asphalt"/>
 </way>
 <way id="34940134" visible="true" version="6" changeset="95497634" timestamp="2020-12-08T15:52:38Z" user="ReedtheRiver" uid="9965337">
  <nd ref="410054440"/>
  <nd ref="522996743"/>
  <nd ref="8205818494"/>
  <tag k="highway" v="residential"/>
  <tag k="name" v="Calle Sierra de los Pirineos"/>
  <tag k="surface" v="asphalt"/>
 </way>
 <way id="34940135" visible="true" version="3" changeset="81141633" timestamp="2020-02-18T01:23:49Z" user="natureandchill" uid="9565120">
  <nd ref="410054441"/>
  <nd ref="410054442"/>
  <tag k="highway" v="residential"/>
  <tag k="name" v="Calle Sierra Otomí"/>
 </way>
 <way id="34940136" visible="true" version="5" changeset="81141633" timestamp="2020-02-18T01:23:49Z" user="natureandchill" uid="9565120">
  <nd ref="410054443"/>
  <nd ref="410054450"/>
  <nd ref="1656278093"/>
  <nd ref="410054444"/>
  <tag k="highway" v="residential"/>
  <tag k="name" v="Calle Sierra Nebraska"/>
 </way>
 <way id="34940137" visible="true" version="5" changeset="81141633" timestamp="2020-02-18T01:23:49Z" user="natureandchill" uid="9565120">
  <nd ref="410054445"/>
  <nd ref="410054451"/>
  <nd ref="1656278086"/>
  <nd ref="410054449"/>
  <tag k="highway" v="residential"/>
  <tag k="name" v="Calle Sierra Mc Kinley"/>
 </way>
 <way id="34940138" visible="true" version="3" changeset="81141633" timestamp="2020-02-18T01:23:49Z" user="natureandchill" uid="9565120">
  <nd ref="410054450"/>
  <nd ref="410054451"/>
  <tag k="highway" v="residential"/>
  <tag k="name" v="Privada Sierra Mackinley"/>
 </way>
 <way id="34940140" visible="true" version="6" changeset="94725377" timestamp="2020-11-24T19:10:40Z" user="(Inactive) hairyhaggis_kaart" uid="10541438">
  <nd ref="410054460"/>
  <nd ref="1656278060"/>
  <nd ref="410054461"/>
  <tag k="alt_name" v="Calle Cordillera de Guanacaste"/>
  <tag k="highway" v="residential"/>
  <tag k="name" v="Calle Sierra Guanacaste"/>
  <tag k="surface" v="asphalt"/>
 </way>
 <way id="34940141" visible="true" version="5" changeset="104585596" timestamp="2021-05-12T16:28:15Z" user="BlueButterfly" uid="11601527">
  <nd ref="410054462"/>
  <nd ref="410054464"/>
  <nd ref="8725668001"/>
  <nd ref="410054465"/>
  <tag k="highway" v="residential"/>
  <tag k="name" v="Calle Sierra Costera"/>
  <tag k="surface" v="asphalt"/>
 </way>
 <way id="34940142" visible="true" version="7" changeset="104585596" timestamp="2021-05-12T16:28:15Z" user="BlueButterfly" uid="11601527">
  <nd ref="410054466"/>
  <nd ref="8160483273"/>
  <nd ref="7209521124"/>
  <nd ref="8723136920"/>
  <nd ref="410054467"/>
  <nd ref="410054086"/>
  <nd ref="410053554"/>
  <nd ref="410053553"/>
  <nd ref="8723136924"/>
  <nd ref="410054468"/>
  <nd ref="8723136923"/>
  <nd ref="410053851"/>
  <nd ref="410054469"/>
  <nd ref="410054470"/>
  <nd ref="8725668000"/>
  <nd ref="8725667999"/>
  <nd ref="410053559"/>
  <tag k="highway" v="residential"/>
  <tag k="name" v="Calle Sierra de las Ánimas"/>
  <tag k="surface" v="asphalt"/>
 </way>
 <way id="97586931" visible="true" version="28" changeset="128961997" timestamp="2022-11-15T22:33:22Z" user="Abr_mx" uid="6766137">
  <nd ref="1131271831"/>
  <nd ref="8729753152"/>
  <nd ref="8729753158"/>
  <nd ref="8188709055"/>
  <nd ref="8188709052"/>
  <nd ref="8729753165"/>
  <nd ref="5909982228"/>
  <nd ref="7241014621"/>
  <nd ref="8202882610"/>
  <nd ref="8431395944"/>
  <nd ref="8431395954"/>
  <nd ref="8431761100"/>
  <nd ref="1828231175"/>
  <nd ref="522995792"/>
  <nd ref="8431795525"/>
  <nd ref="8431761092"/>
  <nd ref="8431316767"/>
  <nd ref="5909982227"/>
  <nd ref="8180804509"/>
  <tag k="alt_name" v="2 Norte"/>
  <tag k="highway" v="secondary"/>
  <tag k="lanes" v="3"/>
  <tag k="name" v="Calzada Ignacio Zaragoza"/>
  <tag k="oneway" v="yes"/>
  <tag k="surface" v="asphalt"/>
 </way>
 <way id="97719630" visible="true" version="6" changeset="117974915" timestamp="2022-03-01T10:48:25Z" user="ulazezyulina" uid="10740727">
  <nd ref="306466103"/>
  <nd ref="306465740"/>
  <nd ref="306466096"/>
  <nd ref="4773472728"/>
  <nd ref="9547098528"/>
  <nd ref="9547097894"/>
  <nd ref="306465742"/>
  <tag k="highway" v="residential"/>
  <tag k="name" v="Calle Monte Líbano"/>
 </way>
 <way id="108166005" visible="true" version="6" changeset="139778480" timestamp="2023-08-12T08:57:15Z" user="Basstoelpel" uid="72235">
  <nd ref="1241390264"/>
  <nd ref="11109164154"/>
  <nd ref="1241390088"/>
  <nd ref="1241389907"/>
  <nd ref="11109164155"/>
  <nd ref="1241390341"/>
  <nd ref="1241390176"/>
  <nd ref="1241390133"/>
  <nd ref="4235952259"/>
  <nd ref="1241389957"/>
  <nd ref="1241390167"/>
  <nd ref="1241389991"/>
  <nd ref="4235952258"/>
  <nd ref="1241389949"/>
  <nd ref="1241390332"/>
  <nd ref="1241389800"/>
  <nd ref="1241390284"/>
  <nd ref="11109164153"/>
  <nd ref="1241389889"/>
  <tag k="cables" v="6"/>
  <tag k="circuits" v="2"/>
  <tag k="frequency" v="60"/>
  <tag k="power" v="line"/>
  <tag k="voltage" v="115000"/>
 </way>
 <way id="152846466" visible="true" version="3" changeset="81141633" timestamp="2020-02-18T01:23:49Z" user="natureandchill" uid="9565120">
  <nd ref="1656278059"/>
  <nd ref="1656278060"/>
  <tag k="highway" v="residential"/>
  <tag k="name" v="Calle Sierra Guanacaste"/>
 </way>
 <way id="152846470" visible="true" version="5" changeset="94725377" timestamp="2020-11-24T19:10:40Z" user="(Inactive) hairyhaggis_kaart" uid="10541438">
  <nd ref="522995995"/>
  <nd ref="410053884"/>
  <tag k="highway" v="residential"/>
  <tag k="name" v="Calle Cordillera del Pindo"/>
  <tag k="surface" v="asphalt"/>
 </way>
 <way id="152846473" visible="true" version="4" changeset="94725377" timestamp="2020-11-24T19:10:40Z" user="(Inactive) hairyhaggis_kaart" uid="10541438">
  <nd ref="1656278057"/>
  <nd ref="8160483275"/>
  <tag k="highway" v="residential"/>
  <tag k="name" v="Calle Sierra Mayumbe"/>
  <tag k="surface" v="asphalt"/>
 </way>
 <way id="152846474" visible="true" version="3" changeset="95830503" timestamp="2020-12-14T19:37:13Z" user="Corban8" uid="4240913">
  <nd ref="8203440976"/>
  <nd ref="410053531"/>
  <nd ref="1656278095"/>
  <tag k="alt_name" v="Calle Adolfo López Mateos"/>
  <tag k="bicycle" v="yes"/>
  <tag k="foot" v="yes"/>
  <tag k="highway" v="tertiary"/>
  <tag k="lanes" v="3"/>
  <tag k="lanes:backward" v="2"/>
  <tag k="lanes:forward" v="1"/>
  <tag k="name" v="Avenida Tecnológico"/>
  <tag k="note" v="Doble Sentido"/>
  <tag k="oneway" v="no"/>
  <tag k="surface" v="asphalt"/>
 </way>
 <way id="152846475" visible="true" version="3" changeset="81141633" timestamp="2020-02-18T01:23:49Z" user="natureandchill" uid="9565120">
  <nd ref="1656278078"/>
  <nd ref="579085698"/>
  <tag k="highway" v="residential"/>
  <tag k="name" v="Cerrada Cordillera del Caucaso"/>
 </way>
 <way id="152846476" visible="true" version="3" changeset="81141633" timestamp="2020-02-18T01:23:49Z" user="natureandchill" uid="9565120">
  <nd ref="1656278093"/>
  <nd ref="1656278086"/>
  <tag k="highway" v="residential"/>
  <tag k="name" v="Privada Sierra Mackinley"/>
 </way>
 <way id="152846479" visible="true" version="6" changeset="94725377" timestamp="2020-11-24T19:10:40Z" user="(Inactive) hairyhaggis_kaart" uid="10541438">
  <nd ref="410053855"/>
  <nd ref="522995998"/>
  <nd ref="410054461"/>
  <nd ref="410053885"/>
  <nd ref="522996006"/>
  <tag k="highway" v="residential"/>
  <tag k="name" v="Calle Sierra Madre"/>
  <tag k="surface" v="asphalt"/>
 </way>
 <way id="171573665" visible="true" version="5" changeset="94725377" timestamp="2020-11-24T19:10:40Z" user="(Inactive) hairyhaggis_kaart" uid="10541438">
  <nd ref="8160483270"/>
  <nd ref="8160483271"/>
  <nd ref="1825835529"/>
  <nd ref="7209521125"/>
  <tag k="access" v="private"/>
  <tag k="alt_name" v="Calle Sierra de Colima"/>
  <tag k="highway" v="residential"/>
  <tag k="name" v="Sierra de Cosima"/>
  <tag k="surface" v="asphalt"/>
 </way>
 <way id="171573667" visible="true" version="6" changeset="104585596" timestamp="2021-05-12T16:28:15Z" user="BlueButterfly" uid="11601527">
  <nd ref="410054149"/>
  <nd ref="8725667994"/>
  <nd ref="522996760"/>
  <nd ref="410054152"/>
  <nd ref="7209521128"/>
  <tag k="highway" v="residential"/>
  <tag k="name" v="Calle Sierra Morena"/>
  <tag k="surface" v="asphalt"/>
 </way>
 <way id="171573669" visible="true" version="4" changeset="95450489" timestamp="2020-12-07T23:51:11Z" user="ReedtheRiver" uid="9965337">
  <nd ref="1825835536"/>
  <nd ref="1825835538"/>
  <nd ref="1825835525"/>
  <tag k="highway" v="residential"/>
  <tag k="name" v="Calle Sierra de Albadracin"/>
  <tag k="oneway" v="yes"/>
  <tag k="surface" v="asphalt"/>
 </way>
 <way id="171573671" visible="true" version="4" changeset="94725377" timestamp="2020-11-24T19:10:40Z" user="(Inactive) hairyhaggis_kaart" uid="10541438">
  <nd ref="1825835527"/>
  <nd ref="8160483272"/>
  <nd ref="8160483271"/>
  <tag k="access" v="private"/>
  <tag k="alt_name" v="Privada Sierra de Colima"/>
  <tag k="highway" v="residential"/>
  <tag k="name" v="Sierra de Cosima"/>
  <tag k="surface" v="asphalt"/>
 </way>
 <way id="171573673" visible="true" version="4" changeset="94725377" timestamp="2020-11-24T19:10:40Z" user="(Inactive) hairyhaggis_kaart" uid="10541438">
  <nd ref="1825835529"/>
  <nd ref="1825835527"/>
  <tag k="access" v="private"/>
  <tag k="alt_name" v="Calle Sierra de Colima"/>
  <tag k="highway" v="residential"/>
  <tag k="name" v="Sierra de Cosima"/>
 </way>
 <way id="171573675" visible="true" version="3" changeset="104585596" timestamp="2021-05-12T16:28:15Z" user="BlueButterfly" uid="11601527">
  <nd ref="1825835523"/>
  <nd ref="8725668003"/>
  <nd ref="1825835531"/>
  <nd ref="1825835520"/>
  <tag k="highway" v="residential"/>
  <tag k="name" v="Sierra Leona"/>
  <tag k="surface" v="asphalt"/>
 </way>
 <way id="171573677" visible="true" version="3" changeset="94725377" timestamp="2020-11-24T19:10:40Z" user="(Inactive) hairyhaggis_kaart" uid="10541438">
  <nd ref="522996021"/>
  <nd ref="410054105"/>
  <tag k="highway" v="residential"/>
  <tag k="name" v="Privada Sierra Maestra"/>
  <tag k="surface" v="asphalt"/>
 </way>
 <way id="171573678" visible="true" version="7" changeset="94724364" timestamp="2020-11-24T18:45:40Z" user="(Inactive) hairyhaggis_kaart" uid="10541438">
  <nd ref="7209521132"/>
  <nd ref="522996006"/>
  <nd ref="522996014"/>
  <nd ref="410053554"/>
  <tag k="highway" v="residential"/>
  <tag k="name" v="Calle Cordillera Central"/>
  <tag k="oneway" v="yes"/>
  <tag k="surface" v="asphalt"/>
 </way>
 <way id="171574023" visible="true" version="8" changeset="101662629" timestamp="2021-03-24T16:51:20Z" user="WingardiumMapiosa" uid="7526668">
  <nd ref="1825839094"/>
  <nd ref="1825839095"/>
  <nd ref="2814728389"/>
  <nd ref="1825839093"/>
  <nd ref="8557726190"/>
  <nd ref="1825839087"/>
  <nd ref="4568327123"/>
  <nd ref="1825839086"/>
  <nd ref="1825839092"/>
  <nd ref="1825839097"/>
  <nd ref="1825839096"/>
  <nd ref="4568282885"/>
  <nd ref="1825839084"/>
  <nd ref="4580593357"/>
  <nd ref="4568327119"/>
  <nd ref="4580593370"/>
  <nd ref="8478266276"/>
  <nd ref="4580593356"/>
  <nd ref="4580593353"/>
  <nd ref="4568327120"/>
  <nd ref="4580593352"/>
  <nd ref="4568282884"/>
  <nd ref="1825839088"/>
  <nd ref="4568327122"/>
  <nd ref="4568327121"/>
  <nd ref="4580593385"/>
  <nd ref="4568327124"/>
  <nd ref="4580593384"/>
  <nd ref="1825839094"/>
  <tag k="addr:housenumber" v="420"/>
  <tag k="addr:postcode" v="72220"/>
  <tag k="addr:street" v="Del tecnológico"/>
  <tag k="amenity" v="university"/>
  <tag k="name" v="Instituto Tecnológico de Puebla"/>
  <tag k="opening_hours" v="Mo-Fr 07:00-21:00"/>
  <tag k="phone" v="012222298810"/>
  <tag k="website" v="http://itpuebla.edu.mx"/>
 </way>
 <way id="171574186" visible="true" version="2" changeset="44613786" timestamp="2016-12-23T07:27:29Z" user="DiegoJP" uid="5007434">
  <nd ref="1825840375"/>
  <nd ref="1825840378"/>
  <nd ref="1825840384"/>
  <nd ref="1825840373"/>
  <nd ref="1825840375"/>
  <tag k="leisure" v="pitch"/>
  <tag k="sport" v="soccer"/>
 </way>
 <way id="171574187" visible="true" version="2" changeset="36216625" timestamp="2015-12-28T11:07:53Z" user="Syl" uid="224440">
  <nd ref="1825840379"/>
  <nd ref="1825840381"/>
  <nd ref="1825840382"/>
  <nd ref="1825840376"/>
  <nd ref="1825840379"/>
  <tag k="leisure" v="swimming_pool"/>
  <tag k="sport" v="swimming"/>
 </way>
 <way id="171574188" visible="true" version="2" changeset="44613786" timestamp="2016-12-23T07:27:29Z" user="DiegoJP" uid="5007434">
  <nd ref="1825840374"/>
  <nd ref="1825840377"/>
  <nd ref="1825840380"/>
  <nd ref="4568210890"/>
  <nd ref="4568210889"/>
  <nd ref="4568210891"/>
  <nd ref="1825840385"/>
  <nd ref="4568210888"/>
  <nd ref="4568210886"/>
  <nd ref="4568210887"/>
  <nd ref="1825840374"/>
  <tag k="leisure" v="pitch"/>
  <tag k="sport" v="baseball"/>
 </way>
 <way id="276918836" visible="true" version="5" changeset="115621448" timestamp="2021-12-31T20:20:14Z" user="Arun Ganesh" uid="14749768">
  <nd ref="1825839094"/>
  <nd ref="1825839095"/>
  <nd ref="2814728389"/>
  <nd ref="9382616878"/>
  <nd ref="9382616879"/>
  <nd ref="9382616880"/>
  <nd ref="9382616881"/>
  <nd ref="2814728390"/>
  <nd ref="2814728391"/>
  <nd ref="3886913326"/>
  <nd ref="2814728392"/>
  <nd ref="3886913325"/>
  <nd ref="3886913324"/>
  <nd ref="1825839094"/>
  <tag k="addr:city" v="Puebla"/>
  <tag k="landuse" v="industrial"/>
  <tag k="name" v="Benteler de México"/>
 </way>
 <way id="374198405" visible="true" version="6" changeset="96175728" timestamp="2020-12-21T07:45:30Z" user="Risle" uid="10888627">
  <nd ref="3775891220"/>
  <nd ref="3775891221"/>
  <nd ref="8246965355"/>
  <nd ref="8246965393"/>
  <nd ref="3775891222"/>
  <nd ref="8239560051"/>
  <nd ref="8239560050"/>
  <nd ref="3775891223"/>
  <nd ref="8246965394"/>
  <nd ref="3775891224"/>
  <nd ref="3775891220"/>
  <tag k="landuse" v="retail"/>
  <tag k="name" v="Plaza Tolin"/>
 </way>
 <way id="374198406" visible="true" version="2" changeset="62638881" timestamp="2018-09-16T15:36:41Z" user="chachafish" uid="2237750">
  <nd ref="3775891225"/>
  <nd ref="3775891226"/>
  <nd ref="3775891227"/>
  <nd ref="3775891228"/>
  <nd ref="3775891225"/>
  <tag k="amenity" v="parking"/>
 </way>
 <way id="374198408" visible="true" version="6" changeset="101476181" timestamp="2021-03-22T06:38:41Z" user="BeniHammad" uid="10461114">
  <nd ref="8239582874"/>
  <nd ref="8239582878"/>
  <nd ref="8239582877"/>
  <nd ref="8239582876"/>
  <nd ref="8478249952"/>
  <nd ref="8478249951"/>
  <nd ref="8478249950"/>
  <nd ref="8478249949"/>
  <nd ref="8547966948"/>
  <nd ref="8239582875"/>
  <tag k="highway" v="service"/>
  <tag k="oneway" v="yes"/>
  <tag k="surface" v="asphalt"/>
 </way>
 <way id="375548819" visible="true" version="12" changeset="178557862" timestamp="2026-02-14T19:26:49Z" user="Ferrocarriles de México" uid="19456985">
  <nd ref="3789098746"/>
  <nd ref="5889460725"/>
  <nd ref="401295692"/>
  <nd ref="522996028"/>
  <nd ref="11016334728"/>
  <nd ref="1630231594"/>
  <nd ref="1630231595"/>
  <nd ref="292244729"/>
  <nd ref="292244464"/>
  <nd ref="292244728"/>
  <nd ref="292244727"/>
  <nd ref="5889206885"/>
  <nd ref="522995971"/>
  <nd ref="522995993"/>
  <nd ref="292244725"/>
  <nd ref="2556224871"/>
  <nd ref="11986855559"/>
  <nd ref="522995792"/>
  <nd ref="522995814"/>
  <nd ref="292243995"/>
  <nd ref="292244459"/>
  <nd ref="2556224882"/>
  <nd ref="522996400"/>
  <nd ref="771201234"/>
  <nd ref="292244457"/>
  <nd ref="522996389"/>
  <nd ref="292244456"/>
  <nd ref="292244455"/>
  <nd ref="2556224880"/>
  <nd ref="522996360"/>
  <nd ref="292244454"/>
  <nd ref="3789179198"/>
  <tag k="electrified" v="no"/>
  <tag k="gauge" v="1435"/>
  <tag k="name" v="Línea VB"/>
  <tag k="operator" v="Ferrosur"/>
  <tag k="operator:wikidata" v="Q1407993"/>
  <tag k="railway" v="rail"/>
  <tag k="reporting_marks" v="FSRR"/>
  <tag k="usage" v="branch"/>
 </way>
 <way id="419510151" visible="true" version="1" changeset="39428250" timestamp="2016-05-19T16:24:21Z" user="TrackLocator Rastreo Satelital" uid="837353">
  <nd ref="4195587044"/>
  <nd ref="4195587045"/>
  <nd ref="4195587050"/>
  <nd ref="4195587047"/>
  <nd ref="4195587044"/>
  <tag k="building" v="yes"/>
 </way>
 <way id="419510152" visible="true" version="1" changeset="39428250" timestamp="2016-05-19T16:24:21Z" user="TrackLocator Rastreo Satelital" uid="837353">
  <nd ref="4195587048"/>
  <nd ref="4195587046"/>
  <nd ref="4195587051"/>
  <nd ref="4195587054"/>
  <nd ref="4195587048"/>
  <tag k="building" v="yes"/>
 </way>
 <way id="419510153" visible="true" version="1" changeset="39428250" timestamp="2016-05-19T16:24:21Z" user="TrackLocator Rastreo Satelital" uid="837353">
  <nd ref="4195587053"/>
  <nd ref="4195587057"/>
  <nd ref="4195587055"/>
  <nd ref="4195587056"/>
  <nd ref="4195587052"/>
  <nd ref="4195587049"/>
  <nd ref="4195587053"/>
  <tag k="building" v="yes"/>
 </way>
 <way id="424129234" visible="true" version="5" changeset="115247528" timestamp="2021-12-22T10:23:11Z" user="ObRiver" uid="10529631">
  <nd ref="4235952247"/>
  <nd ref="4235952248"/>
  <nd ref="4235952249"/>
  <nd ref="4235952250"/>
  <nd ref="4235952251"/>
  <nd ref="4235952252"/>
  <nd ref="4235952253"/>
  <nd ref="2330165837"/>
  <nd ref="2330165838"/>
  <nd ref="4235952254"/>
  <nd ref="4235952255"/>
  <nd ref="4235952256"/>
  <nd ref="4235952257"/>
  <nd ref="7736106361"/>
  <nd ref="401295326"/>
  <nd ref="401295330"/>
  <nd ref="4235952272"/>
  <nd ref="7578153781"/>
  <nd ref="7578153780"/>
  <nd ref="4235952247"/>
  <tag k="addr:city" v="Puebla"/>
  <tag k="addr:street" v="Av. Unidad Deportiva"/>
  <tag k="leisure" v="sports_centre"/>
  <tag k="name" v="Unidad Deportiva Mario Vázquez Raña"/>
 </way>
 <way id="461307400" visible="true" version="4" changeset="169876203" timestamp="2025-08-02T18:46:23Z" user="Juan MAS" uid="18570611">
  <nd ref="4568210790"/>
  <nd ref="4568210800"/>
  <nd ref="4568210791"/>
  <nd ref="13043417009"/>
  <tag k="access" v="private"/>
  <tag k="highway" v="footway"/>
  <tag k="lit" v="yes"/>
  <tag k="surface" v="paved"/>
 </way>
 <way id="461307401" visible="true" version="4" changeset="169876203" timestamp="2025-08-02T18:46:23Z" user="Juan MAS" uid="18570611">
  <nd ref="4568210796"/>
  <nd ref="4568210798"/>
  <nd ref="4568210797"/>
  <nd ref="4568210800"/>
  <tag k="access" v="private"/>
  <tag k="highway" v="footway"/>
  <tag k="lit" v="yes"/>
 </way>
 <way id="461307402" visible="true" version="2" changeset="95446555" timestamp="2020-12-07T21:22:17Z" user="birdymaps" uid="9319541">
  <nd ref="4568210798"/>
  <nd ref="4568210799"/>
  <tag k="access" v="private"/>
  <tag k="highway" v="footway"/>
 </way>
 <way id="461307403" visible="true" version="4" changeset="169876203" timestamp="2025-08-02T18:46:23Z" user="Juan MAS" uid="18570611">
  <nd ref="4568210791"/>
  <nd ref="4568210794"/>
  <nd ref="4568284790"/>
  <nd ref="4568210799"/>
  <nd ref="4568210795"/>
  <tag k="access" v="private"/>
  <tag k="highway" v="footway"/>
  <tag k="lit" v="yes"/>
  <tag k="surface" v="paved"/>
 </way>
 <way id="461307404" visible="true" version="3" changeset="169876203" timestamp="2025-08-02T18:46:23Z" user="Juan MAS" uid="18570611">
  <nd ref="4568210803"/>
  <nd ref="4568210804"/>
  <nd ref="4568210809"/>
  <nd ref="4568210805"/>
  <nd ref="4568210806"/>
  <nd ref="4568210807"/>
  <nd ref="4568210803"/>
  <tag k="access" v="private"/>
  <tag k="highway" v="footway"/>
  <tag k="layer" v="-1"/>
  <tag k="lit" v="yes"/>
  <tag k="surface" v="paved"/>
 </way>
 <way id="461307405" visible="true" version="2" changeset="95446555" timestamp="2020-12-07T21:22:17Z" user="birdymaps" uid="9319541">
  <nd ref="4568210806"/>
  <nd ref="4568210808"/>
  <tag k="access" v="private"/>
  <tag k="highway" v="footway"/>
  <tag k="lit" v="yes"/>
  <tag k="surface" v="paved"/>
 </way>
 <way id="461307406" visible="true" version="2" changeset="95446555" timestamp="2020-12-07T21:22:17Z" user="birdymaps" uid="9319541">
  <nd ref="4568210809"/>
  <nd ref="4568210810"/>
  <tag k="access" v="private"/>
  <tag k="highway" v="footway"/>
  <tag k="lit" v="yes"/>
  <tag k="surface" v="paved"/>
 </way>
 <way id="461307407" visible="true" version="3" changeset="169876203" timestamp="2025-08-02T18:46:23Z" user="Juan MAS" uid="18570611">
  <nd ref="4568210805"/>
  <nd ref="4568210811"/>
  <tag k="access" v="private"/>
  <tag k="highway" v="footway"/>
  <tag k="lit" v="yes"/>
  <tag k="surface" v="paved"/>
 </way>
 <way id="461307408" visible="true" version="5" changeset="169876203" timestamp="2025-08-02T18:46:23Z" user="Juan MAS" uid="18570611">
  <nd ref="4568210806"/>
  <nd ref="4568210818"/>
  <nd ref="5913697141"/>
  <tag k="access" v="private"/>
  <tag k="highway" v="footway"/>
  <tag k="lit" v="yes"/>
  <tag k="surface" v="paved"/>
 </way>
 <way id="461307410" visible="true" version="2" changeset="44614849" timestamp="2016-12-23T08:25:31Z" user="DiegoJP" uid="5007434">
  <nd ref="4568210824"/>
  <nd ref="4568284947"/>
  <nd ref="4568284946"/>
  <nd ref="4568284945"/>
  <nd ref="4568210825"/>
  <nd ref="4568210826"/>
  <nd ref="4568210827"/>
  <nd ref="4568210824"/>
  <tag k="leisure" v="park"/>
 </way>
 <way id="461307411" visible="true" version="1" changeset="44613786" timestamp="2016-12-23T07:27:28Z" user="DiegoJP" uid="5007434">
  <nd ref="4568210828"/>
  <nd ref="4568210829"/>
  <nd ref="4568210830"/>
  <nd ref="4568210831"/>
  <nd ref="4568210828"/>
  <tag k="leisure" v="pitch"/>
  <tag k="sport" v="soccer"/>
 </way>
 <way id="461307412" visible="true" version="1" changeset="44613786" timestamp="2016-12-23T07:27:28Z" user="DiegoJP" uid="5007434">
  <nd ref="4568210832"/>
  <nd ref="4568210833"/>
  <nd ref="4568210834"/>
  <nd ref="4568210835"/>
  <nd ref="4568210832"/>
  <tag k="leisure" v="pitch"/>
  <tag k="sport" v="soccer"/>
 </way>
 <way id="461307413" visible="true" version="1" changeset="44613786" timestamp="2016-12-23T07:27:28Z" user="DiegoJP" uid="5007434">
  <nd ref="4568210836"/>
  <nd ref="4568210837"/>
  <nd ref="4568210838"/>
  <nd ref="4568210839"/>
  <nd ref="4568210836"/>
  <tag k="leisure" v="pitch"/>
  <tag k="sport" v="soccer"/>
 </way>
 <way id="461307414" visible="true" version="1" changeset="44613786" timestamp="2016-12-23T07:27:29Z" user="DiegoJP" uid="5007434">
  <nd ref="4568210840"/>
  <nd ref="4568210841"/>
  <nd ref="4568210842"/>
  <nd ref="4568210843"/>
  <nd ref="4568210840"/>
  <tag k="leisure" v="pitch"/>
  <tag k="sport" v="soccer"/>
 </way>
 <way id="461307415" visible="true" version="2" changeset="55198966" timestamp="2018-01-05T21:58:37Z" user="Manuel Moratilla" uid="7425031">
  <nd ref="4568210844"/>
  <nd ref="5322796638"/>
  <nd ref="4568210847"/>
  <nd ref="4568210848"/>
  <nd ref="4568210849"/>
  <nd ref="4568210850"/>
  <nd ref="4568210845"/>
  <nd ref="4568210846"/>
  <nd ref="4568210844"/>
  <tag k="leisure" v="park"/>
 </way>
 <way id="461307417" visible="true" version="1" changeset="44613786" timestamp="2016-12-23T07:27:29Z" user="DiegoJP" uid="5007434">
  <nd ref="4568210870"/>
  <nd ref="4568210871"/>
  <nd ref="4568210872"/>
  <nd ref="4568210873"/>
  <nd ref="4568210870"/>
  <tag k="leisure" v="pitch"/>
  <tag k="lit" v="yes"/>
  <tag k="sport" v="basketball"/>
  <tag k="surface" v="concrete"/>
 </way>
 <way id="461307418" visible="true" version="1" changeset="44613786" timestamp="2016-12-23T07:27:29Z" user="DiegoJP" uid="5007434">
  <nd ref="4568210874"/>
  <nd ref="4568210875"/>
  <nd ref="4568210876"/>
  <nd ref="4568210877"/>
  <nd ref="4568210874"/>
  <tag k="leisure" v="pitch"/>
  <tag k="lit" v="yes"/>
  <tag k="sport" v="basketball"/>
  <tag k="surface" v="concrete"/>
 </way>
 <way id="461307419" visible="true" version="1" changeset="44613786" timestamp="2016-12-23T07:27:29Z" user="DiegoJP" uid="5007434">
  <nd ref="4568210878"/>
  <nd ref="4568210879"/>
  <nd ref="4568210880"/>
  <nd ref="4568210881"/>
  <nd ref="4568210878"/>
  <tag k="leisure" v="pitch"/>
  <tag k="lit" v="yes"/>
  <tag k="sport" v="basketball"/>
  <tag k="surface" v="concrete"/>
 </way>
 <way id="461307420" visible="true" version="1" changeset="44613786" timestamp="2016-12-23T07:27:29Z" user="DiegoJP" uid="5007434">
  <nd ref="4568210882"/>
  <nd ref="4568210883"/>
  <nd ref="4568210884"/>
  <nd ref="4568210885"/>
  <nd ref="4568210882"/>
  <tag k="leisure" v="pitch"/>
  <tag k="sport" v="tennis"/>
 </way>
 <way id="461318465" visible="true" version="1" changeset="44614849" timestamp="2016-12-23T08:25:27Z" user="DiegoJP" uid="5007434">
  <nd ref="4568282871"/>
  <nd ref="4568282872"/>
  <nd ref="4568282873"/>
  <nd ref="4568282874"/>
  <nd ref="4568282871"/>
  <tag k="building" v="yes"/>
  <tag k="leisure" v="fitness_centre"/>
 </way>
 <way id="461318466" visible="true" version="1" changeset="44614849" timestamp="2016-12-23T08:25:27Z" user="DiegoJP" uid="5007434">
  <nd ref="4568282875"/>
  <nd ref="4568282876"/>
  <nd ref="4568282877"/>
  <nd ref="4568282878"/>
  <nd ref="4568282875"/>
  <tag k="amenity" v="library"/>
  <tag k="building" v="yes"/>
  <tag k="internet_access" v="yes"/>
  <tag k="internet_access:fee" v="no"/>
 </way>
 <way id="461318467" visible="true" version="2" changeset="169876203" timestamp="2025-08-02T18:46:23Z" user="Juan MAS" uid="18570611">
  <nd ref="4568282879"/>
  <nd ref="4568282880"/>
  <nd ref="4568282881"/>
  <nd ref="4568282882"/>
  <nd ref="4568282879"/>
  <tag k="amenity" v="cafe"/>
  <tag k="building" v="yes"/>
  <tag k="name" v="Cafetería"/>
 </way>
 <way id="461318468" visible="true" version="2" changeset="95446555" timestamp="2020-12-07T21:22:17Z" user="birdymaps" uid="9319541">
  <nd ref="8203440971"/>
  <nd ref="4568282884"/>
  <nd ref="8203440972"/>
  <tag k="highway" v="footway"/>
  <tag k="lit" v="yes"/>
  <tag k="surface" v="paved"/>
 </way>
 <way id="461318469" visible="true" version="5" changeset="169876203" timestamp="2025-08-02T18:46:23Z" user="Juan MAS" uid="18570611">
  <nd ref="8210183415"/>
  <nd ref="4568282885"/>
  <nd ref="4580593589"/>
  <nd ref="4568282886"/>
  <nd ref="4568285011"/>
  <nd ref="4568282887"/>
  <nd ref="4568284791"/>
  <nd ref="4568282888"/>
  <tag k="access" v="private"/>
  <tag k="highway" v="footway"/>
  <tag k="lit" v="yes"/>
  <tag k="surface" v="paved"/>
 </way>
 <way id="461318470" visible="true" version="3" changeset="169876203" timestamp="2025-08-02T18:46:23Z" user="Juan MAS" uid="18570611">
  <nd ref="4568284791"/>
  <nd ref="4568284792"/>
  <nd ref="4568285007"/>
  <nd ref="4568210821"/>
  <nd ref="4568284790"/>
  <tag k="access" v="private"/>
  <tag k="highway" v="footway"/>
  <tag k="layer" v="-1"/>
  <tag k="lit" v="yes"/>
  <tag k="surface" v="paved"/>
 </way>
 <way id="461318471" visible="true" version="2" changeset="95446555" timestamp="2020-12-07T21:22:17Z" user="birdymaps" uid="9319541">
  <nd ref="4568284792"/>
  <nd ref="4568284793"/>
  <tag k="access" v="private"/>
  <tag k="highway" v="footway"/>
  <tag k="lit" v="yes"/>
  <tag k="surface" v="paved"/>
 </way>
 <way id="461318472" visible="true" version="1" changeset="44614849" timestamp="2016-12-23T08:25:27Z" user="DiegoJP" uid="5007434">
  <nd ref="4568284794"/>
  <nd ref="4568284795"/>
  <nd ref="4568284796"/>
  <nd ref="4568284797"/>
  <nd ref="4568284794"/>
  <tag k="building" v="yes"/>
  <tag k="name" v="15"/>
 </way>
 <way id="461318473" visible="true" version="1" changeset="44614849" timestamp="2016-12-23T08:25:27Z" user="DiegoJP" uid="5007434">
  <nd ref="4568284798"/>
  <nd ref="4568284799"/>
  <nd ref="4568284800"/>
  <nd ref="4568284801"/>
  <nd ref="4568284798"/>
  <tag k="building" v="yes"/>
  <tag k="name" v="19"/>
 </way>
 <way id="461318474" visible="true" version="1" changeset="44614849" timestamp="2016-12-23T08:25:27Z" user="DiegoJP" uid="5007434">
  <nd ref="4568284802"/>
  <nd ref="4568284803"/>
  <nd ref="4568284804"/>
  <nd ref="4568284805"/>
  <nd ref="4568284898"/>
  <nd ref="4568284899"/>
  <nd ref="4568284900"/>
  <nd ref="4568284901"/>
  <nd ref="4568284802"/>
  <tag k="building" v="yes"/>
  <tag k="name" v="17"/>
 </way>
 <way id="461318475" visible="true" version="1" changeset="44614849" timestamp="2016-12-23T08:25:27Z" user="DiegoJP" uid="5007434">
  <nd ref="4568284806"/>
  <nd ref="4568284807"/>
  <nd ref="4568284808"/>
  <nd ref="4568284809"/>
  <nd ref="4568284806"/>
  <tag k="building" v="yes"/>
  <tag k="name" v="14"/>
 </way>
 <way id="461318476" visible="true" version="1" changeset="44614849" timestamp="2016-12-23T08:25:27Z" user="DiegoJP" uid="5007434">
  <nd ref="4568284810"/>
  <nd ref="4568284811"/>
  <nd ref="4568284812"/>
  <nd ref="4568284813"/>
  <nd ref="4568284810"/>
  <tag k="building" v="yes"/>
  <tag k="name" v="11"/>
 </way>
 <way id="461318477" visible="true" version="1" changeset="44614849" timestamp="2016-12-23T08:25:27Z" user="DiegoJP" uid="5007434">
  <nd ref="4568284814"/>
  <nd ref="4568284815"/>
  <nd ref="4568284816"/>
  <nd ref="4568284817"/>
  <nd ref="4568284814"/>
  <tag k="building" v="yes"/>
  <tag k="name" v="12"/>
 </way>
 <way id="461318478" visible="true" version="1" changeset="44614849" timestamp="2016-12-23T08:25:27Z" user="DiegoJP" uid="5007434">
  <nd ref="4568284818"/>
  <nd ref="4568284819"/>
  <nd ref="4568284820"/>
  <nd ref="4568284821"/>
  <nd ref="4568284818"/>
  <tag k="building" v="yes"/>
  <tag k="name" v="8"/>
 </way>
 <way id="461318479" visible="true" version="1" changeset="44614849" timestamp="2016-12-23T08:25:27Z" user="DiegoJP" uid="5007434">
  <nd ref="4568284822"/>
  <nd ref="4568284823"/>
  <nd ref="4568284824"/>
  <nd ref="4568284825"/>
  <nd ref="4568284822"/>
  <tag k="building" v="yes"/>
  <tag k="name" v="9"/>
 </way>
 <way id="461318480" visible="true" version="1" changeset="44614849" timestamp="2016-12-23T08:25:27Z" user="DiegoJP" uid="5007434">
  <nd ref="4568284826"/>
  <nd ref="4568284827"/>
  <nd ref="4568284828"/>
  <nd ref="4568284829"/>
  <nd ref="4568284826"/>
  <tag k="building" v="yes"/>
  <tag k="name" v="7"/>
 </way>
 <way id="461318481" visible="true" version="1" changeset="44614849" timestamp="2016-12-23T08:25:27Z" user="DiegoJP" uid="5007434">
  <nd ref="4568284830"/>
  <nd ref="4568284831"/>
  <nd ref="4568284832"/>
  <nd ref="4568284833"/>
  <nd ref="4568284830"/>
  <tag k="building" v="yes"/>
  <tag k="name" v="6"/>
 </way>
 <way id="461318482" visible="true" version="1" changeset="44614849" timestamp="2016-12-23T08:25:27Z" user="DiegoJP" uid="5007434">
  <nd ref="4568284834"/>
  <nd ref="4568284835"/>
  <nd ref="4568284836"/>
  <nd ref="4568284837"/>
  <nd ref="4568284834"/>
  <tag k="building" v="yes"/>
  <tag k="name" v="5"/>
 </way>
 <way id="461318483" visible="true" version="1" changeset="44614849" timestamp="2016-12-23T08:25:28Z" user="DiegoJP" uid="5007434">
  <nd ref="4568284838"/>
  <nd ref="4568284839"/>
  <nd ref="4568284840"/>
  <nd ref="4568284841"/>
  <nd ref="4568284838"/>
  <tag k="building" v="yes"/>
  <tag k="name" v="4"/>
 </way>
 <way id="461318484" visible="true" version="1" changeset="44614849" timestamp="2016-12-23T08:25:28Z" user="DiegoJP" uid="5007434">
  <nd ref="4568284842"/>
  <nd ref="4568284843"/>
  <nd ref="4568284844"/>
  <nd ref="4568284845"/>
  <nd ref="4568284842"/>
  <tag k="building" v="yes"/>
  <tag k="name" v="3"/>
 </way>
 <way id="461318485" visible="true" version="1" changeset="44614849" timestamp="2016-12-23T08:25:28Z" user="DiegoJP" uid="5007434">
  <nd ref="4568284846"/>
  <nd ref="4568284847"/>
  <nd ref="4568284848"/>
  <nd ref="4568284849"/>
  <nd ref="4568284846"/>
  <tag k="building" v="yes"/>
  <tag k="name" v="2"/>
 </way>
 <way id="461318486" visible="true" version="1" changeset="44614849" timestamp="2016-12-23T08:25:28Z" user="DiegoJP" uid="5007434">
  <nd ref="4568284850"/>
  <nd ref="4568284851"/>
  <nd ref="4568284852"/>
  <nd ref="4568284853"/>
  <nd ref="4568284850"/>
  <tag k="building" v="yes"/>
  <tag k="name" v="1"/>
 </way>
 <way id="461318487" visible="true" version="1" changeset="44614849" timestamp="2016-12-23T08:25:28Z" user="DiegoJP" uid="5007434">
  <nd ref="4568284854"/>
  <nd ref="4568284855"/>
  <nd ref="4568284856"/>
  <nd ref="4568284857"/>
  <nd ref="4568284854"/>
  <tag k="building" v="yes"/>
  <tag k="name" v="22"/>
 </way>
 <way id="461318488" visible="true" version="1" changeset="44614849" timestamp="2016-12-23T08:25:28Z" user="DiegoJP" uid="5007434">
  <nd ref="4568284858"/>
  <nd ref="4568284859"/>
  <nd ref="4568284860"/>
  <nd ref="4568284861"/>
  <nd ref="4568284858"/>
  <tag k="building" v="yes"/>
  <tag k="name" v="16"/>
 </way>
 <way id="461318489" visible="true" version="1" changeset="44614849" timestamp="2016-12-23T08:25:28Z" user="DiegoJP" uid="5007434">
  <nd ref="4568284862"/>
  <nd ref="4568284863"/>
  <nd ref="4568284864"/>
  <nd ref="4568284865"/>
  <nd ref="4568284862"/>
  <tag k="building" v="yes"/>
  <tag k="name" v="23"/>
 </way>
 <way id="461318490" visible="true" version="1" changeset="44614849" timestamp="2016-12-23T08:25:28Z" user="DiegoJP" uid="5007434">
  <nd ref="4568284866"/>
  <nd ref="4568284867"/>
  <nd ref="4568284868"/>
  <nd ref="4568284869"/>
  <nd ref="4568284866"/>
  <tag k="building" v="yes"/>
  <tag k="name" v="28"/>
 </way>
 <way id="461318491" visible="true" version="1" changeset="44614849" timestamp="2016-12-23T08:25:28Z" user="DiegoJP" uid="5007434">
  <nd ref="4568284870"/>
  <nd ref="4568284871"/>
  <nd ref="4568284872"/>
  <nd ref="4568284873"/>
  <nd ref="4568284870"/>
  <tag k="building" v="yes"/>
  <tag k="name" v="24"/>
 </way>
 <way id="461318492" visible="true" version="1" changeset="44614849" timestamp="2016-12-23T08:25:28Z" user="DiegoJP" uid="5007434">
  <nd ref="4568284874"/>
  <nd ref="4568284875"/>
  <nd ref="4568284876"/>
  <nd ref="4568284877"/>
  <nd ref="4568284874"/>
  <tag k="building" v="yes"/>
  <tag k="name" v="13"/>
 </way>
 <way id="461318493" visible="true" version="1" changeset="44614849" timestamp="2016-12-23T08:25:28Z" user="DiegoJP" uid="5007434">
  <nd ref="4568284878"/>
  <nd ref="4568284879"/>
  <nd ref="4568284880"/>
  <nd ref="4568284881"/>
  <nd ref="4568284878"/>
  <tag k="building" v="yes"/>
  <tag k="name" v="26"/>
 </way>
 <way id="461318494" visible="true" version="1" changeset="44614849" timestamp="2016-12-23T08:25:28Z" user="DiegoJP" uid="5007434">
  <nd ref="4568284882"/>
  <nd ref="4568284883"/>
  <nd ref="4568284884"/>
  <nd ref="4568284885"/>
  <nd ref="4568284882"/>
  <tag k="building" v="yes"/>
  <tag k="name" v="30"/>
 </way>
 <way id="461318495" visible="true" version="1" changeset="44614849" timestamp="2016-12-23T08:25:28Z" user="DiegoJP" uid="5007434">
  <nd ref="4568284886"/>
  <nd ref="4568284887"/>
  <nd ref="4568284888"/>
  <nd ref="4568284889"/>
  <nd ref="4568284886"/>
  <tag k="building" v="yes"/>
  <tag k="name" v="33"/>
 </way>
 <way id="461318496" visible="true" version="1" changeset="44614849" timestamp="2016-12-23T08:25:28Z" user="DiegoJP" uid="5007434">
  <nd ref="4568284890"/>
  <nd ref="4568284891"/>
  <nd ref="4568284892"/>
  <nd ref="4568284893"/>
  <nd ref="4568284890"/>
  <tag k="building" v="yes"/>
  <tag k="name" v="35"/>
 </way>
 <way id="461318497" visible="true" version="1" changeset="44614849" timestamp="2016-12-23T08:25:28Z" user="DiegoJP" uid="5007434">
  <nd ref="4568284894"/>
  <nd ref="4568284895"/>
  <nd ref="4568284896"/>
  <nd ref="4568284897"/>
  <nd ref="4568284894"/>
  <tag k="building" v="yes"/>
  <tag k="name" v="36"/>
 </way>
 <way id="461318498" visible="true" version="1" changeset="44614849" timestamp="2016-12-23T08:25:28Z" user="DiegoJP" uid="5007434">
  <nd ref="4568284902"/>
  <nd ref="4568284903"/>
  <nd ref="4568284904"/>
  <nd ref="4568284905"/>
  <nd ref="4568284902"/>
  <tag k="building" v="yes"/>
  <tag k="name" v="21"/>
 </way>
 <way id="461318499" visible="true" version="1" changeset="44614849" timestamp="2016-12-23T08:25:28Z" user="DiegoJP" uid="5007434">
  <nd ref="4568284906"/>
  <nd ref="4568284907"/>
  <nd ref="4568284908"/>
  <nd ref="4568284909"/>
  <nd ref="4568284906"/>
  <tag k="building" v="yes"/>
  <tag k="name" v="20"/>
 </way>
 <way id="461318500" visible="true" version="1" changeset="44614849" timestamp="2016-12-23T08:25:28Z" user="DiegoJP" uid="5007434">
  <nd ref="4568284910"/>
  <nd ref="4568284911"/>
  <nd ref="4568284912"/>
  <nd ref="4568284913"/>
  <nd ref="4568284910"/>
  <tag k="building" v="yes"/>
  <tag k="name" v="49"/>
 </way>
 <way id="461318501" visible="true" version="1" changeset="44614849" timestamp="2016-12-23T08:25:28Z" user="DiegoJP" uid="5007434">
  <nd ref="4568284914"/>
  <nd ref="4568284915"/>
  <nd ref="4568284916"/>
  <nd ref="4568284917"/>
  <nd ref="4568284914"/>
  <tag k="building" v="yes"/>
  <tag k="name" v="27"/>
 </way>
 <way id="461318502" visible="true" version="1" changeset="44614849" timestamp="2016-12-23T08:25:28Z" user="DiegoJP" uid="5007434">
  <nd ref="4568284918"/>
  <nd ref="4568284919"/>
  <nd ref="4568284920"/>
  <nd ref="4568284921"/>
  <nd ref="4568284918"/>
  <tag k="building" v="yes"/>
  <tag k="name" v="34"/>
 </way>
 <way id="461318503" visible="true" version="1" changeset="44614849" timestamp="2016-12-23T08:25:28Z" user="DiegoJP" uid="5007434">
  <nd ref="4568284922"/>
  <nd ref="4568284923"/>
  <nd ref="4568284924"/>
  <nd ref="4568284925"/>
  <nd ref="4568284922"/>
  <tag k="building" v="yes"/>
  <tag k="name" v="29"/>
 </way>
 <way id="461318504" visible="true" version="1" changeset="44614849" timestamp="2016-12-23T08:25:29Z" user="DiegoJP" uid="5007434">
  <nd ref="4568284926"/>
  <nd ref="4568284927"/>
  <nd ref="4568284928"/>
  <nd ref="4568284929"/>
  <nd ref="4568284926"/>
  <tag k="building" v="yes"/>
  <tag k="name" v="25"/>
 </way>
 <way id="461318505" visible="true" version="1" changeset="44614849" timestamp="2016-12-23T08:25:29Z" user="DiegoJP" uid="5007434">
  <nd ref="4568284930"/>
  <nd ref="4568284931"/>
  <nd ref="4568284932"/>
  <nd ref="4568284933"/>
  <nd ref="4568284930"/>
  <tag k="building" v="yes"/>
  <tag k="name" v="31"/>
 </way>
 <way id="461318506" visible="true" version="1" changeset="44614849" timestamp="2016-12-23T08:25:29Z" user="DiegoJP" uid="5007434">
  <nd ref="4568284934"/>
  <nd ref="4568284935"/>
  <nd ref="4568284936"/>
  <nd ref="4568284937"/>
  <nd ref="4568284934"/>
  <tag k="building" v="yes"/>
  <tag k="name" v="10"/>
 </way>
 <way id="461318507" visible="true" version="1" changeset="44614849" timestamp="2016-12-23T08:25:29Z" user="DiegoJP" uid="5007434">
  <nd ref="4568284938"/>
  <nd ref="4568284939"/>
  <nd ref="4568284940"/>
  <nd ref="4568284941"/>
  <nd ref="4568284938"/>
  <tag k="building" v="yes"/>
  <tag k="name" v="18"/>
 </way>
 <way id="461318508" visible="true" version="2" changeset="95446555" timestamp="2020-12-07T21:22:17Z" user="birdymaps" uid="9319541">
  <nd ref="4568284942"/>
  <nd ref="4568284944"/>
  <nd ref="4568284943"/>
  <tag k="access" v="private"/>
  <tag k="highway" v="footway"/>
  <tag k="lit" v="yes"/>
  <tag k="surface" v="paved"/>
 </way>
 <way id="461318509" visible="true" version="2" changeset="95446555" timestamp="2020-12-07T21:22:17Z" user="birdymaps" uid="9319541">
  <nd ref="4568210819"/>
  <nd ref="4568284944"/>
  <tag k="access" v="private"/>
  <tag k="highway" v="footway"/>
  <tag k="lit" v="yes"/>
  <tag k="surface" v="paved"/>
 </way>
 <way id="461318510" visible="true" version="1" changeset="44614849" timestamp="2016-12-23T08:25:29Z" user="DiegoJP" uid="5007434">
  <nd ref="4568284948"/>
  <nd ref="4568284949"/>
  <nd ref="4568284950"/>
  <nd ref="4568284951"/>
  <nd ref="4568284948"/>
  <tag k="leisure" v="park"/>
 </way>
 <way id="461318511" visible="true" version="1" changeset="44614849" timestamp="2016-12-23T08:25:29Z" user="DiegoJP" uid="5007434">
  <nd ref="4568284952"/>
  <nd ref="4568284953"/>
  <nd ref="4568284954"/>
  <nd ref="4568284955"/>
  <nd ref="4568284956"/>
  <nd ref="4568284957"/>
  <nd ref="4568284952"/>
  <tag k="leisure" v="park"/>
 </way>
 <way id="461318512" visible="true" version="1" changeset="44614849" timestamp="2016-12-23T08:25:29Z" user="DiegoJP" uid="5007434">
  <nd ref="4568284958"/>
  <nd ref="4568284959"/>
  <nd ref="4568284960"/>
  <nd ref="4568284961"/>
  <nd ref="4568284962"/>
  <nd ref="4568284963"/>
  <nd ref="4568284964"/>
  <nd ref="4568284969"/>
  <nd ref="4568284968"/>
  <nd ref="4568284967"/>
  <nd ref="4568284966"/>
  <nd ref="4568284965"/>
  <nd ref="4568284958"/>
  <tag k="leisure" v="park"/>
 </way>
 <way id="461318513" visible="true" version="2" changeset="169876203" timestamp="2025-08-02T18:46:23Z" user="Juan MAS" uid="18570611">
  <nd ref="4568284970"/>
  <nd ref="4568284971"/>
  <nd ref="4568284972"/>
  <nd ref="13043417016"/>
  <nd ref="4568284973"/>
  <nd ref="13043417015"/>
  <nd ref="4568284970"/>
  <tag k="building" v="yes"/>
  <tag k="name" v="45"/>
 </way>
 <way id="461318514" visible="true" version="1" changeset="44614849" timestamp="2016-12-23T08:25:29Z" user="DiegoJP" uid="5007434">
  <nd ref="4568284974"/>
  <nd ref="4568284975"/>
  <nd ref="4568284976"/>
  <nd ref="4568284977"/>
  <nd ref="4568284974"/>
  <tag k="building" v="yes"/>
  <tag k="name" v="41"/>
 </way>
 <way id="461318515" visible="true" version="1" changeset="44614849" timestamp="2016-12-23T08:25:29Z" user="DiegoJP" uid="5007434">
  <nd ref="4568284978"/>
  <nd ref="4568284979"/>
  <nd ref="4568284980"/>
  <nd ref="4568284981"/>
  <nd ref="4568284978"/>
  <tag k="building" v="yes"/>
  <tag k="name" v="51"/>
 </way>
 <way id="461318516" visible="true" version="2" changeset="169876203" timestamp="2025-08-02T18:46:23Z" user="Juan MAS" uid="18570611">
  <nd ref="4568284982"/>
  <nd ref="4568284983"/>
  <nd ref="4568284984"/>
  <nd ref="4568284985"/>
  <nd ref="4568284982"/>
 </way>
 <way id="461318517" visible="true" version="1" changeset="44614849" timestamp="2016-12-23T08:25:29Z" user="DiegoJP" uid="5007434">
  <nd ref="4568284986"/>
  <nd ref="4568284987"/>
  <nd ref="4568284988"/>
  <nd ref="4568284989"/>
  <nd ref="4568284986"/>
  <tag k="building" v="yes"/>
  <tag k="name" v="53"/>
 </way>
 <way id="461318518" visible="true" version="1" changeset="44614849" timestamp="2016-12-23T08:25:29Z" user="DiegoJP" uid="5007434">
  <nd ref="4568284990"/>
  <nd ref="4568284991"/>
  <nd ref="4568284992"/>
  <nd ref="4568284993"/>
  <nd ref="4568284990"/>
  <tag k="leisure" v="park"/>
 </way>
 <way id="461318519" visible="true" version="1" changeset="44614849" timestamp="2016-12-23T08:25:29Z" user="DiegoJP" uid="5007434">
  <nd ref="4568284994"/>
  <nd ref="4568284995"/>
  <nd ref="4568284996"/>
  <nd ref="4568285002"/>
  <nd ref="4568285003"/>
  <nd ref="4568284997"/>
  <nd ref="4568285001"/>
  <nd ref="4568285000"/>
  <nd ref="4568284999"/>
  <nd ref="4568284998"/>
  <nd ref="4568284994"/>
  <tag k="leisure" v="park"/>
 </way>
 <way id="461318520" visible="true" version="3" changeset="169876203" timestamp="2025-08-02T18:46:23Z" user="Juan MAS" uid="18570611">
  <nd ref="4568285013"/>
  <nd ref="4568285012"/>
  <nd ref="4568285004"/>
  <nd ref="4568285005"/>
  <nd ref="4568285006"/>
  <nd ref="4568285013"/>
  <tag k="access" v="private"/>
  <tag k="highway" v="footway"/>
  <tag k="lit" v="yes"/>
  <tag k="surface" v="paved"/>
 </way>
 <way id="461318521" visible="true" version="3" changeset="169876203" timestamp="2025-08-02T18:46:23Z" user="Juan MAS" uid="18570611">
  <nd ref="4568285009"/>
  <nd ref="4568210795"/>
  <nd ref="4568210796"/>
  <tag k="access" v="private"/>
  <tag k="highway" v="footway"/>
  <tag k="lit" v="yes"/>
  <tag k="surface" v="paved"/>
 </way>
 <way id="461318522" visible="true" version="2" changeset="95446555" timestamp="2020-12-07T21:22:17Z" user="birdymaps" uid="9319541">
  <nd ref="4568285010"/>
  <nd ref="4568285014"/>
  <nd ref="4568285011"/>
  <tag k="access" v="private"/>
  <tag k="highway" v="footway"/>
  <tag k="lit" v="yes"/>
  <tag k="surface" v="paved"/>
 </way>
 <way id="461318525" visible="true" version="5" changeset="169876203" timestamp="2025-08-02T18:46:23Z" user="Juan MAS" uid="18570611">
  <nd ref="4568210795"/>
  <nd ref="7221522123"/>
  <nd ref="4568327109"/>
  <nd ref="4568285021"/>
  <nd ref="4568285033"/>
  <nd ref="4568285028"/>
  <nd ref="4568285027"/>
  <nd ref="4568285016"/>
  <nd ref="4568285015"/>
  <nd ref="13043417014"/>
  <nd ref="4568327112"/>
  <tag k="access" v="private"/>
  <tag k="highway" v="footway"/>
  <tag k="layer" v="-1"/>
  <tag k="lit" v="yes"/>
  <tag k="surface" v="paved"/>
 </way>
 <way id="461318526" visible="true" version="2" changeset="95446555" timestamp="2020-12-07T21:22:17Z" user="birdymaps" uid="9319541">
  <nd ref="4568285016"/>
  <nd ref="4568285025"/>
  <nd ref="4568285017"/>
  <nd ref="4568285018"/>
  <nd ref="4568285019"/>
  <nd ref="4568285020"/>
  <nd ref="4568285022"/>
  <nd ref="4568285021"/>
  <tag k="access" v="private"/>
  <tag k="highway" v="footway"/>
  <tag k="lit" v="yes"/>
  <tag k="surface" v="paved"/>
 </way>
 <way id="461318527" visible="true" version="2" changeset="95446555" timestamp="2020-12-07T21:22:17Z" user="birdymaps" uid="9319541">
  <nd ref="4568285022"/>
  <nd ref="4568285023"/>
  <nd ref="4568285024"/>
  <nd ref="4568285026"/>
  <nd ref="4568285025"/>
  <tag k="access" v="private"/>
  <tag k="highway" v="footway"/>
  <tag k="lit" v="yes"/>
  <tag k="surface" v="paved"/>
 </way>
 <way id="461318528" visible="true" version="2" changeset="95446555" timestamp="2020-12-07T21:22:17Z" user="birdymaps" uid="9319541">
  <nd ref="4568285026"/>
  <nd ref="4568285027"/>
  <tag k="access" v="private"/>
  <tag k="highway" v="footway"/>
  <tag k="lit" v="yes"/>
  <tag k="surface" v="paved"/>
 </way>
 <way id="461318529" visible="true" version="4" changeset="95446555" timestamp="2020-12-07T21:22:17Z" user="birdymaps" uid="9319541">
  <nd ref="4568285028"/>
  <nd ref="4568285034"/>
  <nd ref="4568285029"/>
  <nd ref="4580593365"/>
  <nd ref="4580593366"/>
  <nd ref="4580593367"/>
  <nd ref="4580593589"/>
  <tag k="access" v="private"/>
  <tag k="highway" v="footway"/>
  <tag k="lit" v="yes"/>
  <tag k="surface" v="paved"/>
 </way>
 <way id="461318530" visible="true" version="4" changeset="169876203" timestamp="2025-08-02T18:46:23Z" user="Juan MAS" uid="18570611">
  <nd ref="4580593365"/>
  <nd ref="4580593371"/>
  <nd ref="4568285035"/>
  <nd ref="4580593364"/>
  <nd ref="4568285033"/>
  <tag k="access" v="private"/>
  <tag k="highway" v="footway"/>
  <tag k="layer" v="-1"/>
  <tag k="lit" v="yes"/>
  <tag k="surface" v="paved"/>
 </way>
 <way id="461318531" visible="true" version="2" changeset="95446555" timestamp="2020-12-07T21:22:17Z" user="birdymaps" uid="9319541">
  <nd ref="4568285034"/>
  <nd ref="4568285035"/>
  <tag k="access" v="private"/>
  <tag k="highway" v="footway"/>
  <tag k="lit" v="yes"/>
  <tag k="surface" v="paved"/>
 </way>
 <way id="461318532" visible="true" version="4" changeset="169876203" timestamp="2025-08-02T18:46:23Z" user="Juan MAS" uid="18570611">
  <nd ref="4568285036"/>
  <nd ref="4568285037"/>
  <nd ref="4580593373"/>
  <nd ref="4568285038"/>
  <nd ref="4568285043"/>
  <nd ref="4568285039"/>
  <nd ref="4568285052"/>
  <nd ref="4568285055"/>
  <nd ref="4568285060"/>
  <nd ref="4568285057"/>
  <nd ref="4568285040"/>
  <nd ref="4568285041"/>
  <nd ref="4568285042"/>
  <tag k="access" v="private"/>
  <tag k="highway" v="footway"/>
  <tag k="lit" v="yes"/>
  <tag k="surface" v="paved"/>
 </way>
 <way id="461318533" visible="true" version="2" changeset="95446555" timestamp="2020-12-07T21:22:17Z" user="birdymaps" uid="9319541">
  <nd ref="4568285043"/>
  <nd ref="4568285047"/>
  <nd ref="4568285044"/>
  <nd ref="4568285045"/>
  <nd ref="4568285046"/>
  <nd ref="4568285047"/>
  <tag k="access" v="private"/>
  <tag k="highway" v="footway"/>
  <tag k="lit" v="yes"/>
  <tag k="surface" v="paved"/>
 </way>
 <way id="461318534" visible="true" version="1" changeset="44614849" timestamp="2016-12-23T08:25:30Z" user="DiegoJP" uid="5007434">
  <nd ref="4568285048"/>
  <nd ref="4568285049"/>
  <nd ref="4568285050"/>
  <nd ref="4568285051"/>
  <nd ref="4568285048"/>
  <tag k="building" v="yes"/>
  <tag k="name" v="38"/>
 </way>
 <way id="461318535" visible="true" version="2" changeset="95446555" timestamp="2020-12-07T21:22:17Z" user="birdymaps" uid="9319541">
  <nd ref="4568285052"/>
  <nd ref="4568285053"/>
  <nd ref="4568285056"/>
  <nd ref="4568285054"/>
  <nd ref="4568285041"/>
  <tag k="access" v="private"/>
  <tag k="highway" v="footway"/>
  <tag k="surface" v="paved"/>
 </way>
 <way id="461318536" visible="true" version="2" changeset="95446555" timestamp="2020-12-07T21:22:17Z" user="birdymaps" uid="9319541">
  <nd ref="4568285055"/>
  <nd ref="4568285056"/>
  <tag k="access" v="private"/>
  <tag k="highway" v="footway"/>
  <tag k="lit" v="yes"/>
  <tag k="surface" v="paved"/>
 </way>
 <way id="461318537" visible="true" version="2" changeset="95446555" timestamp="2020-12-07T21:22:17Z" user="birdymaps" uid="9319541">
  <nd ref="4568285057"/>
  <nd ref="4568285058"/>
  <nd ref="4568285059"/>
  <nd ref="4568285061"/>
  <nd ref="4568285060"/>
  <tag k="access" v="private"/>
  <tag k="highway" v="footway"/>
  <tag k="lit" v="yes"/>
  <tag k="surface" v="paved"/>
 </way>
 <way id="461318538" visible="true" version="3" changeset="169876203" timestamp="2025-08-02T18:46:23Z" user="Juan MAS" uid="18570611">
  <nd ref="4568285061"/>
  <nd ref="4568285062"/>
  <nd ref="4568285064"/>
  <nd ref="4568285063"/>
  <tag k="access" v="private"/>
  <tag k="highway" v="footway"/>
  <tag k="lit" v="yes"/>
  <tag k="surface" v="paved"/>
 </way>
 <way id="461318539" visible="true" version="3" changeset="169876203" timestamp="2025-08-02T18:46:23Z" user="Juan MAS" uid="18570611">
  <nd ref="4568285064"/>
  <nd ref="4568285067"/>
  <nd ref="4568285065"/>
  <tag k="access" v="private"/>
  <tag k="highway" v="footway"/>
  <tag k="lit" v="yes"/>
  <tag k="surface" v="paved"/>
 </way>
 <way id="461318540" visible="true" version="3" changeset="169876203" timestamp="2025-08-02T18:46:23Z" user="Juan MAS" uid="18570611">
  <nd ref="4568285070"/>
  <nd ref="4568285069"/>
  <nd ref="4568210815"/>
  <nd ref="4568210816"/>
  <tag k="access" v="private"/>
  <tag k="highway" v="footway"/>
  <tag k="lit" v="yes"/>
  <tag k="surface" v="paved"/>
 </way>
 <way id="461318541" visible="true" version="3" changeset="169876203" timestamp="2025-08-02T18:46:23Z" user="Juan MAS" uid="18570611">
  <nd ref="4568210801"/>
  <nd ref="4568210802"/>
  <nd ref="4568285036"/>
  <nd ref="4568285063"/>
  <nd ref="4568285070"/>
  <tag k="access" v="private"/>
  <tag k="highway" v="footway"/>
  <tag k="lit" v="yes"/>
  <tag k="surface" v="paved"/>
 </way>
 <way id="461318542" visible="true" version="3" changeset="169876203" timestamp="2025-08-02T18:46:23Z" user="Juan MAS" uid="18570611">
  <nd ref="4568285072"/>
  <nd ref="4568285073"/>
  <nd ref="4568285075"/>
  <nd ref="4568285074"/>
  <tag k="access" v="private"/>
  <tag k="highway" v="footway"/>
  <tag k="layer" v="-1"/>
  <tag k="lit" v="yes"/>
  <tag k="surface" v="paved"/>
 </way>
 <way id="461318543" visible="true" version="2" changeset="95446555" timestamp="2020-12-07T21:22:17Z" user="birdymaps" uid="9319541">
  <nd ref="4568285075"/>
  <nd ref="4568285081"/>
  <nd ref="4568285076"/>
  <nd ref="4568285077"/>
  <nd ref="4568285078"/>
  <nd ref="4568285079"/>
  <nd ref="4568285080"/>
  <tag k="access" v="private"/>
  <tag k="highway" v="footway"/>
  <tag k="lit" v="yes"/>
  <tag k="surface" v="paved"/>
 </way>
 <way id="461318544" visible="true" version="2" changeset="95446555" timestamp="2020-12-07T21:22:17Z" user="birdymaps" uid="9319541">
  <nd ref="4568285078"/>
  <nd ref="4568285081"/>
  <tag k="access" v="private"/>
  <tag k="highway" v="footway"/>
  <tag k="lit" v="yes"/>
  <tag k="surface" v="paved"/>
 </way>
 <way id="461318545" visible="true" version="1" changeset="44614849" timestamp="2016-12-23T08:25:31Z" user="DiegoJP" uid="5007434">
  <nd ref="4568285082"/>
  <nd ref="4568285083"/>
  <nd ref="4568285084"/>
  <nd ref="4568285085"/>
  <nd ref="4568285086"/>
  <nd ref="4568285087"/>
  <nd ref="4568285088"/>
  <nd ref="4568285089"/>
  <nd ref="4568285090"/>
  <nd ref="4568285091"/>
  <nd ref="4568285082"/>
  <tag k="leisure" v="pitch"/>
  <tag k="sport" v="baseball"/>
 </way>
 <way id="461318546" visible="true" version="1" changeset="44614849" timestamp="2016-12-23T08:25:31Z" user="DiegoJP" uid="5007434">
  <nd ref="4568285092"/>
  <nd ref="4568285093"/>
  <nd ref="4568285094"/>
  <nd ref="4568285095"/>
  <nd ref="4568285092"/>
  <tag k="leisure" v="park"/>
 </way>
 <way id="461324458" visible="true" version="6" changeset="100258931" timestamp="2021-03-02T08:09:44Z" user="BeniHammad" uid="10461114">
  <nd ref="8203440973"/>
  <nd ref="8478266268"/>
  <nd ref="4568327103"/>
  <nd ref="4568327113"/>
  <nd ref="7221522123"/>
  <nd ref="4568327104"/>
  <nd ref="8478266270"/>
  <nd ref="8478266269"/>
  <nd ref="4568327105"/>
  <tag k="access" v="private"/>
  <tag k="highway" v="service"/>
  <tag k="oneway" v="yes"/>
  <tag k="surface" v="concrete"/>
 </way>
 <way id="461324461" visible="true" version="5" changeset="104533515" timestamp="2021-05-11T20:06:36Z" user="BlueButterfly" uid="11601527">
  <nd ref="4568327105"/>
  <nd ref="8478266271"/>
  <nd ref="8478266273"/>
  <nd ref="8478266272"/>
  <nd ref="4568327108"/>
  <nd ref="8722887519"/>
  <nd ref="4568327110"/>
  <nd ref="8722887520"/>
  <nd ref="4568327111"/>
  <tag k="access" v="private"/>
  <tag k="highway" v="service"/>
  <tag k="oneway" v="yes"/>
 </way>
 <way id="461324462" visible="true" version="3" changeset="101154539" timestamp="2021-03-17T04:24:36Z" user="BeniHammad" uid="10461114">
  <nd ref="4568327106"/>
  <nd ref="4568327112"/>
  <tag k="access" v="private"/>
  <tag k="highway" v="service"/>
  <tag k="oneway" v="no"/>
 </way>
 <way id="461324467" visible="true" version="6" changeset="104533515" timestamp="2021-05-11T20:06:36Z" user="BlueButterfly" uid="11601527">
  <nd ref="4568327124"/>
  <nd ref="8431012307"/>
  <nd ref="4568327127"/>
  <nd ref="8722885709"/>
  <nd ref="4568327126"/>
  <tag k="access" v="private"/>
  <tag k="highway" v="service"/>
  <tag k="oneway" v="no"/>
  <tag k="surface" v="concrete"/>
 </way>
 <way id="461324469" visible="true" version="3" changeset="99430915" timestamp="2021-02-17T07:38:43Z" user="AlumRock" uid="10353523">
  <nd ref="4568327127"/>
  <nd ref="4568327128"/>
  <nd ref="4568327129"/>
  <tag k="access" v="private"/>
  <tag k="highway" v="service"/>
  <tag k="oneway" v="no"/>
 </way>
 <way id="462692645" visible="true" version="2" changeset="125856511" timestamp="2022-09-06T12:17:56Z" user="Gustavo22Soares" uid="10460642">
  <nd ref="4580593351"/>
  <nd ref="4580593352"/>
  <nd ref="4580593353"/>
  <nd ref="4580593354"/>
  <nd ref="4580593355"/>
  <nd ref="4580593356"/>
  <nd ref="4580593370"/>
  <nd ref="4580593357"/>
  <nd ref="4580593358"/>
  <nd ref="4580593359"/>
  <nd ref="4580593360"/>
  <nd ref="4580593361"/>
  <nd ref="4580593362"/>
  <nd ref="4580593363"/>
  <nd ref="4580593364"/>
  <nd ref="4580593371"/>
  <nd ref="4580593365"/>
  <nd ref="4580593366"/>
  <nd ref="4580593367"/>
  <nd ref="4580593368"/>
  <nd ref="4580593369"/>
  <nd ref="4580593351"/>
  <tag k="access" v="private"/>
  <tag k="amenity" v="parking"/>
  <tag k="fee" v="no"/>
  <tag k="parking" v="surface"/>
  <tag k="supervised" v="yes"/>
 </way>
 <way id="462692646" visible="true" version="3" changeset="125856517" timestamp="2022-09-06T12:18:00Z" user="Gustavo22Soares" uid="10460642">
  <nd ref="4580593372"/>
  <nd ref="4580593373"/>
  <nd ref="4580593374"/>
  <nd ref="4580593375"/>
  <nd ref="4580593376"/>
  <nd ref="4580593377"/>
  <nd ref="4580593378"/>
  <nd ref="4580593379"/>
  <nd ref="4580593380"/>
  <nd ref="4580593381"/>
  <nd ref="8557726179"/>
  <nd ref="8557726180"/>
  <nd ref="4580593382"/>
  <nd ref="8557726187"/>
  <nd ref="4580593383"/>
  <nd ref="8557726186"/>
  <nd ref="8557726185"/>
  <nd ref="8557726184"/>
  <nd ref="8557726183"/>
  <nd ref="8557726182"/>
  <nd ref="8557726181"/>
  <nd ref="4580593384"/>
  <nd ref="4580593385"/>
  <nd ref="4580593386"/>
  <nd ref="4580593387"/>
  <nd ref="4580593388"/>
  <nd ref="4580593372"/>
  <tag k="amenity" v="parking"/>
 </way>
 <way id="484138726" visible="true" version="3" changeset="58989994" timestamp="2018-05-15T16:17:31Z" user="stromo" uid="8234383">
  <nd ref="4768735400"/>
  <nd ref="4768735401"/>
  <nd ref="4768735402"/>
  <nd ref="5110524440"/>
  <nd ref="4768735403"/>
  <nd ref="4768735404"/>
  <nd ref="5110524435"/>
  <nd ref="5110524436"/>
  <nd ref="5110524434"/>
  <nd ref="5110524433"/>
  <nd ref="5110524432"/>
  <nd ref="5110524437"/>
  <nd ref="5110524438"/>
  <nd ref="5110524441"/>
  <nd ref="4768735405"/>
  <nd ref="4768735400"/>
  <tag k="name" v="Parque Puebla"/>
  <tag k="operator" v="Fibra Dahanos"/>
  <tag k="shop" v="mall"/>
 </way>
 <way id="484597239" visible="true" version="4" changeset="81426164" timestamp="2020-02-24T23:02:42Z" user="(Inactive) RouteRob" uid="10085022">
  <nd ref="4773472728"/>
  <nd ref="4773491583"/>
  <nd ref="4773479933"/>
  <nd ref="4773479932"/>
  <nd ref="4773472729"/>
  <tag k="alt_name" v="Andador Balcbek"/>
  <tag k="highway" v="pedestrian"/>
  <tag k="lit" v="yes"/>
  <tag k="name" v="Andador Baalbek"/>
  <tag k="width" v="0"/>
 </way>
 <way id="525300467" visible="true" version="3" changeset="172852084" timestamp="2025-10-05T03:09:37Z" user="tanzwiese" uid="10107184">
  <nd ref="5110524442"/>
  <nd ref="5110524443"/>
  <nd ref="5110524444"/>
  <nd ref="5110524461"/>
  <nd ref="5110524445"/>
  <nd ref="5110524442"/>
  <tag k="brand" v="Liverpool"/>
  <tag k="brand:wikidata" v="Q1143318"/>
  <tag k="building" v="yes"/>
  <tag k="contact:email" v="atencion@liverpool.com.mx"/>
  <tag k="contact:facebook" v="https://www.facebook.com/liverpoolmexico"/>
  <tag k="contact:instagram" v="https://www.instagram.com/liverpool_mexico"/>
  <tag k="contact:linkedin" v="https://mx.linkedin.com/company/elpuertodeliverpool"/>
  <tag k="contact:phone" v="+52 222 689 3600"/>
  <tag k="contact:twitter" v="https://twitter.com/liverpoolmexico"/>
  <tag k="contact:website" v="https://www.liverpool.com.mx/tienda/home"/>
  <tag k="contact:youtube" v="https://www.youtube.com/@liverpoolmexico"/>
  <tag k="name" v="Liverpool"/>
  <tag k="opening_hours" v="Mo-Su 11:00-21:00"/>
  <tag k="shop" v="department_store"/>
  <tag k="tiktok" v="https://www.tiktok.com/@liverpool_mexico"/>
 </way>
 <way id="525300468" visible="true" version="1" changeset="52110186" timestamp="2017-09-17T07:09:08Z" user="Yortch" uid="6643536">
  <nd ref="5110524446"/>
  <nd ref="5110524447"/>
  <nd ref="5110524467"/>
  <nd ref="5110524448"/>
  <nd ref="5110524449"/>
  <nd ref="5110524446"/>
  <tag k="building" v="yes"/>
  <tag k="name" v="Sears"/>
  <tag k="shop" v="mall"/>
 </way>
 <way id="525300469" visible="true" version="1" changeset="52110186" timestamp="2017-09-17T07:09:08Z" user="Yortch" uid="6643536">
  <nd ref="5110524447"/>
  <nd ref="5110524450"/>
  <nd ref="5110524451"/>
  <nd ref="5110524452"/>
  <nd ref="5110524453"/>
  <nd ref="5110524454"/>
  <nd ref="5110524455"/>
  <nd ref="5110524456"/>
  <nd ref="5110524457"/>
  <nd ref="5110524458"/>
  <nd ref="5110524459"/>
  <nd ref="5110524460"/>
  <nd ref="5110524461"/>
  <nd ref="5110524445"/>
  <nd ref="5110524462"/>
  <nd ref="5110524463"/>
  <nd ref="5110524464"/>
  <nd ref="5110524465"/>
  <nd ref="5110524466"/>
  <nd ref="5110524448"/>
  <nd ref="5110524467"/>
  <nd ref="5110524447"/>
  <tag k="building" v="yes"/>
  <tag k="shop" v="mall"/>
 </way>
 <way id="525307598" visible="true" version="2" changeset="98607810" timestamp="2021-02-03T00:58:32Z" user="MayteMR1" uid="12595247">
  <nd ref="1825839087"/>
  <nd ref="5110570363"/>
  <nd ref="5110570364"/>
  <nd ref="5110570365"/>
  <nd ref="5110570366"/>
  <nd ref="8388968799"/>
  <nd ref="8388968801"/>
  <nd ref="8388968802"/>
  <nd ref="5110570367"/>
  <nd ref="5110570368"/>
  <nd ref="5110570369"/>
  <nd ref="5110570370"/>
  <nd ref="5110570371"/>
  <nd ref="1825839087"/>
  <tag k="landuse" v="industrial"/>
 </way>
 <way id="541251480" visible="true" version="1" changeset="53863080" timestamp="2017-11-17T03:42:30Z" user="can't be blank has already been taken" uid="7001564">
  <nd ref="4768735403"/>
  <nd ref="4768735404"/>
  <nd ref="5110524435"/>
  <nd ref="5110524436"/>
  <nd ref="5234112447"/>
  <nd ref="5234112448"/>
  <nd ref="5234112449"/>
  <nd ref="5234112450"/>
  <nd ref="5110524440"/>
  <nd ref="4768735403"/>
  <tag k="amenity" v="parking"/>
 </way>
 <way id="551152387" visible="true" version="1" changeset="55198966" timestamp="2018-01-05T21:58:37Z" user="Manuel Moratilla" uid="7425031">
  <nd ref="5322796629"/>
  <nd ref="5322796630"/>
  <nd ref="5322796631"/>
  <nd ref="5322796632"/>
  <nd ref="5322796633"/>
  <nd ref="5322796634"/>
  <nd ref="5322796635"/>
  <nd ref="5322796636"/>
  <nd ref="5322796637"/>
  <nd ref="5322796638"/>
  <nd ref="5322796629"/>
  <tag k="landuse" v="grass"/>
 </way>
 <way id="551152388" visible="true" version="1" changeset="55198966" timestamp="2018-01-05T21:58:37Z" user="Manuel Moratilla" uid="7425031">
  <nd ref="5322796639"/>
  <nd ref="5322796640"/>
  <nd ref="5322796641"/>
  <nd ref="5322796642"/>
  <nd ref="5322796639"/>
  <tag k="leisure" v="pitch"/>
  <tag k="sport" v="beachvolleyball"/>
  <tag k="surface" v="sand"/>
 </way>
 <way id="623590211" visible="true" version="14" changeset="104533515" timestamp="2021-05-11T20:06:36Z" user="BlueButterfly" uid="11601527">
  <nd ref="522995971"/>
  <nd ref="3886663001"/>
  <nd ref="8722885692"/>
  <nd ref="410053500"/>
  <nd ref="8431012301"/>
  <nd ref="8203450016"/>
  <nd ref="8203449987"/>
  <nd ref="8203449989"/>
  <nd ref="410053501"/>
  <nd ref="7596027997"/>
  <nd ref="7596028000"/>
  <nd ref="8203521719"/>
  <nd ref="7596028001"/>
  <nd ref="7596028002"/>
  <nd ref="410053502"/>
  <nd ref="7596028003"/>
  <nd ref="8203450009"/>
  <nd ref="8203450010"/>
  <tag k="alt_name" v="Avenida del Tecnológico"/>
  <tag k="highway" v="tertiary"/>
  <tag k="lanes" v="3"/>
  <tag k="name" v="Avenida Tecnológico"/>
  <tag k="oneway" v="yes"/>
  <tag k="surface" v="asphalt"/>
 </way>
 <way id="623934385" visible="true" version="2" changeset="81141633" timestamp="2020-02-18T01:23:49Z" user="natureandchill" uid="9565120">
  <nd ref="410054152"/>
  <nd ref="410054144"/>
  <tag k="alt_name" v="Calle Sierra Morena"/>
  <tag k="highway" v="residential"/>
  <tag k="name" v="Retorno Sierra Morena"/>
 </way>
 <way id="623934389" visible="true" version="4" changeset="95497634" timestamp="2020-12-08T15:52:38Z" user="ReedtheRiver" uid="9965337">
  <nd ref="522996004"/>
  <nd ref="410054445"/>
  <nd ref="410054443"/>
  <nd ref="410054442"/>
  <nd ref="522996743"/>
  <tag k="highway" v="residential"/>
  <tag k="name" v="Calle Cordillera del Aconcagua"/>
  <tag k="oneway" v="yes"/>
  <tag k="surface" v="asphalt"/>
 </way>
 <way id="623934391" visible="true" version="8" changeset="104585596" timestamp="2021-05-12T16:28:15Z" user="BlueButterfly" uid="11601527">
  <nd ref="522996773"/>
  <nd ref="8725668006"/>
  <nd ref="8448441248"/>
  <nd ref="8448441247"/>
  <nd ref="522996768"/>
  <nd ref="410053790"/>
  <nd ref="8478342037"/>
  <nd ref="410053818"/>
  <nd ref="7209521129"/>
  <tag k="alt_name" v="Calle Sierra Montés Urales"/>
  <tag k="highway" v="residential"/>
  <tag k="name" v="Avenida Montes Urales"/>
  <tag k="oneway" v="yes"/>
  <tag k="surface" v="asphalt"/>
 </way>
 <way id="623934392" visible="true" version="7" changeset="100259459" timestamp="2021-03-02T08:15:59Z" user="Umdloti" uid="10278829">
  <nd ref="7209521130"/>
  <nd ref="410053850"/>
  <nd ref="8160483269"/>
  <nd ref="3662297116"/>
  <nd ref="8478287187"/>
  <nd ref="522996770"/>
  <tag k="alt_name" v="Calle Sierra Montés Urales"/>
  <tag k="highway" v="residential"/>
  <tag k="name" v="Avenida Montes Urales"/>
  <tag k="oneway" v="yes"/>
  <tag k="surface" v="asphalt"/>
 </way>
 <way id="623934395" visible="true" version="5" changeset="106837928" timestamp="2021-06-23T12:20:38Z" user="Dublarchar" uid="12652995">
  <nd ref="410053545"/>
  <nd ref="522996004"/>
  <nd ref="8860103205"/>
  <nd ref="410053530"/>
  <tag k="alt_name" v="Calle Sierra Montés Urales"/>
  <tag k="highway" v="residential"/>
  <tag k="name" v="Avenida Montes Urales"/>
  <tag k="oneway" v="yes"/>
  <tag k="surface" v="asphalt"/>
 </way>
 <way id="623934399" visible="true" version="13" changeset="115344411" timestamp="2021-12-24T18:35:19Z" user="Tzene19" uid="10228239">
  <nd ref="410053576"/>
  <nd ref="1656278094"/>
  <nd ref="410053577"/>
  <nd ref="1656278091"/>
  <nd ref="8726193301"/>
  <nd ref="8185400995"/>
  <nd ref="410053715"/>
  <nd ref="8726193302"/>
  <nd ref="1656278090"/>
  <nd ref="7578145160"/>
  <nd ref="1656278088"/>
  <nd ref="7120323869"/>
  <nd ref="8207400116"/>
  <nd ref="8452782693"/>
  <nd ref="8207400115"/>
  <nd ref="8452782690"/>
  <nd ref="8207400113"/>
  <nd ref="8474715677"/>
  <nd ref="8159684561"/>
  <nd ref="8159684558"/>
  <nd ref="410053523"/>
  <nd ref="410053538"/>
  <nd ref="410053720"/>
  <nd ref="9364228662"/>
  <nd ref="8185400989"/>
  <nd ref="8478342065"/>
  <nd ref="9364228660"/>
  <nd ref="8162029996"/>
  <nd ref="8478342057"/>
  <nd ref="410053722"/>
  <tag k="highway" v="tertiary"/>
  <tag k="lanes" v="2"/>
  <tag k="name" v="Avenida Unidad Deportiva"/>
  <tag k="oneway" v="yes"/>
  <tag k="surface" v="asphalt"/>
 </way>
 <way id="626402183" visible="true" version="3" changeset="169876203" timestamp="2025-08-02T18:46:23Z" user="Juan MAS" uid="18570611">
  <nd ref="5913697141"/>
  <nd ref="4568210814"/>
  <nd ref="4568210815"/>
  <tag k="access" v="private"/>
  <tag k="highway" v="footway"/>
  <tag k="lit" v="yes"/>
  <tag k="surface" v="paved"/>
 </way>
 <way id="626402186" visible="true" version="3" changeset="169876203" timestamp="2025-08-02T18:46:23Z" user="Juan MAS" uid="18570611">
  <nd ref="4568210818"/>
  <nd ref="4568210819"/>
  <nd ref="4568210820"/>
  <nd ref="4568284943"/>
  <nd ref="4568284789"/>
  <nd ref="4568210821"/>
  <tag k="access" v="private"/>
  <tag k="highway" v="footway"/>
  <tag k="layer" v="-1"/>
  <tag k="lit" v="yes"/>
  <tag k="surface" v="paved"/>
 </way>
 <way id="645601392" visible="true" version="1" changeset="64594442" timestamp="2018-11-17T12:00:24Z" user="stadiaarcadia" uid="8570285">
  <nd ref="6068352414"/>
  <nd ref="6068352415"/>
  <nd ref="6068352416"/>
  <nd ref="6068352417"/>
  <nd ref="6068352418"/>
  <nd ref="6068352419"/>
  <nd ref="6068352420"/>
  <nd ref="6068352421"/>
  <nd ref="6068352422"/>
  <nd ref="6068352423"/>
  <nd ref="6068352424"/>
  <nd ref="6068352425"/>
  <nd ref="6068352426"/>
  <nd ref="6068352427"/>
  <nd ref="6068352428"/>
  <nd ref="6068352429"/>
  <nd ref="6068352430"/>
  <nd ref="6068352431"/>
  <nd ref="6068352432"/>
  <nd ref="6068352433"/>
  <nd ref="6068352434"/>
  <nd ref="6068352435"/>
  <nd ref="6068352436"/>
  <nd ref="6068352414"/>
 </way>
 <way id="645601393" visible="true" version="1" changeset="64594442" timestamp="2018-11-17T12:00:24Z" user="stadiaarcadia" uid="8570285">
  <nd ref="6068352437"/>
  <nd ref="6068352438"/>
  <nd ref="6068352439"/>
  <nd ref="6068352440"/>
  <nd ref="6068352441"/>
  <nd ref="6068352442"/>
  <nd ref="6068352443"/>
  <nd ref="6068352444"/>
  <nd ref="6068352445"/>
  <nd ref="6068352446"/>
  <nd ref="6068352447"/>
  <nd ref="6068352448"/>
  <nd ref="6068352449"/>
  <nd ref="6068352450"/>
  <nd ref="6068352451"/>
  <nd ref="6068352452"/>
  <nd ref="6068352453"/>
  <nd ref="6068352454"/>
  <nd ref="6068352455"/>
  <nd ref="6068352456"/>
  <nd ref="6068352457"/>
  <nd ref="6068352437"/>
 </way>
 <way id="679390064" visible="true" version="3" changeset="128961997" timestamp="2022-11-15T22:33:22Z" user="Abr_mx" uid="6766137">
  <nd ref="6361809606"/>
  <nd ref="6361809613"/>
  <tag k="highway" v="secondary"/>
  <tag k="lanes" v="3"/>
  <tag k="name" v="Calzada Ignacio Zaragoza"/>
  <tag k="oneway" v="yes"/>
  <tag k="surface" v="asphalt"/>
 </way>
 <way id="679390070" visible="true" version="4" changeset="128961997" timestamp="2022-11-15T22:33:22Z" user="Abr_mx" uid="6766137">
  <nd ref="6361809618"/>
  <nd ref="410053476"/>
  <tag k="highway" v="secondary"/>
  <tag k="lanes" v="3"/>
  <tag k="lit" v="yes"/>
  <tag k="maxspeed" v="30"/>
  <tag k="name" v="Calzada Ignacio Zaragoza"/>
  <tag k="oneway" v="yes"/>
  <tag k="sidewalk" v="right"/>
  <tag k="surface" v="asphalt"/>
 </way>
 <way id="679390072" visible="true" version="5" changeset="128961997" timestamp="2022-11-15T22:33:22Z" user="Abr_mx" uid="6766137">
  <nd ref="3775891229"/>
  <nd ref="6361809618"/>
  <tag k="highway" v="secondary"/>
  <tag k="lanes" v="4"/>
  <tag k="lit" v="yes"/>
  <tag k="maxspeed" v="30"/>
  <tag k="name" v="Calzada Ignacio Zaragoza"/>
  <tag k="oneway" v="yes"/>
  <tag k="sidewalk" v="right"/>
  <tag k="surface" v="asphalt"/>
  <tag k="turn:lanes" v="left|through|through|through"/>
 </way>
 <way id="679390073" visible="true" version="6" changeset="99493925" timestamp="2021-02-18T05:54:42Z" user="AlumRock" uid="10353523">
  <nd ref="6361809606"/>
  <nd ref="8433822090"/>
  <nd ref="8431316773"/>
  <nd ref="7596028006"/>
  <nd ref="7596027995"/>
  <nd ref="7596027992"/>
  <nd ref="7596027994"/>
  <nd ref="7596027991"/>
  <nd ref="7596027993"/>
  <nd ref="7596027990"/>
  <nd ref="7596027989"/>
  <nd ref="7596027987"/>
  <nd ref="7596027988"/>
  <nd ref="7596027986"/>
  <nd ref="7596027985"/>
  <nd ref="7596026073"/>
  <nd ref="7596026072"/>
  <tag k="highway" v="residential"/>
  <tag k="oneway" v="yes"/>
  <tag k="surface" v="asphalt"/>
 </way>
 <way id="679390074" visible="true" version="4" changeset="95245193" timestamp="2020-12-03T19:12:37Z" user="BlueButterfly" uid="11601527">
  <nd ref="6361809613"/>
  <nd ref="3775891229"/>
  <tag k="highway" v="residential"/>
  <tag k="oneway" v="yes"/>
  <tag k="surface" v="asphalt"/>
 </way>
 <way id="735321286" visible="true" version="1" changeset="75800096" timestamp="2019-10-16T19:54:28Z" user="vpan" uid="10386703">
  <nd ref="6886971978"/>
  <nd ref="6886971979"/>
  <nd ref="6886971980"/>
  <nd ref="6886971981"/>
  <nd ref="6886971978"/>
  <tag k="building" v="yes"/>
 </way>
 <way id="772264580" visible="true" version="5" changeset="95839212" timestamp="2020-12-15T01:24:44Z" user="Corban8" uid="4240913">
  <nd ref="1656278095"/>
  <nd ref="410053512"/>
  <tag k="alt_name" v="Avenida del Tecnológico"/>
  <tag k="highway" v="tertiary"/>
  <tag k="lanes" v="2"/>
  <tag k="name" v="Avenida Prolongación Tecnológico"/>
  <tag k="oneway" v="no"/>
  <tag k="surface" v="asphalt"/>
 </way>
 <way id="772264581" visible="true" version="11" changeset="99525339" timestamp="2021-02-18T12:47:08Z" user="AlumRock" uid="10353523">
  <nd ref="8203449991"/>
  <nd ref="8434873152"/>
  <nd ref="6361809607"/>
  <nd ref="7596026071"/>
  <nd ref="7596026073"/>
  <nd ref="6361809609"/>
  <nd ref="8431316788"/>
  <nd ref="7596028004"/>
  <nd ref="7596028005"/>
  <nd ref="8434378716"/>
  <nd ref="410053532"/>
  <nd ref="8203521720"/>
  <nd ref="8434390226"/>
  <nd ref="410053533"/>
  <nd ref="7596027999"/>
  <nd ref="8203449990"/>
  <nd ref="8203449988"/>
  <nd ref="8203521717"/>
  <nd ref="7596027998"/>
  <nd ref="8431012278"/>
  <nd ref="8431012265"/>
  <nd ref="3886662999"/>
  <nd ref="8203450012"/>
  <tag k="alt_name" v="Avenida del Tecnológico"/>
  <tag k="bicycle" v="yes"/>
  <tag k="foot" v="yes"/>
  <tag k="highway" v="tertiary"/>
  <tag k="lanes" v="3"/>
  <tag k="name" v="Avenida Tecnológico"/>
  <tag k="note" v="Doble Sentido"/>
  <tag k="oneway" v="yes"/>
  <tag k="surface" v="asphalt"/>
 </way>
 <way id="772265904" visible="true" version="3" changeset="94724364" timestamp="2020-11-24T18:45:40Z" user="(Inactive) hairyhaggis_kaart" uid="10541438">
  <nd ref="7209521135"/>
  <nd ref="8159272087"/>
  <nd ref="7209521136"/>
  <nd ref="7209521134"/>
  <nd ref="8159272086"/>
  <nd ref="410053545"/>
  <nd ref="8159272093"/>
  <nd ref="7209521133"/>
  <nd ref="8159272092"/>
  <nd ref="7209521132"/>
  <nd ref="8159272091"/>
  <nd ref="7209521131"/>
  <nd ref="8159272090"/>
  <nd ref="8159272085"/>
  <nd ref="7209521130"/>
  <nd ref="8159272089"/>
  <nd ref="7209521129"/>
  <nd ref="8159272088"/>
  <nd ref="7209521135"/>
  <tag k="highway" v="residential"/>
  <tag k="junction" v="roundabout"/>
  <tag k="surface" v="asphalt"/>
 </way>
 <way id="772265905" visible="true" version="3" changeset="95495783" timestamp="2020-12-08T15:12:17Z" user="ReedtheRiver" uid="9965337">
  <nd ref="410053555"/>
  <nd ref="8205818495"/>
  <nd ref="7209521136"/>
  <tag k="highway" v="residential"/>
  <tag k="name" v="Calle Cordillera Central"/>
  <tag k="oneway" v="yes"/>
  <tag k="surface" v="asphalt"/>
 </way>
 <way id="772265906" visible="true" version="3" changeset="95495783" timestamp="2020-12-08T15:12:17Z" user="ReedtheRiver" uid="9965337">
  <nd ref="7209521135"/>
  <nd ref="5909982226"/>
  <nd ref="410053551"/>
  <nd ref="8205818496"/>
  <tag k="highway" v="residential"/>
  <tag k="name" v="Calle Cordillera Central"/>
  <tag k="oneway" v="yes"/>
  <tag k="surface" v="asphalt"/>
 </way>
 <way id="772269548" visible="true" version="1" changeset="80978864" timestamp="2020-02-13T23:32:07Z" user="MMantlo" uid="9375460">
  <nd ref="410053884"/>
  <nd ref="7209521122"/>
  <tag k="highway" v="residential"/>
  <tag k="name" v="Privada Cordillera del Pindo"/>
 </way>
 <way id="773677397" visible="true" version="1" changeset="81146832" timestamp="2020-02-18T04:06:54Z" user="natureandchill" uid="9565120">
  <nd ref="306465742"/>
  <nd ref="306466094"/>
  <tag k="highway" v="residential"/>
  <tag k="name" v="Calle Monte Líbano"/>
 </way>
 <way id="776082852" visible="true" version="1" changeset="81425154" timestamp="2020-02-24T22:12:17Z" user="(Inactive) RouteRob" uid="10085022">
  <nd ref="7241053862"/>
  <nd ref="7241053861"/>
  <nd ref="7241053860"/>
  <nd ref="7241053859"/>
  <tag k="highway" v="footway"/>
  <tag k="name" v="Andador Insurgentes"/>
 </way>
 <way id="810508917" visible="true" version="2" changeset="95117884" timestamp="2020-12-01T21:36:00Z" user="(Inactive) hairyhaggis_kaart" uid="10541438">
  <nd ref="1656278073"/>
  <nd ref="7578156188"/>
  <nd ref="1656278062"/>
  <nd ref="7578156187"/>
  <nd ref="7578156189"/>
  <nd ref="7578145184"/>
  <nd ref="7578156186"/>
  <nd ref="7578145183"/>
  <nd ref="7578145182"/>
  <nd ref="7578156185"/>
  <nd ref="7578145179"/>
  <nd ref="7578145181"/>
  <nd ref="7578145178"/>
  <nd ref="7578145180"/>
  <nd ref="7120323869"/>
  <tag k="highway" v="tertiary_link"/>
  <tag k="lanes" v="1"/>
  <tag k="oneway" v="yes"/>
  <tag k="surface" v="asphalt"/>
 </way>
 <way id="813204124" visible="true" version="4" changeset="99493925" timestamp="2021-02-18T05:54:42Z" user="AlumRock" uid="10353523">
  <nd ref="7596026070"/>
  <nd ref="7596026071"/>
  <nd ref="7596026074"/>
  <nd ref="7596026077"/>
  <nd ref="7596026075"/>
  <nd ref="7596026078"/>
  <nd ref="7596026076"/>
  <nd ref="7596026079"/>
  <nd ref="7596026082"/>
  <nd ref="7596026080"/>
  <nd ref="7596026083"/>
  <nd ref="7596026081"/>
  <nd ref="7596026084"/>
  <nd ref="7596028007"/>
  <nd ref="8431316765"/>
  <nd ref="7596028008"/>
  <nd ref="8433822089"/>
  <nd ref="6361809613"/>
  <tag k="highway" v="residential"/>
  <tag k="oneway" v="yes"/>
  <tag k="surface" v="asphalt"/>
 </way>
 <way id="837254487" visible="true" version="2" changeset="94724364" timestamp="2020-11-24T18:45:40Z" user="(Inactive) hairyhaggis_kaart" uid="10541438">
  <nd ref="522996009"/>
  <nd ref="522996024"/>
  <nd ref="410053856"/>
  <tag k="highway" v="residential"/>
  <tag k="name" v="Calle Sierra Madre"/>
  <tag k="surface" v="asphalt"/>
 </way>
 <way id="877038079" visible="true" version="1" changeset="94725377" timestamp="2020-11-24T19:10:39Z" user="(Inactive) hairyhaggis_kaart" uid="10541438">
  <nd ref="410054462"/>
  <nd ref="8160483270"/>
  <tag k="alt_name" v="Calle Sierra de Colima"/>
  <tag k="highway" v="residential"/>
  <tag k="name" v="Sierra de Cosima"/>
  <tag k="surface" v="asphalt"/>
 </way>
 <way id="877038080" visible="true" version="1" changeset="94725377" timestamp="2020-11-24T19:10:39Z" user="(Inactive) hairyhaggis_kaart" uid="10541438">
  <nd ref="8160483275"/>
  <nd ref="1656278055"/>
  <tag k="highway" v="residential"/>
  <tag k="name" v="Calle Sierra Mayumbe"/>
  <tag k="surface" v="asphalt"/>
 </way>
 <way id="877038081" visible="true" version="1" changeset="94725377" timestamp="2020-11-24T19:10:39Z" user="(Inactive) hairyhaggis_kaart" uid="10541438">
  <nd ref="8160483277"/>
  <nd ref="410054100"/>
  <tag k="highway" v="residential"/>
  <tag k="name" v="Privada Cordillera del Himalaya"/>
  <tag k="surface" v="asphalt"/>
 </way>
 <way id="877038082" visible="true" version="1" changeset="94725377" timestamp="2020-11-24T19:10:39Z" user="(Inactive) hairyhaggis_kaart" uid="10541438">
  <nd ref="410053885"/>
  <nd ref="1656278057"/>
  <nd ref="8160483278"/>
  <tag k="highway" v="residential"/>
  <tag k="name" v="Calle Cordillera Cantábrica"/>
  <tag k="surface" v="asphalt"/>
 </way>
 <way id="879416210" visible="true" version="3" changeset="128961997" timestamp="2022-11-15T22:33:22Z" user="Abr_mx" uid="6766137">
  <nd ref="6361809613"/>
  <nd ref="8726112055"/>
  <nd ref="8726112058"/>
  <nd ref="8180804508"/>
  <tag k="highway" v="secondary"/>
  <tag k="lanes" v="3"/>
  <tag k="name" v="Calzada Ignacio Zaragoza"/>
  <tag k="oneway" v="yes"/>
  <tag k="surface" v="asphalt"/>
 </way>
 <way id="879416211" visible="true" version="2" changeset="128961997" timestamp="2022-11-15T22:33:22Z" user="Abr_mx" uid="6766137">
  <nd ref="8180804509"/>
  <nd ref="6361809606"/>
  <tag k="alt_name" v="2 Norte"/>
  <tag k="highway" v="secondary"/>
  <tag k="lanes" v="3"/>
  <tag k="name" v="Calzada Ignacio Zaragoza"/>
  <tag k="oneway" v="yes"/>
  <tag k="surface" v="asphalt"/>
  <tag k="turn:lanes" v="through|through|through"/>
 </way>
 <way id="882057175" visible="true" version="4" changeset="128961997" timestamp="2022-11-15T22:33:22Z" user="Abr_mx" uid="6766137">
  <nd ref="3775891231"/>
  <nd ref="8239582873"/>
  <nd ref="8239582875"/>
  <nd ref="3775891229"/>
  <tag k="highway" v="secondary"/>
  <tag k="lanes" v="4"/>
  <tag k="lit" v="yes"/>
  <tag k="maxspeed" v="30"/>
  <tag k="name" v="Calzada Ignacio Zaragoza"/>
  <tag k="oneway" v="yes"/>
  <tag k="sidewalk" v="right"/>
  <tag k="surface" v="asphalt"/>
  <tag k="turn:lanes" v="left|through|through|through"/>
 </way>
 <way id="882128434" visible="true" version="4" changeset="128961997" timestamp="2022-11-15T22:33:22Z" user="Abr_mx" uid="6766137">
  <nd ref="410053476"/>
  <nd ref="8478249924"/>
  <nd ref="522995814"/>
  <nd ref="8203742817"/>
  <nd ref="7241053863"/>
  <tag k="highway" v="secondary"/>
  <tag k="lanes" v="3"/>
  <tag k="lit" v="yes"/>
  <tag k="maxspeed" v="30"/>
  <tag k="name" v="Calzada Ignacio Zaragoza"/>
  <tag k="oneway" v="yes"/>
  <tag k="sidewalk" v="right"/>
  <tag k="surface" v="asphalt"/>
 </way>
 <way id="882132330" visible="true" version="4" changeset="104533515" timestamp="2021-05-11T20:06:36Z" user="BlueButterfly" uid="11601527">
  <nd ref="4568327113"/>
  <nd ref="4568327114"/>
  <nd ref="8722885712"/>
  <nd ref="4568327118"/>
  <tag k="access" v="private"/>
  <tag k="highway" v="service"/>
 </way>
 <way id="882132331" visible="true" version="1" changeset="95446555" timestamp="2020-12-07T21:22:17Z" user="birdymaps" uid="9319541">
  <nd ref="4568282883"/>
  <nd ref="8203440971"/>
  <tag k="access" v="private"/>
  <tag k="highway" v="footway"/>
  <tag k="lit" v="yes"/>
  <tag k="surface" v="paved"/>
 </way>
 <way id="882132332" visible="true" version="3" changeset="100258931" timestamp="2021-03-02T08:09:44Z" user="BeniHammad" uid="10461114">
  <nd ref="8203440974"/>
  <nd ref="8478266274"/>
  <tag k="highway" v="service"/>
  <tag k="oneway" v="yes"/>
  <tag k="surface" v="concrete"/>
 </way>
 <way id="882132333" visible="true" version="2" changeset="100258931" timestamp="2021-03-02T08:09:44Z" user="BeniHammad" uid="10461114">
  <nd ref="8203440975"/>
  <nd ref="4568327102"/>
  <tag k="highway" v="service"/>
  <tag k="oneway" v="yes"/>
  <tag k="surface" v="asphalt"/>
 </way>
 <way id="882133714" visible="true" version="1" changeset="95446791" timestamp="2020-12-07T21:28:48Z" user="birdymaps" uid="9319541">
  <nd ref="8203449988"/>
  <nd ref="8203449987"/>
  <tag k="highway" v="footway"/>
 </way>
 <way id="882133715" visible="true" version="2" changeset="106505594" timestamp="2021-06-17T06:16:56Z" user="Mendips" uid="10409558">
  <nd ref="8203449989"/>
  <nd ref="4568327124"/>
  <tag k="highway" v="service"/>
  <tag k="surface" v="asphalt"/>
 </way>
 <way id="882133716" visible="true" version="2" changeset="95830503" timestamp="2020-12-14T19:37:13Z" user="Corban8" uid="4240913">
  <nd ref="8203449992"/>
  <nd ref="8203449991"/>
  <tag k="alt_name" v="Avenida del Tecnológico"/>
  <tag k="bicycle" v="yes"/>
  <tag k="foot" v="yes"/>
  <tag k="highway" v="tertiary"/>
  <tag k="lanes" v="4"/>
  <tag k="name" v="Avenida Tecnológico"/>
  <tag k="note" v="Doble Sentido"/>
  <tag k="oneway" v="yes"/>
  <tag k="surface" v="asphalt"/>
  <tag k="turn:lanes" v="left|||"/>
 </way>
 <way id="882133717" visible="true" version="3" changeset="99525339" timestamp="2021-02-18T12:47:08Z" user="AlumRock" uid="10353523">
  <nd ref="8434873152"/>
  <nd ref="8434873151"/>
  <tag k="highway" v="tertiary_link"/>
  <tag k="surface" v="asphalt"/>
 </way>
 <way id="882133718" visible="true" version="3" changeset="104533515" timestamp="2021-05-11T20:06:36Z" user="BlueButterfly" uid="11601527">
  <nd ref="410053531"/>
  <nd ref="7596027996"/>
  <nd ref="8722885683"/>
  <nd ref="8203449992"/>
  <tag k="alt_name" v="Avenida del Tecnológico"/>
  <tag k="bicycle" v="yes"/>
  <tag k="foot" v="yes"/>
  <tag k="highway" v="tertiary"/>
  <tag k="lanes" v="3"/>
  <tag k="name" v="Avenida Tecnológico"/>
  <tag k="note" v="Doble Sentido"/>
  <tag k="oneway" v="yes"/>
  <tag k="surface" v="asphalt"/>
 </way>
 <way id="882138403" visible="true" version="1" changeset="95447138" timestamp="2020-12-07T21:39:28Z" user="birdymaps" uid="9319541">
  <nd ref="8203450009"/>
  <nd ref="8203450007"/>
  <tag k="highway" v="service"/>
  <tag k="surface" v="concrete"/>
 </way>
 <way id="882138404" visible="true" version="4" changeset="104533515" timestamp="2021-05-11T20:06:36Z" user="BlueButterfly" uid="11601527">
  <nd ref="8203450007"/>
  <nd ref="8433822088"/>
  <nd ref="8722885711"/>
  <nd ref="8203450008"/>
  <nd ref="8722885710"/>
  <nd ref="4568327128"/>
  <tag k="access" v="private"/>
  <tag k="highway" v="service"/>
  <tag k="surface" v="concrete"/>
 </way>
 <way id="882138405" visible="true" version="3" changeset="104585596" timestamp="2021-05-12T16:28:15Z" user="BlueButterfly" uid="11601527">
  <nd ref="8203450010"/>
  <nd ref="7596026072"/>
  <nd ref="7596026070"/>
  <tag k="alt_name" v="Avenida del Tecnológico"/>
  <tag k="highway" v="tertiary"/>
  <tag k="lanes" v="4"/>
  <tag k="name" v="Avenida Tecnológico"/>
  <tag k="oneway" v="yes"/>
  <tag k="surface" v="asphalt"/>
  <tag k="turn:lanes" v="left|through|through|through"/>
 </way>
 <way id="882138406" visible="true" version="5" changeset="104585596" timestamp="2021-05-12T16:28:15Z" user="BlueButterfly" uid="11601527">
  <nd ref="7596026070"/>
  <nd ref="8434873151"/>
  <nd ref="8203440972"/>
  <nd ref="8203440975"/>
  <nd ref="8478266275"/>
  <nd ref="1656278095"/>
  <tag k="alt_name" v="Avenida del Tecnológico"/>
  <tag k="highway" v="tertiary"/>
  <tag k="lanes" v="3"/>
  <tag k="name" v="Avenida Tecnológico"/>
  <tag k="oneway" v="yes"/>
  <tag k="surface" v="asphalt"/>
 </way>
 <way id="882138411" visible="true" version="2" changeset="95830503" timestamp="2020-12-14T19:37:13Z" user="Corban8" uid="4240913">
  <nd ref="8203450012"/>
  <nd ref="3886663000"/>
  <tag k="alt_name" v="Avenida del Tecnológico"/>
  <tag k="bicycle" v="yes"/>
  <tag k="foot" v="yes"/>
  <tag k="highway" v="tertiary"/>
  <tag k="lanes" v="4"/>
  <tag k="name" v="Avenida Tecnológico"/>
  <tag k="note" v="Doble Sentido"/>
  <tag k="oneway" v="yes"/>
  <tag k="surface" v="asphalt"/>
 </way>
 <way id="882138412" visible="true" version="1" changeset="95447138" timestamp="2020-12-07T21:39:28Z" user="birdymaps" uid="9319541">
  <nd ref="8203450014"/>
  <nd ref="8203450015"/>
  <tag k="access" v="private"/>
  <tag k="highway" v="service"/>
  <tag k="surface" v="asphalt"/>
 </way>
 <way id="882138413" visible="true" version="1" changeset="95447138" timestamp="2020-12-07T21:39:28Z" user="birdymaps" uid="9319541">
  <nd ref="8203521717"/>
  <nd ref="8203450016"/>
  <nd ref="8203450014"/>
  <tag k="highway" v="service"/>
  <tag k="surface" v="asphalt"/>
 </way>
 <way id="882138414" visible="true" version="1" changeset="95447138" timestamp="2020-12-07T21:39:28Z" user="birdymaps" uid="9319541">
  <nd ref="7596027997"/>
  <nd ref="410053533"/>
  <nd ref="8203450013"/>
  <nd ref="8203521718"/>
  <tag k="highway" v="service"/>
  <tag k="surface" v="concrete"/>
 </way>
 <way id="882138415" visible="true" version="1" changeset="95447138" timestamp="2020-12-07T21:39:28Z" user="birdymaps" uid="9319541">
  <nd ref="8203521720"/>
  <nd ref="8203521719"/>
  <tag k="footway" v="crossing"/>
  <tag k="highway" v="footway"/>
 </way>
 <way id="882151744" visible="true" version="1" changeset="95448517" timestamp="2020-12-07T22:28:37Z" user="birdymaps" uid="9319541">
  <nd ref="6361809618"/>
  <nd ref="6361809606"/>
  <tag k="highway" v="residential"/>
  <tag k="oneway" v="yes"/>
  <tag k="surface" v="asphalt"/>
 </way>
 <way id="882165382" visible="true" version="1" changeset="95450489" timestamp="2020-12-07T23:51:11Z" user="ReedtheRiver" uid="9965337">
  <nd ref="1825835525"/>
  <nd ref="410054095"/>
  <tag k="highway" v="residential"/>
  <tag k="name" v="Calle Sierra de Albadracin"/>
  <tag k="surface" v="asphalt"/>
 </way>
 <way id="882842235" visible="true" version="1" changeset="95563579" timestamp="2020-12-09T15:52:40Z" user="Baconcrisp" uid="3778777">
  <nd ref="3886662999"/>
  <nd ref="410053500"/>
  <tag k="footway" v="crossing"/>
  <tag k="highway" v="footway"/>
 </way>
 <way id="886116986" visible="true" version="4" changeset="106899539" timestamp="2021-06-24T12:21:21Z" user="Dublarchar" uid="12652995">
  <nd ref="8239582870"/>
  <nd ref="8239582869"/>
  <tag k="highway" v="service"/>
  <tag k="service" v="parking_aisle"/>
 </way>
 <way id="886116987" visible="true" version="4" changeset="106899539" timestamp="2021-06-24T12:21:21Z" user="Dublarchar" uid="12652995">
  <nd ref="8239582872"/>
  <nd ref="8239582871"/>
  <tag k="highway" v="service"/>
  <tag k="service" v="parking_aisle"/>
 </way>
 <way id="886116988" visible="true" version="3" changeset="101476181" timestamp="2021-03-22T06:38:41Z" user="BeniHammad" uid="10461114">
  <nd ref="8239582874"/>
  <nd ref="8547966945"/>
  <nd ref="8547966946"/>
  <nd ref="8547966947"/>
  <nd ref="8547966943"/>
  <nd ref="8547966944"/>
  <nd ref="8239582873"/>
  <tag k="highway" v="service"/>
 </way>
 <way id="886897560" visible="true" version="1" changeset="96175728" timestamp="2020-12-21T07:45:30Z" user="Risle" uid="10888627">
  <nd ref="3775891221"/>
  <nd ref="3775891220"/>
  <nd ref="3775891224"/>
  <nd ref="8246965394"/>
  <nd ref="3775891223"/>
  <nd ref="8239560050"/>
  <nd ref="8239560051"/>
  <nd ref="3775891222"/>
  <nd ref="8246965393"/>
  <nd ref="8246965392"/>
  <nd ref="8246965391"/>
  <nd ref="8246965390"/>
  <nd ref="8246965389"/>
  <nd ref="8246965388"/>
  <nd ref="8246965387"/>
  <nd ref="8246965386"/>
  <nd ref="8246965385"/>
  <nd ref="8246965384"/>
  <nd ref="8246965383"/>
  <nd ref="8246965382"/>
  <nd ref="8246965381"/>
  <nd ref="8246965380"/>
  <nd ref="8246965379"/>
  <nd ref="8246965378"/>
  <nd ref="8246965377"/>
  <nd ref="8246965376"/>
  <nd ref="8246965375"/>
  <nd ref="8246965374"/>
  <nd ref="8246965373"/>
  <nd ref="8246965372"/>
  <nd ref="8246965371"/>
  <nd ref="8246965370"/>
  <nd ref="8246965369"/>
  <nd ref="8246965368"/>
  <nd ref="8246965367"/>
  <nd ref="8246965366"/>
  <nd ref="8246965365"/>
  <nd ref="8246965364"/>
  <nd ref="8246965363"/>
  <nd ref="8246965362"/>
  <nd ref="8246965361"/>
  <nd ref="8246965360"/>
  <nd ref="8246965359"/>
  <nd ref="8246965358"/>
  <nd ref="8246965357"/>
  <nd ref="8246965356"/>
  <nd ref="8246965355"/>
  <nd ref="3775891221"/>
  <tag k="building" v="yes"/>
  <tag k="shop" v="mall"/>
 </way>
 <way id="903221598" visible="true" version="3" changeset="115621448" timestamp="2021-12-31T20:20:14Z" user="Arun Ganesh" uid="14749768">
  <nd ref="8445437579"/>
  <nd ref="5110570366"/>
  <nd ref="8388968799"/>
  <nd ref="8388968800"/>
  <nd ref="8388968801"/>
  <nd ref="8388968802"/>
  <nd ref="5110570368"/>
  <nd ref="5110570369"/>
  <nd ref="5110570370"/>
  <nd ref="5110570371"/>
  <nd ref="1825839087"/>
  <nd ref="4568327123"/>
  <nd ref="1825839086"/>
  <nd ref="1825839092"/>
  <nd ref="1825839097"/>
  <nd ref="1825839096"/>
  <nd ref="9382616882"/>
  <nd ref="8445437579"/>
  <tag k="landuse" v="brownfield"/>
  <tag k="name" v="FRACCIONAMIENTO PROYECTO URBANISMO"/>
 </way>
 <way id="907982229" visible="true" version="2" changeset="104533515" timestamp="2021-05-11T20:06:36Z" user="BlueButterfly" uid="11601527">
  <nd ref="8431012270"/>
  <nd ref="8722885660"/>
  <nd ref="8431012258"/>
  <nd ref="8722885659"/>
  <nd ref="8722885657"/>
  <nd ref="8431012260"/>
  <nd ref="8722885658"/>
  <nd ref="8431012259"/>
  <tag k="highway" v="service"/>
  <tag k="service" v="parking_aisle"/>
 </way>
 <way id="907982230" visible="true" version="1" changeset="99430915" timestamp="2021-02-17T07:38:43Z" user="AlumRock" uid="10353523">
  <nd ref="8431012277"/>
  <nd ref="8431012261"/>
  <tag k="highway" v="service"/>
  <tag k="service" v="parking_aisle"/>
 </way>
 <way id="907982231" visible="true" version="1" changeset="99430915" timestamp="2021-02-17T07:38:43Z" user="AlumRock" uid="10353523">
  <nd ref="8431012266"/>
  <nd ref="8431012257"/>
  <nd ref="8431012265"/>
  <tag k="highway" v="service"/>
 </way>
 <way id="907982232" visible="true" version="3" changeset="106433136" timestamp="2021-06-16T04:22:35Z" user="Mendips" uid="10409558">
  <nd ref="8431012266"/>
  <nd ref="8431012261"/>
  <nd ref="8837472890"/>
  <nd ref="8722885633"/>
  <nd ref="8431012264"/>
  <nd ref="8722885634"/>
  <nd ref="8837472897"/>
  <nd ref="8431012263"/>
  <nd ref="8431012262"/>
  <tag k="highway" v="service"/>
 </way>
 <way id="907982233" visible="true" version="1" changeset="99430915" timestamp="2021-02-17T07:38:43Z" user="AlumRock" uid="10353523">
  <nd ref="8431012267"/>
  <nd ref="8431012266"/>
  <tag k="highway" v="service"/>
  <tag k="service" v="parking_aisle"/>
 </way>
 <way id="907982234" visible="true" version="1" changeset="99430915" timestamp="2021-02-17T07:38:43Z" user="AlumRock" uid="10353523">
  <nd ref="8431012269"/>
  <nd ref="8431012268"/>
  <tag k="highway" v="service"/>
  <tag k="service" v="parking_aisle"/>
 </way>
 <way id="907982235" visible="true" version="2" changeset="104533515" timestamp="2021-05-11T20:06:36Z" user="BlueButterfly" uid="11601527">
  <nd ref="8431012273"/>
  <nd ref="8722885664"/>
  <nd ref="8431012272"/>
  <nd ref="8722885662"/>
  <nd ref="8431012268"/>
  <nd ref="8722885661"/>
  <nd ref="8431012271"/>
  <nd ref="8722885663"/>
  <nd ref="8431012270"/>
  <tag k="highway" v="service"/>
  <tag k="service" v="parking_aisle"/>
 </way>
 <way id="907982236" visible="true" version="3" changeset="104533515" timestamp="2021-05-11T20:06:36Z" user="BlueButterfly" uid="11601527">
  <nd ref="8431012278"/>
  <nd ref="8431012256"/>
  <nd ref="8434390228"/>
  <nd ref="8431012259"/>
  <nd ref="8431012270"/>
  <nd ref="8431012267"/>
  <nd ref="8431012269"/>
  <nd ref="8431012277"/>
  <nd ref="8431012273"/>
  <nd ref="8722885631"/>
  <nd ref="8431012276"/>
  <nd ref="8722885632"/>
  <nd ref="8431012275"/>
  <nd ref="8431012274"/>
  <tag k="highway" v="service"/>
 </way>
 <way id="907982238" visible="true" version="3" changeset="106399911" timestamp="2021-06-15T12:05:47Z" user="Mendips" uid="10409558">
  <nd ref="8431012293"/>
  <nd ref="8431012292"/>
  <nd ref="8431012291"/>
  <nd ref="8722885641"/>
  <nd ref="8431012290"/>
  <nd ref="8722885640"/>
  <nd ref="8431012289"/>
  <nd ref="8835809356"/>
  <nd ref="8835809355"/>
  <nd ref="8835809354"/>
  <nd ref="8835809353"/>
  <nd ref="8835809352"/>
  <tag k="highway" v="service"/>
 </way>
 <way id="907982239" visible="true" version="6" changeset="106505594" timestamp="2021-06-17T06:16:56Z" user="Mendips" uid="10409558">
  <nd ref="8431012301"/>
  <nd ref="8431012279"/>
  <nd ref="8557726189"/>
  <nd ref="8431012300"/>
  <nd ref="8557726188"/>
  <nd ref="8837904572"/>
  <nd ref="8431012299"/>
  <nd ref="8433743642"/>
  <nd ref="8431012298"/>
  <nd ref="8722885701"/>
  <nd ref="8431012297"/>
  <nd ref="8840965097"/>
  <nd ref="8431012296"/>
  <nd ref="8722885700"/>
  <nd ref="8431012295"/>
  <nd ref="8722885698"/>
  <nd ref="8431012294"/>
  <tag k="highway" v="service"/>
 </way>
 <way id="908009768" visible="true" version="2" changeset="101154539" timestamp="2021-03-17T04:24:36Z" user="BeniHammad" uid="10461114">
  <nd ref="8431316787"/>
  <nd ref="8431316785"/>
  <tag k="highway" v="service"/>
 </way>
 <way id="908009769" visible="true" version="1" changeset="99439040" timestamp="2021-02-17T09:35:18Z" user="AlumRock" uid="10353523">
  <nd ref="8431316785"/>
  <nd ref="8431316778"/>
  <tag k="highway" v="service"/>
 </way>
 <way id="908009770" visible="true" version="1" changeset="99439040" timestamp="2021-02-17T09:35:18Z" user="AlumRock" uid="10353523">
  <nd ref="8431316778"/>
  <nd ref="8431316775"/>
  <tag k="highway" v="service"/>
 </way>
 <way id="908009771" visible="true" version="1" changeset="99439040" timestamp="2021-02-17T09:35:18Z" user="AlumRock" uid="10353523">
  <nd ref="8431316777"/>
  <nd ref="8431316786"/>
  <tag k="highway" v="service"/>
 </way>
 <way id="908009772" visible="true" version="1" changeset="99439040" timestamp="2021-02-17T09:35:18Z" user="AlumRock" uid="10353523">
  <nd ref="8431316774"/>
  <nd ref="8431316773"/>
  <nd ref="8431316765"/>
  <tag k="highway" v="service"/>
 </way>
 <way id="908009773" visible="true" version="2" changeset="104533515" timestamp="2021-05-11T20:06:36Z" user="BlueButterfly" uid="11601527">
  <nd ref="8431316783"/>
  <nd ref="8722885677"/>
  <nd ref="8431316782"/>
  <nd ref="8722885676"/>
  <nd ref="8431316779"/>
  <nd ref="8431316781"/>
  <nd ref="8431316786"/>
  <tag k="highway" v="service"/>
 </way>
 <way id="908009774" visible="true" version="2" changeset="101154539" timestamp="2021-03-17T04:24:36Z" user="BeniHammad" uid="10461114">
  <nd ref="8431316776"/>
  <nd ref="8431316787"/>
  <tag k="highway" v="service"/>
 </way>
 <way id="908009775" visible="true" version="2" changeset="101154539" timestamp="2021-03-17T04:24:36Z" user="BeniHammad" uid="10461114">
  <nd ref="8431316787"/>
  <nd ref="8431316786"/>
  <tag k="highway" v="service"/>
 </way>
 <way id="908009776" visible="true" version="3" changeset="106715553" timestamp="2021-06-21T12:29:30Z" user="JonesFalls" uid="9535231">
  <nd ref="8431316783"/>
  <nd ref="8722885667"/>
  <nd ref="8431316764"/>
  <nd ref="8431316788"/>
  <tag k="highway" v="service"/>
 </way>
 <way id="908009777" visible="true" version="2" changeset="101154539" timestamp="2021-03-17T04:24:36Z" user="BeniHammad" uid="10461114">
  <nd ref="8431316771"/>
  <nd ref="8431316770"/>
  <tag k="highway" v="service"/>
  <tag k="service" v="parking_aisle"/>
 </way>
 <way id="908009778" visible="true" version="4" changeset="104533515" timestamp="2021-05-11T20:06:36Z" user="BlueButterfly" uid="11601527">
  <nd ref="8431316767"/>
  <nd ref="8431316766"/>
  <nd ref="8431316768"/>
  <nd ref="8722885679"/>
  <nd ref="8431316772"/>
  <nd ref="8722885680"/>
  <nd ref="8433695377"/>
  <nd ref="8433695375"/>
  <nd ref="8433695373"/>
  <nd ref="8433695371"/>
  <nd ref="8433695369"/>
  <nd ref="8433822091"/>
  <nd ref="8433695367"/>
  <nd ref="8431316769"/>
  <nd ref="8431316774"/>
  <tag k="highway" v="service"/>
 </way>
 <way id="908009779" visible="true" version="4" changeset="106385991" timestamp="2021-06-15T08:55:04Z" user="Mendips" uid="10409558">
  <nd ref="8431316775"/>
  <nd ref="8835146449"/>
  <nd ref="8431316771"/>
  <nd ref="8431316774"/>
  <tag k="highway" v="service"/>
 </way>
 <way id="908009780" visible="true" version="3" changeset="101154539" timestamp="2021-03-17T04:24:36Z" user="BeniHammad" uid="10461114">
  <nd ref="8431316778"/>
  <nd ref="8431316776"/>
  <nd ref="8431316777"/>
  <tag k="highway" v="service"/>
 </way>
 <way id="908009781" visible="true" version="2" changeset="104533515" timestamp="2021-05-11T20:06:36Z" user="BlueButterfly" uid="11601527">
  <nd ref="8431316785"/>
  <nd ref="8431316784"/>
  <nd ref="8431316780"/>
  <nd ref="8722885675"/>
  <nd ref="8431316783"/>
  <tag k="highway" v="service"/>
 </way>
 <way id="908009782" visible="true" version="2" changeset="101154539" timestamp="2021-03-17T04:24:36Z" user="BeniHammad" uid="10461114">
  <nd ref="8431316783"/>
  <nd ref="8431316787"/>
  <tag k="highway" v="service"/>
 </way>
 <way id="908019250" visible="true" version="2" changeset="106387016" timestamp="2021-06-15T09:10:00Z" user="BunicaStream" uid="12205237">
  <nd ref="8431395934"/>
  <nd ref="8431395949"/>
  <nd ref="8431395953"/>
  <tag k="highway" v="service"/>
 </way>
 <way id="908019256" visible="true" version="2" changeset="99489152" timestamp="2021-02-18T04:37:28Z" user="ElYunque" uid="9090151">
  <nd ref="8431395943"/>
  <nd ref="8431395942"/>
  <nd ref="8433666789"/>
  <nd ref="8433666792"/>
  <nd ref="8431395940"/>
  <nd ref="8433666791"/>
  <nd ref="8433666790"/>
  <nd ref="8431395941"/>
  <nd ref="8431395935"/>
  <nd ref="8431395937"/>
  <nd ref="8431395953"/>
  <tag k="highway" v="service"/>
 </way>
 <way id="908019258" visible="true" version="1" changeset="99441204" timestamp="2021-02-17T10:03:31Z" user="AlumRock" uid="10353523">
  <nd ref="8431395947"/>
  <nd ref="8431395946"/>
  <nd ref="8431395945"/>
  <tag k="highway" v="service"/>
  <tag k="service" v="parking_aisle"/>
 </way>
 <way id="908019259" visible="true" version="2" changeset="106387016" timestamp="2021-06-15T09:10:00Z" user="BunicaStream" uid="12205237">
  <nd ref="8431395939"/>
  <nd ref="8431395949"/>
  <nd ref="8431395946"/>
  <nd ref="8431395948"/>
  <tag k="highway" v="service"/>
 </way>
 <way id="908019260" visible="true" version="2" changeset="104660123" timestamp="2021-05-13T21:39:15Z" user="BlueButterfly" uid="11601527">
  <nd ref="8431395953"/>
  <nd ref="8431395945"/>
  <nd ref="8729753149"/>
  <nd ref="8431395952"/>
  <nd ref="8729753150"/>
  <nd ref="8431395948"/>
  <nd ref="8729753147"/>
  <nd ref="8431395951"/>
  <nd ref="8729753148"/>
  <nd ref="8431395947"/>
  <nd ref="8431395934"/>
  <tag k="highway" v="service"/>
 </way>
 <way id="908058263" visible="true" version="1" changeset="99451958" timestamp="2021-02-17T12:18:49Z" user="AlumRock" uid="10353523">
  <nd ref="8431761112"/>
  <nd ref="8431761111"/>
  <nd ref="8431761110"/>
  <tag k="highway" v="service"/>
  <tag k="service" v="parking_aisle"/>
 </way>
 <way id="908058264" visible="true" version="1" changeset="99451958" timestamp="2021-02-17T12:18:49Z" user="AlumRock" uid="10353523">
  <nd ref="8431761102"/>
  <nd ref="8431761112"/>
  <tag k="highway" v="service"/>
 </way>
 <way id="908058265" visible="true" version="2" changeset="104533515" timestamp="2021-05-11T20:06:36Z" user="BlueButterfly" uid="11601527">
  <nd ref="8431761109"/>
  <nd ref="8722885646"/>
  <nd ref="8431761110"/>
  <tag k="highway" v="service"/>
 </way>
 <way id="908058266" visible="true" version="1" changeset="99451958" timestamp="2021-02-17T12:18:49Z" user="AlumRock" uid="10353523">
  <nd ref="8431761093"/>
  <nd ref="8431761091"/>
  <nd ref="8431761092"/>
  <tag k="highway" v="service"/>
  <tag k="oneway" v="yes"/>
 </way>
 <way id="908058267" visible="true" version="1" changeset="99451958" timestamp="2021-02-17T12:18:49Z" user="AlumRock" uid="10353523">
  <nd ref="8431316768"/>
  <nd ref="8431761093"/>
  <nd ref="8431795526"/>
  <tag k="highway" v="service"/>
 </way>
 <way id="908058268" visible="true" version="3" changeset="106385991" timestamp="2021-06-15T08:55:04Z" user="Mendips" uid="10409558">
  <nd ref="8431761100"/>
  <nd ref="8835146447"/>
  <nd ref="8835146448"/>
  <nd ref="8431761099"/>
  <nd ref="8431761098"/>
  <nd ref="8835146446"/>
  <nd ref="8835146445"/>
  <nd ref="8431761097"/>
  <nd ref="8431761096"/>
  <nd ref="8729753169"/>
  <nd ref="8729753168"/>
  <nd ref="8431761095"/>
  <nd ref="8729753167"/>
  <nd ref="8729753166"/>
  <nd ref="5909982228"/>
  <tag k="highway" v="service"/>
 </way>
 <way id="908058269" visible="true" version="1" changeset="99451958" timestamp="2021-02-17T12:18:49Z" user="AlumRock" uid="10353523">
  <nd ref="8431761111"/>
  <nd ref="8431761116"/>
  <tag k="highway" v="service"/>
  <tag k="service" v="parking_aisle"/>
 </way>
 <way id="908058270" visible="true" version="1" changeset="99451958" timestamp="2021-02-17T12:18:49Z" user="AlumRock" uid="10353523">
  <nd ref="8431761109"/>
  <nd ref="8431761111"/>
  <tag k="highway" v="service"/>
  <tag k="service" v="parking_aisle"/>
 </way>
 <way id="908058271" visible="true" version="1" changeset="99451958" timestamp="2021-02-17T12:18:49Z" user="AlumRock" uid="10353523">
  <nd ref="8431795518"/>
  <nd ref="8431795517"/>
  <tag k="highway" v="service"/>
 </way>
 <way id="908058272" visible="true" version="1" changeset="99451958" timestamp="2021-02-17T12:18:49Z" user="AlumRock" uid="10353523">
  <nd ref="8431761115"/>
  <nd ref="8431761102"/>
  <tag k="highway" v="service"/>
  <tag k="service" v="parking_aisle"/>
 </way>
 <way id="908058273" visible="true" version="1" changeset="99451958" timestamp="2021-02-17T12:18:49Z" user="AlumRock" uid="10353523">
  <nd ref="8431795520"/>
  <nd ref="8431761116"/>
  <tag k="highway" v="service"/>
  <tag k="service" v="parking_aisle"/>
 </way>
 <way id="908058274" visible="true" version="1" changeset="99451958" timestamp="2021-02-17T12:18:49Z" user="AlumRock" uid="10353523">
  <nd ref="8431761105"/>
  <nd ref="8431795529"/>
  <tag k="highway" v="service"/>
  <tag k="service" v="parking_aisle"/>
 </way>
 <way id="908058275" visible="true" version="1" changeset="99451958" timestamp="2021-02-17T12:18:49Z" user="AlumRock" uid="10353523">
  <nd ref="8431795517"/>
  <nd ref="8431795527"/>
  <nd ref="8431795526"/>
  <tag k="highway" v="service"/>
 </way>
 <way id="908058276" visible="true" version="1" changeset="99451958" timestamp="2021-02-17T12:18:49Z" user="AlumRock" uid="10353523">
  <nd ref="8431795521"/>
  <nd ref="8431795520"/>
  <tag k="highway" v="service"/>
  <tag k="service" v="parking_aisle"/>
 </way>
 <way id="908058277" visible="true" version="1" changeset="99451958" timestamp="2021-02-17T12:18:49Z" user="AlumRock" uid="10353523">
  <nd ref="8431795520"/>
  <nd ref="8431795519"/>
  <nd ref="8431795524"/>
  <tag k="highway" v="service"/>
  <tag k="service" v="parking_aisle"/>
 </way>
 <way id="908058278" visible="true" version="2" changeset="104533515" timestamp="2021-05-11T20:06:36Z" user="BlueButterfly" uid="11601527">
  <nd ref="8431795525"/>
  <nd ref="8431761094"/>
  <nd ref="8722885653"/>
  <tag k="highway" v="service"/>
  <tag k="oneway" v="yes"/>
 </way>
 <way id="908058279" visible="true" version="1" changeset="99451958" timestamp="2021-02-17T12:18:49Z" user="AlumRock" uid="10353523">
  <nd ref="8431761101"/>
  <nd ref="8431761116"/>
  <nd ref="8431761115"/>
  <nd ref="8431795518"/>
  <tag k="highway" v="service"/>
  <tag k="service" v="parking_aisle"/>
 </way>
 <way id="908058280" visible="true" version="2" changeset="104533515" timestamp="2021-05-11T20:06:36Z" user="BlueButterfly" uid="11601527">
  <nd ref="8431795518"/>
  <nd ref="8722885652"/>
  <nd ref="8431761103"/>
  <nd ref="8722885651"/>
  <nd ref="8431761102"/>
  <tag k="highway" v="service"/>
 </way>
 <way id="908058281" visible="true" version="2" changeset="104533515" timestamp="2021-05-11T20:06:36Z" user="BlueButterfly" uid="11601527">
  <nd ref="8431795521"/>
  <nd ref="8431761105"/>
  <nd ref="8722885653"/>
  <nd ref="8431761104"/>
  <nd ref="8431795526"/>
  <tag k="highway" v="service"/>
 </way>
 <way id="908058282" visible="true" version="1" changeset="99451958" timestamp="2021-02-17T12:18:49Z" user="AlumRock" uid="10353523">
  <nd ref="8431761110"/>
  <nd ref="8431761101"/>
  <tag k="highway" v="service"/>
  <tag k="service" v="parking_aisle"/>
 </way>
 <way id="908058283" visible="true" version="2" changeset="99511107" timestamp="2021-02-18T09:43:50Z" user="AlumRock" uid="10353523">
  <nd ref="8434378705"/>
  <nd ref="8431761106"/>
  <nd ref="8431761107"/>
  <nd ref="8431761108"/>
  <nd ref="8431761109"/>
  <tag k="highway" v="service"/>
 </way>
 <way id="908058284" visible="true" version="1" changeset="99451958" timestamp="2021-02-17T12:18:49Z" user="AlumRock" uid="10353523">
  <nd ref="8431761115"/>
  <nd ref="8431795529"/>
  <tag k="highway" v="service"/>
  <tag k="service" v="parking_aisle"/>
 </way>
 <way id="908058285" visible="true" version="2" changeset="104533515" timestamp="2021-05-11T20:06:36Z" user="BlueButterfly" uid="11601527">
  <nd ref="8431761110"/>
  <nd ref="8431761113"/>
  <nd ref="8431795524"/>
  <tag k="highway" v="service"/>
 </way>
 <way id="908058286" visible="true" version="1" changeset="99451958" timestamp="2021-02-17T12:18:49Z" user="AlumRock" uid="10353523">
  <nd ref="8431795522"/>
  <nd ref="8431795519"/>
  <nd ref="8431761101"/>
  <tag k="highway" v="service"/>
  <tag k="service" v="parking_aisle"/>
 </way>
 <way id="908058287" visible="true" version="1" changeset="99451958" timestamp="2021-02-17T12:18:49Z" user="AlumRock" uid="10353523">
  <nd ref="8431795529"/>
  <nd ref="8431795520"/>
  <tag k="highway" v="service"/>
  <tag k="service" v="parking_aisle"/>
 </way>
 <way id="908058288" visible="true" version="2" changeset="104533515" timestamp="2021-05-11T20:06:36Z" user="BlueButterfly" uid="11601527">
  <nd ref="8431795524"/>
  <nd ref="8431795523"/>
  <nd ref="8722885656"/>
  <nd ref="8431795522"/>
  <nd ref="8722885654"/>
  <nd ref="8722885655"/>
  <nd ref="8431795521"/>
  <tag k="highway" v="service"/>
 </way>
 <way id="908058289" visible="true" version="1" changeset="99451958" timestamp="2021-02-17T12:18:49Z" user="AlumRock" uid="10353523">
  <nd ref="8431795528"/>
  <nd ref="8431761104"/>
  <tag k="highway" v="service"/>
  <tag k="service" v="parking_aisle"/>
 </way>
 <way id="908058290" visible="true" version="1" changeset="99451958" timestamp="2021-02-17T12:18:49Z" user="AlumRock" uid="10353523">
  <nd ref="8431795529"/>
  <nd ref="8431795528"/>
  <nd ref="8431795517"/>
  <tag k="highway" v="service"/>
  <tag k="service" v="parking_aisle"/>
 </way>
 <way id="908271595" visible="true" version="3" changeset="106385991" timestamp="2021-06-15T08:55:04Z" user="Mendips" uid="10409558">
  <nd ref="8433695366"/>
  <nd ref="8835146450"/>
  <nd ref="8431316770"/>
  <tag k="highway" v="service"/>
 </way>
 <way id="908271597" visible="true" version="2" changeset="101154539" timestamp="2021-03-17T04:24:36Z" user="BeniHammad" uid="10461114">
  <nd ref="8433695370"/>
  <nd ref="8433695369"/>
  <tag k="highway" v="service"/>
 </way>
 <way id="908271598" visible="true" version="1" changeset="99489741" timestamp="2021-02-18T04:48:12Z" user="AlumRock" uid="10353523">
  <nd ref="8433695372"/>
  <nd ref="8433695371"/>
  <tag k="highway" v="service"/>
  <tag k="service" v="parking_aisle"/>
 </way>
 <way id="908271599" visible="true" version="1" changeset="99489741" timestamp="2021-02-18T04:48:12Z" user="AlumRock" uid="10353523">
  <nd ref="8433695374"/>
  <nd ref="8433695373"/>
  <tag k="highway" v="service"/>
  <tag k="service" v="parking_aisle"/>
 </way>
 <way id="908271600" visible="true" version="1" changeset="99489741" timestamp="2021-02-18T04:48:12Z" user="AlumRock" uid="10353523">
  <nd ref="8433695376"/>
  <nd ref="8433695375"/>
  <tag k="highway" v="service"/>
  <tag k="service" v="parking_aisle"/>
 </way>
 <way id="908271601" visible="true" version="1" changeset="99489741" timestamp="2021-02-18T04:48:12Z" user="AlumRock" uid="10353523">
  <nd ref="8433695378"/>
  <nd ref="8433695377"/>
  <tag k="highway" v="service"/>
  <tag k="service" v="parking_aisle"/>
 </way>
 <way id="908271602" visible="true" version="3" changeset="106385991" timestamp="2021-06-15T08:55:04Z" user="Mendips" uid="10409558">
  <nd ref="8431316775"/>
  <nd ref="8835146452"/>
  <nd ref="8433695366"/>
  <nd ref="8433695368"/>
  <nd ref="8723141307"/>
  <nd ref="8433695370"/>
  <nd ref="8433695372"/>
  <nd ref="8433695374"/>
  <nd ref="8433695376"/>
  <nd ref="8433695378"/>
  <nd ref="8431316768"/>
  <tag k="highway" v="service"/>
 </way>
 <way id="908276783" visible="true" version="1" changeset="99491554" timestamp="2021-02-18T05:18:56Z" user="AlumRock" uid="10353523">
  <nd ref="8431316774"/>
  <nd ref="8431316777"/>
  <tag k="highway" v="service"/>
 </way>
 <way id="908276784" visible="true" version="1" changeset="99491554" timestamp="2021-02-18T05:18:56Z" user="AlumRock" uid="10353523">
  <nd ref="8433743633"/>
  <nd ref="8433743632"/>
  <tag k="highway" v="service"/>
  <tag k="service" v="parking_aisle"/>
 </way>
 <way id="908276785" visible="true" version="1" changeset="99491554" timestamp="2021-02-18T05:18:56Z" user="AlumRock" uid="10353523">
  <nd ref="8433743635"/>
  <nd ref="8433743634"/>
  <tag k="highway" v="service"/>
  <tag k="service" v="parking_aisle"/>
 </way>
 <way id="908276786" visible="true" version="1" changeset="99491554" timestamp="2021-02-18T05:18:56Z" user="AlumRock" uid="10353523">
  <nd ref="8433743637"/>
  <nd ref="8433743636"/>
  <tag k="highway" v="service"/>
  <tag k="service" v="parking_aisle"/>
 </way>
 <way id="908276787" visible="true" version="1" changeset="99491554" timestamp="2021-02-18T05:18:56Z" user="AlumRock" uid="10353523">
  <nd ref="8433743642"/>
  <nd ref="8433743638"/>
  <tag k="highway" v="service"/>
 </way>
 <way id="908276788" visible="true" version="3" changeset="106505594" timestamp="2021-06-17T06:16:56Z" user="Mendips" uid="10409558">
  <nd ref="8433743638"/>
  <nd ref="8722885703"/>
  <nd ref="8433743641"/>
  <nd ref="8722885704"/>
  <nd ref="8433743637"/>
  <nd ref="8433743635"/>
  <nd ref="8433743633"/>
  <nd ref="8722885702"/>
  <nd ref="8433743640"/>
  <nd ref="8722885707"/>
  <nd ref="8840965098"/>
  <nd ref="8722885705"/>
  <nd ref="8433743639"/>
  <nd ref="8722885706"/>
  <nd ref="8433743632"/>
  <nd ref="8433743634"/>
  <nd ref="8433743636"/>
  <nd ref="8433743638"/>
  <tag k="highway" v="service"/>
 </way>
 <way id="908284081" visible="true" version="3" changeset="106505594" timestamp="2021-06-17T06:16:56Z" user="Mendips" uid="10409558">
  <nd ref="8840965099"/>
  <nd ref="8840965100"/>
  <nd ref="8840965101"/>
  <nd ref="8840965102"/>
  <nd ref="8840965103"/>
  <nd ref="8840965104"/>
  <nd ref="8840965105"/>
  <nd ref="8840965106"/>
  <nd ref="8840965107"/>
  <nd ref="8840965108"/>
  <nd ref="8840965109"/>
  <nd ref="8840965110"/>
  <nd ref="8840965111"/>
  <nd ref="8840965112"/>
  <nd ref="8840965113"/>
  <nd ref="8840965114"/>
  <nd ref="8840965115"/>
  <nd ref="8840965116"/>
  <nd ref="8433822087"/>
  <nd ref="8722885708"/>
  <nd ref="4568327126"/>
  <tag k="highway" v="service"/>
 </way>
 <way id="908284082" visible="true" version="3" changeset="104537284" timestamp="2021-05-11T22:25:01Z" user="BlueButterfly" uid="11601527">
  <nd ref="8722885678"/>
  <nd ref="8723141307"/>
  <nd ref="8433822091"/>
  <nd ref="8433822090"/>
  <nd ref="8433822089"/>
  <tag k="highway" v="service"/>
 </way>
 <way id="908342008" visible="true" version="2" changeset="106445895" timestamp="2021-06-16T07:26:28Z" user="Mendips" uid="10409558">
  <nd ref="8203450011"/>
  <nd ref="8434378698"/>
  <nd ref="8837904576"/>
  <nd ref="8837904575"/>
  <nd ref="8837904574"/>
  <nd ref="8837904573"/>
  <nd ref="8837904572"/>
  <tag k="highway" v="service"/>
 </way>
 <way id="908342010" visible="true" version="1" changeset="99511107" timestamp="2021-02-18T09:43:50Z" user="AlumRock" uid="10353523">
  <nd ref="8434378702"/>
  <nd ref="8434378705"/>
  <tag k="highway" v="service"/>
  <tag k="service" v="parking_aisle"/>
 </way>
 <way id="908342011" visible="true" version="1" changeset="99511107" timestamp="2021-02-18T09:43:50Z" user="AlumRock" uid="10353523">
  <nd ref="8431761112"/>
  <nd ref="8434378702"/>
  <tag k="highway" v="service"/>
 </way>
 <way id="908342012" visible="true" version="2" changeset="104533515" timestamp="2021-05-11T20:06:36Z" user="BlueButterfly" uid="11601527">
  <nd ref="8434378705"/>
  <nd ref="8722885650"/>
  <nd ref="8434378704"/>
  <nd ref="8722885649"/>
  <nd ref="8722885647"/>
  <nd ref="8434378703"/>
  <nd ref="8722885648"/>
  <nd ref="8434378702"/>
  <tag k="highway" v="service"/>
 </way>
 <way id="908342016" visible="true" version="2" changeset="104533515" timestamp="2021-05-11T20:06:36Z" user="BlueButterfly" uid="11601527">
  <nd ref="8434378712"/>
  <nd ref="8722885666"/>
  <nd ref="8434390223"/>
  <tag k="highway" v="service"/>
  <tag k="service" v="parking_aisle"/>
 </way>
 <way id="908342017" visible="true" version="1" changeset="99511107" timestamp="2021-02-18T09:43:50Z" user="AlumRock" uid="10353523">
  <nd ref="8434378716"/>
  <nd ref="8434378715"/>
  <nd ref="8434390218"/>
  <tag k="highway" v="service"/>
  <tag k="oneway" v="yes"/>
 </way>
 <way id="908342018" visible="true" version="1" changeset="99511107" timestamp="2021-02-18T09:43:50Z" user="AlumRock" uid="10353523">
  <nd ref="8434390220"/>
  <nd ref="8434378714"/>
  <nd ref="8434390226"/>
  <tag k="highway" v="service"/>
  <tag k="oneway" v="yes"/>
 </way>
 <way id="908342019" visible="true" version="1" changeset="99511107" timestamp="2021-02-18T09:43:50Z" user="AlumRock" uid="10353523">
  <nd ref="8434390217"/>
  <nd ref="8434378713"/>
  <tag k="highway" v="service"/>
  <tag k="service" v="parking_aisle"/>
 </way>
 <way id="908342020" visible="true" version="1" changeset="99511107" timestamp="2021-02-18T09:43:50Z" user="AlumRock" uid="10353523">
  <nd ref="8434390223"/>
  <nd ref="8434390219"/>
  <nd ref="8434390218"/>
  <tag k="highway" v="service"/>
  <tag k="service" v="parking_aisle"/>
 </way>
 <way id="908342021" visible="true" version="2" changeset="104533515" timestamp="2021-05-11T20:06:36Z" user="BlueButterfly" uid="11601527">
  <nd ref="8434390220"/>
  <nd ref="8434390225"/>
  <nd ref="8434390224"/>
  <nd ref="8722885665"/>
  <nd ref="8434378713"/>
  <nd ref="8434390223"/>
  <nd ref="8722885672"/>
  <nd ref="8434390222"/>
  <nd ref="8722885673"/>
  <nd ref="8722885671"/>
  <nd ref="8434390221"/>
  <nd ref="8722885674"/>
  <nd ref="8434390218"/>
  <nd ref="8434378712"/>
  <nd ref="8434390217"/>
  <nd ref="8434390220"/>
  <tag k="highway" v="service"/>
 </way>
 <way id="908343771" visible="true" version="3" changeset="104533515" timestamp="2021-05-11T20:06:36Z" user="BlueButterfly" uid="11601527">
  <nd ref="4568327118"/>
  <nd ref="8722885713"/>
  <nd ref="4568327115"/>
  <nd ref="8722885714"/>
  <nd ref="8722887517"/>
  <nd ref="4568327116"/>
  <nd ref="8722885716"/>
  <nd ref="8722885715"/>
  <nd ref="4568327117"/>
  <nd ref="8722887518"/>
  <nd ref="4568327118"/>
  <tag k="access" v="private"/>
  <tag k="highway" v="service"/>
  <tag k="oneway" v="yes"/>
 </way>
 <way id="908402461" visible="true" version="2" changeset="106399911" timestamp="2021-06-15T12:05:47Z" user="Mendips" uid="10409558">
  <nd ref="8434887656"/>
  <nd ref="8434887655"/>
  <nd ref="8434887654"/>
  <nd ref="8835809362"/>
  <nd ref="8835809361"/>
  <nd ref="8835809360"/>
  <nd ref="8835809359"/>
  <nd ref="8835809358"/>
  <nd ref="8835809357"/>
  <tag k="highway" v="service"/>
 </way>
 <way id="908602976" visible="true" version="2" changeset="104531835" timestamp="2021-05-11T19:24:20Z" user="BlueButterfly" uid="11601527">
  <nd ref="8436561247"/>
  <nd ref="8722777319"/>
  <nd ref="8436561246"/>
  <nd ref="8722777318"/>
  <nd ref="8436561245"/>
  <nd ref="8722777317"/>
  <nd ref="8722743416"/>
  <nd ref="8722743415"/>
  <nd ref="8436720995"/>
  <tag k="highway" v="service"/>
 </way>
 <way id="908602977" visible="true" version="5" changeset="104531835" timestamp="2021-05-11T19:24:20Z" user="BlueButterfly" uid="11601527">
  <nd ref="8445477205"/>
  <nd ref="8445477209"/>
  <nd ref="8722743414"/>
  <nd ref="8445477210"/>
  <nd ref="8722743413"/>
  <nd ref="8436720995"/>
  <nd ref="8436561249"/>
  <nd ref="8722743404"/>
  <nd ref="8436561248"/>
  <nd ref="8722743403"/>
  <nd ref="8436561247"/>
  <nd ref="8445430382"/>
  <nd ref="8722777330"/>
  <nd ref="8722777325"/>
  <nd ref="8722777324"/>
  <nd ref="8722777323"/>
  <nd ref="8722777322"/>
  <nd ref="8722777321"/>
  <nd ref="8722777320"/>
  <tag k="highway" v="service"/>
 </way>
 <way id="908602987" visible="true" version="3" changeset="104531835" timestamp="2021-05-11T19:24:20Z" user="BlueButterfly" uid="11601527">
  <nd ref="8436561280"/>
  <nd ref="8436561279"/>
  <nd ref="8436561276"/>
  <nd ref="8722743402"/>
  <nd ref="8722743401"/>
  <nd ref="8436561278"/>
  <nd ref="8722743400"/>
  <nd ref="8436720997"/>
  <nd ref="8722743399"/>
  <nd ref="8436720996"/>
  <tag k="highway" v="service"/>
 </way>
 <way id="908615626" visible="true" version="3" changeset="104532320" timestamp="2021-05-11T19:36:09Z" user="BlueButterfly" uid="11601527">
  <nd ref="8436720990"/>
  <nd ref="8445479851"/>
  <nd ref="8436720989"/>
  <nd ref="8722799050"/>
  <tag k="highway" v="service"/>
 </way>
 <way id="908615627" visible="true" version="3" changeset="104532320" timestamp="2021-05-11T19:36:09Z" user="BlueButterfly" uid="11601527">
  <nd ref="8436720994"/>
  <nd ref="8436720993"/>
  <nd ref="8722743397"/>
  <nd ref="8722743398"/>
  <nd ref="8722799049"/>
  <nd ref="8436720992"/>
  <nd ref="8436720990"/>
  <nd ref="8436720988"/>
  <nd ref="8436720991"/>
  <tag k="highway" v="service"/>
 </way>
 <way id="909582710" visible="true" version="2" changeset="104532320" timestamp="2021-05-11T19:36:09Z" user="BlueButterfly" uid="11601527">
  <nd ref="8445430381"/>
  <nd ref="8445430376"/>
  <nd ref="8722799056"/>
  <nd ref="8445430380"/>
  <nd ref="8722799055"/>
  <nd ref="8722799053"/>
  <nd ref="8445430379"/>
  <nd ref="8445430377"/>
  <nd ref="8445430378"/>
  <tag k="highway" v="service"/>
 </way>
 <way id="909588159" visible="true" version="2" changeset="99813443" timestamp="2021-02-23T09:59:40Z" user="Umdloti" uid="10278829">
  <nd ref="8445477202"/>
  <nd ref="8445477201"/>
  <tag k="highway" v="service"/>
 </way>
 <way id="909588160" visible="true" version="2" changeset="99813443" timestamp="2021-02-23T09:59:40Z" user="Umdloti" uid="10278829">
  <nd ref="8445477204"/>
  <nd ref="8445477202"/>
  <nd ref="8445477203"/>
  <tag k="highway" v="service"/>
 </way>
 <way id="909588161" visible="true" version="2" changeset="104531835" timestamp="2021-05-11T19:24:20Z" user="BlueButterfly" uid="11601527">
  <nd ref="8445477205"/>
  <nd ref="8722743406"/>
  <nd ref="8445477206"/>
  <nd ref="8722743407"/>
  <nd ref="8445477203"/>
  <nd ref="8722743408"/>
  <nd ref="8445477207"/>
  <nd ref="8722743409"/>
  <nd ref="8445477201"/>
  <nd ref="8722743405"/>
  <nd ref="8445477208"/>
  <nd ref="8722743410"/>
  <nd ref="8445477204"/>
  <nd ref="8445477205"/>
  <tag k="highway" v="service"/>
 </way>
 <way id="909588589" visible="true" version="2" changeset="104532320" timestamp="2021-05-11T19:36:09Z" user="BlueButterfly" uid="11601527">
  <nd ref="8445430379"/>
  <nd ref="8722799051"/>
  <nd ref="8445479851"/>
  <tag k="highway" v="service"/>
 </way>
 <way id="912670884" visible="true" version="2" changeset="100258931" timestamp="2021-03-02T08:09:44Z" user="BeniHammad" uid="10461114">
  <nd ref="8478249925"/>
  <nd ref="8478266266"/>
  <nd ref="8478249924"/>
  <tag k="highway" v="service"/>
 </way>
 <way id="912673875" visible="true" version="1" changeset="100258931" timestamp="2021-03-02T08:09:44Z" user="BeniHammad" uid="10461114">
  <nd ref="8239582868"/>
  <nd ref="8239582870"/>
  <nd ref="8239582872"/>
  <nd ref="8239582874"/>
  <tag k="highway" v="service"/>
  <tag k="surface" v="asphalt"/>
 </way>
 <way id="912673879" visible="true" version="1" changeset="100258931" timestamp="2021-03-02T08:09:44Z" user="BeniHammad" uid="10461114">
  <nd ref="4568327105"/>
  <nd ref="4568327111"/>
  <nd ref="4568327107"/>
  <nd ref="4568327109"/>
  <nd ref="4568327106"/>
  <nd ref="8478266267"/>
  <nd ref="8203440974"/>
  <tag k="access" v="private"/>
  <tag k="highway" v="service"/>
  <tag k="oneway" v="yes"/>
  <tag k="surface" v="concrete"/>
 </way>
 <way id="912673880" visible="true" version="1" changeset="100258931" timestamp="2021-03-02T08:09:44Z" user="BeniHammad" uid="10461114">
  <nd ref="8478266274"/>
  <nd ref="8478266275"/>
  <tag k="highway" v="service"/>
  <tag k="oneway" v="yes"/>
  <tag k="surface" v="asphalt"/>
 </way>
 <way id="912673881" visible="true" version="1" changeset="100258931" timestamp="2021-03-02T08:09:44Z" user="BeniHammad" uid="10461114">
  <nd ref="4568327102"/>
  <nd ref="8203440973"/>
  <tag k="highway" v="service"/>
  <tag k="oneway" v="yes"/>
  <tag k="surface" v="concrete"/>
 </way>
 <way id="918097755" visible="true" version="1" changeset="101154539" timestamp="2021-03-17T04:24:36Z" user="BeniHammad" uid="10461114">
  <nd ref="8431316770"/>
  <nd ref="8431316769"/>
  <tag k="highway" v="service"/>
 </way>
 <way id="941936966" visible="true" version="1" changeset="104531835" timestamp="2021-05-11T19:24:20Z" user="BlueButterfly" uid="11601527">
  <nd ref="8445477209"/>
  <nd ref="8722743412"/>
  <nd ref="8722743411"/>
  <nd ref="8436561249"/>
  <tag k="highway" v="service"/>
 </way>
 <way id="941949091" visible="true" version="1" changeset="104533515" timestamp="2021-05-11T20:06:36Z" user="BlueButterfly" uid="11601527">
  <nd ref="8431761113"/>
  <nd ref="8722885645"/>
  <nd ref="8722885644"/>
  <nd ref="8722885643"/>
  <nd ref="8722885642"/>
  <nd ref="8722885646"/>
  <tag k="highway" v="service"/>
 </way>
 <way id="941949092" visible="true" version="1" changeset="104533515" timestamp="2021-05-11T20:06:36Z" user="BlueButterfly" uid="11601527">
  <nd ref="8434390221"/>
  <nd ref="8722885670"/>
  <nd ref="8722885669"/>
  <nd ref="8722885668"/>
  <nd ref="8722885667"/>
  <tag k="highway" v="service"/>
 </way>
 <way id="941949093" visible="true" version="2" changeset="104585596" timestamp="2021-05-12T16:28:15Z" user="BlueButterfly" uid="11601527">
  <nd ref="8722885691"/>
  <nd ref="8722885690"/>
  <nd ref="8722885682"/>
  <nd ref="8722885689"/>
  <nd ref="8722885681"/>
  <nd ref="8722885688"/>
  <nd ref="8722885687"/>
  <nd ref="8722885686"/>
  <nd ref="8722885685"/>
  <nd ref="8722885684"/>
  <nd ref="8725668004"/>
  <nd ref="8722885683"/>
  <tag k="highway" v="service"/>
 </way>
 <way id="941949094" visible="true" version="1" changeset="104533515" timestamp="2021-05-11T20:06:36Z" user="BlueButterfly" uid="11601527">
  <nd ref="8722885696"/>
  <nd ref="8722885695"/>
  <nd ref="8722885694"/>
  <nd ref="8722885693"/>
  <nd ref="8722885692"/>
  <tag k="highway" v="service"/>
 </way>
 <way id="941979945" visible="true" version="2" changeset="113914285" timestamp="2021-11-17T19:58:31Z" user="TomCerts" uid="12040628">
  <nd ref="1825835527"/>
  <nd ref="8723136922"/>
  <nd ref="8723136921"/>
  <tag k="access" v="private"/>
  <tag k="highway" v="residential"/>
 </way>
 <way id="941995072" visible="true" version="1" changeset="104538455" timestamp="2021-05-11T23:48:25Z" user="BlueButterfly" uid="11601527">
  <nd ref="8547966945"/>
  <nd ref="8723244711"/>
  <nd ref="8723244710"/>
  <nd ref="8239582871"/>
  <nd ref="8239582869"/>
  <nd ref="8723244709"/>
  <nd ref="8723244708"/>
  <nd ref="8239582867"/>
  <tag k="highway" v="service"/>
 </way>
 <way id="942339020" visible="true" version="1" changeset="104593404" timestamp="2021-05-12T19:00:00Z" user="BlueButterfly" uid="11601527">
  <nd ref="8726112053"/>
  <nd ref="8726112049"/>
  <nd ref="8726112048"/>
  <nd ref="8726112047"/>
  <tag k="highway" v="service"/>
 </way>
 <way id="942339021" visible="true" version="1" changeset="104593404" timestamp="2021-05-12T19:00:00Z" user="BlueButterfly" uid="11601527">
  <nd ref="8726112055"/>
  <nd ref="8726112054"/>
  <nd ref="8726112053"/>
  <nd ref="8726112052"/>
  <nd ref="8726112051"/>
  <nd ref="8726112050"/>
  <tag k="highway" v="service"/>
 </way>
 <way id="942339022" visible="true" version="1" changeset="104593404" timestamp="2021-05-12T19:00:00Z" user="BlueButterfly" uid="11601527">
  <nd ref="8726112058"/>
  <nd ref="8726112057"/>
  <nd ref="8726112056"/>
  <tag k="highway" v="service"/>
 </way>
 <way id="954551326" visible="true" version="1" changeset="106385991" timestamp="2021-06-15T08:55:04Z" user="Mendips" uid="10409558">
  <nd ref="8835146451"/>
  <nd ref="8835146449"/>
  <tag k="highway" v="service"/>
 </way>
 <way id="954551327" visible="true" version="1" changeset="106385991" timestamp="2021-06-15T08:55:04Z" user="Mendips" uid="10409558">
  <nd ref="8835146452"/>
  <nd ref="8835146451"/>
  <nd ref="8835146450"/>
  <tag k="highway" v="service"/>
 </way>
 <way id="954797523" visible="true" version="1" changeset="106433136" timestamp="2021-06-16T04:22:35Z" user="Mendips" uid="10409558">
  <nd ref="8837472897"/>
  <nd ref="8837472896"/>
  <nd ref="8837472895"/>
  <nd ref="8837472894"/>
  <nd ref="8837472893"/>
  <nd ref="8837472892"/>
  <nd ref="8837472891"/>
  <nd ref="8837472890"/>
  <tag k="highway" v="service"/>
  <tag k="service" v="parking_aisle"/>
 </way>
 <way id="957481223" visible="true" version="1" changeset="106830610" timestamp="2021-06-23T10:30:22Z" user="Dublarchar" uid="12652995">
  <nd ref="8859698453"/>
  <nd ref="8859698452"/>
  <nd ref="8859698451"/>
  <nd ref="8859698450"/>
  <nd ref="8859698449"/>
  <nd ref="8859698448"/>
  <nd ref="8722799050"/>
  <tag k="highway" v="service"/>
 </way>
 <way id="957505355" visible="true" version="1" changeset="106835344" timestamp="2021-06-23T11:40:07Z" user="Dublarchar" uid="12652995">
  <nd ref="8859885060"/>
  <nd ref="8478249925"/>
  <tag k="highway" v="service"/>
 </way>
 <way id="957532550" visible="true" version="1" changeset="106837928" timestamp="2021-06-23T12:20:38Z" user="Dublarchar" uid="12652995">
  <nd ref="8860103205"/>
  <nd ref="8860103204"/>
  <tag k="highway" v="residential"/>
 </way>
 <way id="1017222720" visible="true" version="1" changeset="115621448" timestamp="2021-12-31T20:20:14Z" user="Arun Ganesh" uid="14749768">
  <nd ref="9382616877"/>
  <nd ref="9382616876"/>
  <nd ref="9382616875"/>
  <nd ref="9382616874"/>
  <nd ref="9382616873"/>
  <nd ref="9382616872"/>
  <nd ref="9382616871"/>
  <nd ref="9382616870"/>
  <nd ref="9382616869"/>
  <nd ref="9382616868"/>
  <nd ref="9382616867"/>
  <nd ref="9382616866"/>
  <nd ref="9382616865"/>
  <nd ref="9382616864"/>
  <nd ref="9382616877"/>
  <tag k="landuse" v="industrial"/>
 </way>
 <way id="1036256441" visible="true" version="1" changeset="117974903" timestamp="2022-03-01T10:48:06Z" user="ulazezyulina" uid="10740727">
  <nd ref="9547098528"/>
  <nd ref="9547098529"/>
  <tag k="highway" v="path"/>
 </way>
 <way id="1036256482" visible="true" version="1" changeset="117974915" timestamp="2022-03-01T10:48:25Z" user="ulazezyulina" uid="10740727">
  <nd ref="9547097894"/>
  <nd ref="9547097895"/>
  <tag k="highway" v="path"/>
 </way>
 <way id="1197280239" visible="true" version="1" changeset="139778480" timestamp="2023-08-12T08:57:15Z" user="Basstoelpel" uid="72235">
  <nd ref="1241389889"/>
  <nd ref="1241389940"/>
  <nd ref="1241389897"/>
  <nd ref="1241390081"/>
  <nd ref="1241390124"/>
  <nd ref="1241390292"/>
  <nd ref="1241390035"/>
  <nd ref="1241390201"/>
  <nd ref="1241390244"/>
  <nd ref="1241390044"/>
  <nd ref="1241389854"/>
  <nd ref="11109164152"/>
  <tag k="cables" v="6"/>
  <tag k="circuits" v="2"/>
  <tag k="frequency" v="60"/>
  <tag k="power" v="line"/>
  <tag k="voltage" v="115000"/>
 </way>
 <way id="1364865271" visible="true" version="1" changeset="163261531" timestamp="2025-03-05T21:07:01Z" user="Abr_mx" uid="6766137">
  <nd ref="12639546653"/>
  <nd ref="12639546654"/>
  <nd ref="12639546655"/>
  <nd ref="12639546656"/>
  <nd ref="12639546653"/>
  <tag k="brand" v="Walmart"/>
  <tag k="brand:wikidata" v="Q483551"/>
  <tag k="building" v="yes"/>
  <tag k="name" v="Walmart"/>
  <tag k="shop" v="department_store"/>
 </way>
 <way id="1419430893" visible="true" version="1" changeset="169876203" timestamp="2025-08-02T18:46:23Z" user="Juan MAS" uid="18570611">
  <nd ref="13043392897"/>
  <nd ref="13043392898"/>
  <nd ref="13043392899"/>
  <nd ref="13043392900"/>
  <nd ref="13043392897"/>
  <tag k="building" v="yes"/>
  <tag k="leisure" v="sports_hall"/>
 </way>
 <way id="1419430894" visible="true" version="1" changeset="169876203" timestamp="2025-08-02T18:46:23Z" user="Juan MAS" uid="18570611">
  <nd ref="13043417001"/>
  <nd ref="13043417002"/>
  <nd ref="13043417003"/>
  <nd ref="13043417004"/>
  <nd ref="13043417001"/>
  <tag k="leisure" v="pitch"/>
  <tag k="sport" v="tennis"/>
 </way>
 <way id="1419430895" visible="true" version="1" changeset="169876203" timestamp="2025-08-02T18:46:23Z" user="Juan MAS" uid="18570611">
  <nd ref="13043417005"/>
  <nd ref="13043417006"/>
  <nd ref="13043417007"/>
  <nd ref="13043417008"/>
  <nd ref="13043417005"/>
  <tag k="leisure" v="pitch"/>
  <tag k="sport" v="tennis"/>
 </way>
 <way id="1419430896" visible="true" version="1" changeset="169876203" timestamp="2025-08-02T18:46:23Z" user="Juan MAS" uid="18570611">
  <nd ref="4568210793"/>
  <nd ref="4568210810"/>
  <nd ref="4568210801"/>
  <tag k="access" v="private"/>
  <tag k="highway" v="footway"/>
  <tag k="lit" v="yes"/>
  <tag k="surface" v="paved"/>
 </way>
 <way id="1419430897" visible="true" version="1" changeset="169876203" timestamp="2025-08-02T18:46:23Z" user="Juan MAS" uid="18570611">
  <nd ref="4568210802"/>
  <nd ref="4568210803"/>
  <tag k="access" v="private"/>
  <tag k="highway" v="footway"/>
  <tag k="layer" v="-1"/>
  <tag k="lit" v="yes"/>
  <tag k="surface" v="paved"/>
 </way>
 <way id="1419430898" visible="true" version="1" changeset="169876203" timestamp="2025-08-02T18:46:23Z" user="Juan MAS" uid="18570611">
  <nd ref="4568210817"/>
  <nd ref="5913697141"/>
  <tag k="access" v="private"/>
  <tag k="highway" v="footway"/>
  <tag k="lit" v="yes"/>
  <tag k="surface" v="paved"/>
 </way>
 <way id="1419430899" visible="true" version="1" changeset="169876203" timestamp="2025-08-02T18:46:23Z" user="Juan MAS" uid="18570611">
  <nd ref="4568210811"/>
  <nd ref="4568210812"/>
  <tag k="access" v="private"/>
  <tag k="highway" v="footway"/>
  <tag k="lit" v="yes"/>
  <tag k="surface" v="paved"/>
 </way>
 <way id="1419430900" visible="true" version="1" changeset="169876203" timestamp="2025-08-02T18:46:23Z" user="Juan MAS" uid="18570611">
  <nd ref="4568285067"/>
  <nd ref="4568285068"/>
  <nd ref="4568285080"/>
  <nd ref="4568285072"/>
  <tag k="access" v="private"/>
  <tag k="highway" v="footway"/>
  <tag k="lit" v="yes"/>
  <tag k="surface" v="paved"/>
 </way>
 <way id="1419430901" visible="true" version="1" changeset="169876203" timestamp="2025-08-02T18:46:23Z" user="Juan MAS" uid="18570611">
  <nd ref="4568285065"/>
  <nd ref="4568285066"/>
  <nd ref="4568285058"/>
  <tag k="access" v="private"/>
  <tag k="highway" v="footway"/>
  <tag k="lit" v="yes"/>
  <tag k="surface" v="paved"/>
 </way>
 <way id="1419430902" visible="true" version="1" changeset="169876203" timestamp="2025-08-02T18:46:23Z" user="Juan MAS" uid="18570611">
  <nd ref="4568285068"/>
  <nd ref="4568285069"/>
  <tag k="access" v="private"/>
  <tag k="highway" v="footway"/>
  <tag k="lit" v="yes"/>
  <tag k="surface" v="paved"/>
 </way>
 <way id="1419430903" visible="true" version="1" changeset="169876203" timestamp="2025-08-02T18:46:23Z" user="Juan MAS" uid="18570611">
  <nd ref="4568210816"/>
  <nd ref="4568210817"/>
  <tag k="access" v="private"/>
  <tag k="highway" v="footway"/>
  <tag k="lit" v="yes"/>
  <tag k="surface" v="paved"/>
 </way>
 <way id="1419430904" visible="true" version="1" changeset="169876203" timestamp="2025-08-02T18:46:23Z" user="Juan MAS" uid="18570611">
  <nd ref="4568282888"/>
  <nd ref="4568284793"/>
  <nd ref="4568285074"/>
  <nd ref="4568284789"/>
  <tag k="access" v="private"/>
  <tag k="highway" v="footway"/>
  <tag k="lit" v="yes"/>
  <tag k="surface" v="paved"/>
 </way>
 <way id="1419430905" visible="true" version="1" changeset="169876203" timestamp="2025-08-02T18:46:23Z" user="Juan MAS" uid="18570611">
  <nd ref="4568210792"/>
  <nd ref="4568210808"/>
  <nd ref="4568210812"/>
  <nd ref="4568210793"/>
  <tag k="access" v="private"/>
  <tag k="highway" v="footway"/>
  <tag k="lit" v="yes"/>
  <tag k="surface" v="paved"/>
 </way>
 <way id="1419430906" visible="true" version="1" changeset="169876203" timestamp="2025-08-02T18:46:23Z" user="Juan MAS" uid="18570611">
  <nd ref="4568210789"/>
  <nd ref="4568210797"/>
  <nd ref="4568210794"/>
  <tag k="access" v="private"/>
  <tag k="highway" v="footway"/>
  <tag k="lit" v="yes"/>
 </way>
 <way id="1419430907" visible="true" version="1" changeset="169876203" timestamp="2025-08-02T18:46:23Z" user="Juan MAS" uid="18570611">
  <nd ref="4568285008"/>
  <nd ref="4568285009"/>
  <tag k="access" v="private"/>
  <tag k="highway" v="footway"/>
  <tag k="lit" v="yes"/>
  <tag k="surface" v="paved"/>
 </way>
 <way id="1419430908" visible="true" version="1" changeset="169876203" timestamp="2025-08-02T18:46:23Z" user="Juan MAS" uid="18570611">
  <nd ref="4568210792"/>
  <nd ref="4568284942"/>
  <nd ref="13043417009"/>
  <tag k="access" v="private"/>
  <tag k="highway" v="footway"/>
  <tag k="lit" v="yes"/>
  <tag k="surface" v="paved"/>
 </way>
 <way id="1419430909" visible="true" version="1" changeset="169876203" timestamp="2025-08-02T18:46:23Z" user="Juan MAS" uid="18570611">
  <nd ref="4568210789"/>
  <nd ref="4568282883"/>
  <nd ref="4568210790"/>
  <tag k="access" v="private"/>
  <tag k="highway" v="footway"/>
  <tag k="lit" v="yes"/>
  <tag k="surface" v="paved"/>
 </way>
 <way id="1419430910" visible="true" version="1" changeset="169876203" timestamp="2025-08-02T18:46:23Z" user="Juan MAS" uid="18570611">
  <nd ref="4568210793"/>
  <nd ref="4568210790"/>
  <tag k="access" v="private"/>
  <tag k="highway" v="footway"/>
  <tag k="lit" v="yes"/>
  <tag k="surface" v="paved"/>
 </way>
 <way id="1419430911" visible="true" version="1" changeset="169876203" timestamp="2025-08-02T18:46:23Z" user="Juan MAS" uid="18570611">
  <nd ref="4568285013"/>
  <nd ref="4568285014"/>
  <tag k="access" v="private"/>
  <tag k="highway" v="footway"/>
  <tag k="lit" v="yes"/>
  <tag k="surface" v="paved"/>
 </way>
 <way id="1419430912" visible="true" version="1" changeset="169876203" timestamp="2025-08-02T18:46:23Z" user="Juan MAS" uid="18570611">
  <nd ref="4568285006"/>
  <nd ref="4568285010"/>
  <nd ref="4568285008"/>
  <nd ref="4568285007"/>
  <tag k="access" v="private"/>
  <tag k="highway" v="footway"/>
  <tag k="lit" v="yes"/>
  <tag k="surface" v="paved"/>
 </way>
 <way id="1419430913" visible="true" version="1" changeset="169876203" timestamp="2025-08-02T18:46:23Z" user="Juan MAS" uid="18570611">
  <nd ref="4568282886"/>
  <nd ref="4568285004"/>
  <tag k="access" v="private"/>
  <tag k="highway" v="footway"/>
  <tag k="lit" v="yes"/>
  <tag k="surface" v="paved"/>
 </way>
 <way id="1419430914" visible="true" version="1" changeset="169876203" timestamp="2025-08-02T18:46:23Z" user="Juan MAS" uid="18570611">
  <nd ref="13043417010"/>
  <nd ref="13043417011"/>
  <nd ref="13043417012"/>
  <nd ref="13043417013"/>
  <nd ref="13043417010"/>
 </way>
 <way id="1419430915" visible="true" version="1" changeset="169876203" timestamp="2025-08-02T18:46:23Z" user="Juan MAS" uid="18570611">
  <nd ref="13043417015"/>
  <nd ref="4568284973"/>
  <nd ref="13043417016"/>
  <nd ref="13043417017"/>
  <nd ref="13043417018"/>
  <nd ref="13043417019"/>
  <nd ref="13043417020"/>
  <nd ref="13043417021"/>
  <nd ref="13043417022"/>
  <nd ref="13043417023"/>
  <nd ref="13043417024"/>
  <nd ref="13043417025"/>
  <nd ref="13043417026"/>
  <nd ref="13043417027"/>
  <nd ref="13043417028"/>
  <nd ref="13043417029"/>
  <nd ref="13043417030"/>
  <nd ref="13043417031"/>
  <nd ref="13043417032"/>
  <nd ref="13043417033"/>
  <nd ref="13043417034"/>
  <nd ref="13043417015"/>
  <tag k="building" v="university"/>
 </way>
 <way id="1419432363" visible="true" version="1" changeset="169876658" timestamp="2025-08-02T18:59:42Z" user="Juan MAS" uid="18570611">
  <nd ref="13043428511"/>
  <nd ref="13043428512"/>
  <nd ref="13043428513"/>
  <nd ref="13043428514"/>
  <nd ref="13043428511"/>
  <tag k="leisure" v="pitch"/>
  <tag k="sport" v="soccer"/>
 </way>
 <relation id="2287580" visible="true" version="38" changeset="62638881" timestamp="2018-09-16T15:36:43Z" user="chachafish" uid="2237750">
  <member type="node" ref="1828231201" role="stop"/>
  <member type="node" ref="1830112012" role="stop"/>
  <member type="node" ref="1828231198" role="stop"/>
  <member type="node" ref="1828231188" role="stop"/>
  <member type="node" ref="1828231182" role="stop"/>
  <member type="node" ref="1830112019" role="stop"/>
  <member type="node" ref="1828231210" role="stop"/>
  <member type="node" ref="1828231221" role="stop"/>
  <member type="node" ref="1828231219" role="stop"/>
  <member type="node" ref="1828231190" role="stop"/>
  <member type="node" ref="5909982227" role="stop"/>
  <member type="node" ref="1828231175" role="stop"/>
  <member type="node" ref="5909982228" role="stop"/>
  <member type="node" ref="1830111954" role="stop"/>
  <member type="node" ref="1828231168" role="stop"/>
  <member type="node" ref="1828231164" role="stop"/>
  <member type="node" ref="1828231161" role="stop"/>
  <member type="node" ref="1828231159" role="stop"/>
  <member type="node" ref="1828231156" role="stop"/>
  <member type="node" ref="5896368645" role="stop"/>
  <member type="node" ref="1828033927" role="platform"/>
  <member type="node" ref="1830111837" role="platform"/>
  <member type="node" ref="1830111818" role="platform"/>
  <member type="node" ref="1830111799" role="platform"/>
  <member type="node" ref="1830111788" role="platform"/>
  <member type="node" ref="1830111786" role="platform"/>
  <member type="node" ref="1830111778" role="platform"/>
  <member type="node" ref="1830111768" role="platform"/>
  <member type="node" ref="1830111739" role="platform"/>
  <member type="node" ref="1830111734" role="platform"/>
  <member type="node" ref="1830111729" role="platform"/>
  <member type="node" ref="1830111710" role="platform"/>
  <member type="node" ref="1828231044" role="stop"/>
  <member type="node" ref="1830111647" role="platform"/>
  <member type="node" ref="1830111534" role="platform"/>
  <member type="node" ref="1830111544" role="platform"/>
  <member type="node" ref="1830111568" role="platform"/>
  <member type="node" ref="1830111596" role="platform"/>
  <member type="node" ref="1830111634" role="stop"/>
  <member type="node" ref="1830111643" role="stop"/>
  <member type="node" ref="1830111680" role="stop"/>
  <member type="node" ref="1830111690" role="stop"/>
  <member type="node" ref="1830111529" role="platform"/>
  <member type="node" ref="1830111509" role="stop"/>
  <member type="node" ref="1830111456" role="platform"/>
  <member type="node" ref="1830111442" role="platform"/>
  <member type="node" ref="1830111419" role="platform"/>
  <member type="node" ref="1830111353" role="platform"/>
  <member type="node" ref="1830111358" role="platform"/>
  <member type="node" ref="1830111360" role="platform"/>
  <member type="node" ref="1830111350" role="platform"/>
  <member type="node" ref="1830111340" role="platform"/>
  <member type="node" ref="1830111347" role="platform"/>
  <member type="node" ref="1830111354" role="platform"/>
  <member type="node" ref="1830111402" role="platform"/>
  <member type="node" ref="1830111363" role="platform"/>
  <member type="node" ref="1830111355" role="platform"/>
  <member type="node" ref="1830111420" role="platform"/>
  <member type="node" ref="5895210917" role="stop"/>
  <member type="node" ref="1828231019" role="platform"/>
  <member type="node" ref="1830111531" role="platform"/>
  <member type="node" ref="1830111578" role="platform"/>
  <member type="node" ref="1830111696" role="platform"/>
  <member type="node" ref="1830111693" role="platform"/>
  <member type="node" ref="1830111661" role="platform"/>
  <member type="node" ref="1830111640" role="platform"/>
  <member type="node" ref="1830111636" role="platform"/>
  <member type="node" ref="1830111599" role="platform"/>
  <member type="node" ref="1830111583" role="platform"/>
  <member type="node" ref="1830111576" role="platform"/>
  <member type="node" ref="1830111546" role="platform"/>
  <member type="node" ref="5895140070" role="platform"/>
  <member type="node" ref="1830111655" role="platform"/>
  <member type="node" ref="1830111703" role="platform"/>
  <member type="node" ref="1830111727" role="platform"/>
  <member type="node" ref="1830111732" role="platform"/>
  <member type="node" ref="1828231053" role="stop"/>
  <member type="node" ref="1830111742" role="platform"/>
  <member type="node" ref="1830111750" role="platform"/>
  <member type="node" ref="1830111772" role="platform"/>
  <member type="node" ref="1830111776" role="platform"/>
  <member type="node" ref="1830111792" role="platform"/>
  <member type="node" ref="1830111796" role="platform"/>
  <member type="node" ref="1830111811" role="platform"/>
  <member type="node" ref="1830111813" role="platform"/>
  <member type="node" ref="1830111815" role="platform"/>
  <member type="node" ref="1830111822" role="platform"/>
  <member type="node" ref="1830111826" role="platform"/>
  <member type="node" ref="1830111829" role="platform"/>
  <member type="node" ref="1830111832" role="platform"/>
  <member type="node" ref="1828033767" role="platform"/>
  <member type="node" ref="1828033920" role="platform"/>
  <member type="node" ref="1828033998" role="platform"/>
  <member type="node" ref="1828034139" role="platform"/>
  <member type="node" ref="291769588" role="stop"/>
  <member type="node" ref="1828231153" role="stop"/>
  <member type="node" ref="1830111919" role="stop"/>
  <member type="node" ref="1828231160" role="stop"/>
  <member type="node" ref="1828231162" role="stop"/>
  <member type="node" ref="1828231166" role="stop"/>
  <member type="node" ref="1828231169" role="stop"/>
  <member type="node" ref="1828231171" role="stop"/>
  <member type="node" ref="1828231172" role="stop"/>
  <member type="node" ref="1828231174" role="stop"/>
  <member type="node" ref="1828231176" role="stop"/>
  <member type="node" ref="1828231178" role="stop"/>
  <member type="node" ref="1828231195" role="stop"/>
  <member type="node" ref="1828231213" role="stop"/>
  <member type="node" ref="1828231218" role="stop"/>
  <member type="node" ref="1828231242" role="stop"/>
  <member type="node" ref="1828231232" role="stop"/>
  <member type="node" ref="1828231220" role="stop"/>
  <member type="node" ref="1828231203" role="stop"/>
  <member type="node" ref="1830111995" role="stop"/>
  <member type="node" ref="1830111980" role="stop"/>
  <member type="node" ref="1828231187" role="stop"/>
  <member type="node" ref="1828231196" role="stop"/>
  <member type="node" ref="1828231200" role="stop"/>
  <member type="node" ref="1828031950" role=""/>
  <member type="node" ref="1828031828" role=""/>
  <member type="node" ref="1828031721" role=""/>
  <member type="node" ref="1828031617" role=""/>
  <member type="node" ref="1828031410" role=""/>
  <member type="node" ref="1828231177" role=""/>
  <member type="node" ref="5110569492" role=""/>
  <member type="node" ref="1828231147" role=""/>
  <member type="node" ref="1828231148" role=""/>
  <tag k="name" v="Route 72: Unidad Deportiva =&gt; C.U. =&gt; Unidad Deportiva"/>
  <tag k="route" v="bus"/>
  <tag k="type" v="route"/>
 </relation>
 <relation id="2310443" visible="true" version="2" changeset="13230007" timestamp="2012-09-24T07:50:02Z" user="werner2101" uid="110263">
  <member type="relation" ref="2297054" role=""/>
  <member type="relation" ref="2285097" role=""/>
  <member type="relation" ref="2285102" role=""/>
  <member type="relation" ref="2287580" role=""/>
  <member type="relation" ref="2285100" role=""/>
  <member type="relation" ref="2285101" role=""/>
  <member type="relation" ref="2285099" role=""/>
  <tag k="name" v="Rutas Puebla"/>
  <tag k="type" v="network"/>
 </relation>
 <relation id="8972363" visible="true" version="1" changeset="64594442" timestamp="2018-11-17T12:00:25Z" user="stadiaarcadia" uid="8570285">
  <member type="way" ref="645601392" role="outer"/>
  <member type="way" ref="645601393" role="inner"/>
  <tag k="area" v="yes"/>
  <tag k="leisure" v="track"/>
  <tag k="sport" v="running"/>
  <tag k="type" v="multipolygon"/>
 </relation>
 <relation id="9433933" visible="true" version="2" changeset="95448517" timestamp="2020-12-07T22:28:37Z" user="birdymaps" uid="9319541">
  <member type="way" ref="679390072" role="from"/>
  <member type="way" ref="882151744" role="via"/>
  <member type="way" ref="679390064" role="to"/>
  <tag k="restriction" v="no_u_turn"/>
  <tag k="type" v="restriction"/>
 </relation>
 <relation id="11973641" visible="true" version="1" changeset="95177321" timestamp="2020-12-02T21:00:08Z" user="(Inactive) hairyhaggis_kaart" uid="10541438">
  <member type="way" ref="880386625" role="from"/>
  <member type="node" ref="1131271831" role="via"/>
  <member type="way" ref="837463857" role="to"/>
  <tag k="restriction" v="no_left_turn"/>
  <tag k="type" v="restriction"/>
 </relation>
 <relation id="11991399" visible="true" version="1" changeset="95446555" timestamp="2020-12-07T21:22:17Z" user="birdymaps" uid="9319541">
  <member type="way" ref="679390064" role="from"/>
  <member type="node" ref="6361809613" role="via"/>
  <member type="way" ref="679390074" role="to"/>
  <tag k="restriction" v="no_left_turn"/>
  <tag k="type" v="restriction"/>
 </relation>
 <relation id="15965619" visible="true" version="12" changeset="167054148" timestamp="2025-06-01T14:49:57Z" user="AnnaCatarina" uid="560578">
  <member type="way" ref="1190879960" role=""/>
  <member type="way" ref="1253457580" role=""/>
  <member type="way" ref="1253457581" role=""/>
  <member type="way" ref="177034675" role=""/>
  <member type="way" ref="872355544" role=""/>
  <member type="way" ref="872355543" role=""/>
  <member type="way" ref="190135010" role=""/>
  <member type="way" ref="190135009" role=""/>
  <member type="way" ref="289562661" role=""/>
  <member type="way" ref="26642487" role=""/>
  <member type="way" ref="177032732" role=""/>
  <member type="way" ref="372148953" role=""/>
  <member type="way" ref="372148952" role=""/>
  <member type="way" ref="40130221" role=""/>
  <member type="way" ref="1180794530" role=""/>
  <member type="way" ref="151271361" role=""/>
  <member type="way" ref="375558535" role=""/>
  <member type="way" ref="375548819" role=""/>
  <member type="way" ref="375548817" role=""/>
  <member type="way" ref="381724578" role=""/>
  <member type="way" ref="381724581" role=""/>
  <member type="way" ref="375387882" role=""/>
  <member type="way" ref="375387884" role=""/>
  <member type="way" ref="375387877" role=""/>
  <member type="way" ref="375387879" role=""/>
  <member type="way" ref="759249469" role=""/>
  <member type="way" ref="759249475" role=""/>
  <member type="way" ref="1206474304" role=""/>
  <member type="way" ref="1206474305" role=""/>
  <member type="way" ref="95420809" role=""/>
  <member type="way" ref="375128023" role=""/>
  <member type="way" ref="375128017" role=""/>
  <member type="way" ref="382746590" role=""/>
  <member type="way" ref="382746591" role=""/>
  <member type="way" ref="375128018" role=""/>
  <member type="way" ref="375128015" role=""/>
  <member type="way" ref="375128020" role=""/>
  <member type="way" ref="375128016" role=""/>
  <member type="way" ref="375127087" role=""/>
  <member type="way" ref="375127083" role=""/>
  <member type="way" ref="375127086" role=""/>
  <member type="way" ref="375127084" role=""/>
  <member type="way" ref="375127088" role=""/>
  <member type="way" ref="375127082" role=""/>
  <member type="way" ref="375125620" role=""/>
  <member type="way" ref="375125621" role=""/>
  <member type="way" ref="383670363" role=""/>
  <member type="way" ref="383670360" role=""/>
  <member type="way" ref="375662214" role=""/>
  <member type="way" ref="375662218" role=""/>
  <member type="way" ref="375123565" role=""/>
  <member type="way" ref="375442972" role=""/>
  <member type="way" ref="375442118" role=""/>
  <member type="way" ref="172270715" role=""/>
  <member type="way" ref="906636870" role=""/>
  <member type="way" ref="375442120" role=""/>
  <member type="way" ref="375440265" role=""/>
  <member type="way" ref="375440280" role=""/>
  <member type="way" ref="375440276" role=""/>
  <member type="way" ref="375440269" role=""/>
  <member type="way" ref="180798316" role=""/>
  <member type="way" ref="180798315" role=""/>
  <member type="way" ref="1206476793" role=""/>
  <member type="way" ref="1206476792" role=""/>
  <member type="way" ref="1190883976" role=""/>
  <member type="way" ref="1391382199" role=""/>
  <member type="way" ref="1391382198" role=""/>
  <tag k="name" v="Línea VB"/>
  <tag k="route" v="railway"/>
  <tag k="source" v="https://geoweb.centrogeo.org.mx/panoramas/sfm"/>
  <tag k="type" v="route"/>
  <tag k="wikidata" v="Q133929167"/>
 </relation>
 <relation id="19417928" visible="true" version="1" changeset="169876203" timestamp="2025-08-02T18:46:23Z" user="Juan MAS" uid="18570611">
  <member type="way" ref="461318516" role="outer"/>
  <member type="way" ref="1419430914" role="inner"/>
  <tag k="building" v="yes"/>
  <tag k="name" v="42"/>
  <tag k="type" v="multipolygon"/>
 </relation>
</osm>
